revenue_stream,year_1,year_2,year_3,year_4,year_5,year_6,year_7,year_8,year_9,year_10,notes
forestry_carbon_accus,0.0,1000.0,1400.0,1800.0,2200.0,2600.0,3000.0,3400.0,3800.0,4000.0,Forestry ACCUs per farm
soil_carbon_accus,0.0,0.0,1500.0,2000.0,2500.0,3000.0,3500.0,4000.0,4500.0,5000.0,Soil ACCUs per farm
biodiversity_credits,0.0,300.0,450.0,600.0,750.0,900.0,1050.0,1200.0,1350.0,1500.0,Biodiversity credits
beef_head_count,0.0,500.0,700.0,900.0,1100.0,1300.0,1500.0,1700.0,1900.0,2000.0,Beef cattle head count
water_credits_ml,0.0,400.0,550.0,700.0,850.0,1000.0,1150.0,1300.0,1450.0,1500.0,Water credits (ML)
land_appreciation_rate,0.06,0.06,0.06,0.06,0.06,0.06,0.06,0.06,0.06,0.06,Annual land appreciation
green_prints_premium,0.0,0.0,0.15,0.16999999999999998,0.19,0.21,0.22999999999999998,0.25,0.27,0.29000000000000004,AI valuation premium
