metric,mean,std,min,p25,median,p75,max
Token Price,9.054261213133554,1.8067687336801794,6.101841502772561,7.343774336294442,9.109521293721423,10.107805100932872,13.17707065574682
NAV,2563380498.265326,162406455.0204007,2290129465.70827,2421209689.2473893,2566730838.9040146,2666877108.5532327,2917848430.665661
Self-Funding Year,6.94,0.46991097723995795,6.0,7.0,7.0,7.0,8.0
