metric,mean,std,min,p25,median,p75,max
Token Price,8.025743312789544,1.5043504500752052,5.2419597796261375,6.814779312402604,7.712656961246875,9.05441226515967,12.41309165089109
NAV,2489943145.620219,141921935.27294707,2180162235.1211257,2385135962.886517,2460596373.912361,2579418026.611393,2925323561.7164583
Self-Funding Year,7.24,0.4739688435398098,6.0,7.0,7.0,8.0,8.0
