metric,mean,std,min,p25,median,p75,max
Token Price,10.59075605581697,2.0358561155334662,7.021157189233178,8.99138305180325,10.23335398961473,11.953359472352076,16.080402693525222
NAV,2695547238.462019,174301664.59346855,2365080182.850153,2562962143.0837817,2668371482.3917522,2801056746.0333385,3177350422.4173613
Self-Funding Year,6.61,0.49020713000019717,6.0,6.0,7.0,7.0,7.0
