year,farms_acquired,capital_raised,new_tokens,funding_source
1,10,140000000.0,140000000.0,initial_raise
2,10,140000000.0,134615384.6153846,equity
3,10,132827286.5,119910619.51303883,mixed
4,10,114424848.2,92890764.03327361,mixed
5,10,84716950.03745,59692126.74541881,mixed
6,10,43202952.623869985,25615103.568878613,mixed
7,10,0.0,0.0,treasury
8,10,0.0,0.0,treasury
9,10,0.0,0.0,treasury
10,10,0.0,0.0,treasury
