farm_id,farm_type,acquisition_year,year,age,gross,gross_forestry,gross_soil,gross_biodiversity,gross_beef,pdf_fee,expert_fee,supplier_costs,admin,operator_paid,operator_overflow,treasury_pretax,tax,net_to_treasury,cum_profit,land_fmv,forestry_profit,soil_profit,biodiversity_profit,beef_profit
F001,low,1,1,1,0.0,0.0,0.0,0.0,0.0,0.0,45000.0,145000.0,0.0,48000.0,0.0,0.0,0.0,0.0,0.0,14560000.0,0.0,0.0,0.0,0.0
F001,low,1,2,2,1773312.5,173812.5,0.0,312000.0,1287500.0,262876.875,45000.0,145000.0,56319.375,48000.0,0.0,551465.0,137866.25,413598.75,413598.75,15142400.0,55620.00000000001,0.0,96719.99999999999,399125.00000000006
F001,low,1,3,3,3828134.3749999995,298378.125,596756.25,811200.0,2121799.9999999995,572075.71875,45000.0,145000.0,116988.46874999999,48000.0,0.0,1201640.5625,300410.140625,901230.421875,1314829.171875,16338649.600000003,95481.00000000001,196929.56249999997,251471.99999999994,657758.0
F001,low,1,4,4,5802699.325,491727.14999999997,1229317.875,1349836.8,2731817.5,869199.7095,45000.0,145000.0,175286.169,48000.0,0.0,1828340.4197500001,457085.10493750003,1371255.3148125,2686084.4866875,17606371.328,157352.68800000002,405674.89874999993,418449.40799999994,846863.4250000002
F001,low,1,5,5,7663709.092500001,633098.7056250001,1899296.116875,1754787.8400000003,3376526.43,1151001.4466437502,45000.0,145000.0,228466.19000625002,48000.0,0.0,2420066.7280687504,605016.6820171876,1815050.0460515628,4501134.532739063,18949368.954880003,202591.58580000006,626767.71856875,543984.2304,1046723.1933000003
F001,low,1,6,6,9638311.151697502,782510.0001525001,2608366.667175,2189975.22432,4057459.2600500006,1449930.5871831751,45000.0,145000.0,284965.420122375,48000.0,0.0,3047868.8903712505,761967.2225928126,2285901.667778438,6787036.200517501,20371636.197785605,250403.2000488001,860761.0001677499,678892.3195391999,1257812.3706155005
F001,low,1,7,7,11030461.668251216,873150.7418368314,3022444.8755890317,2657169.938841601,4477696.111983751,1658221.9996051565,45000.0,145000.0,327261.10068006214,48000.0,0.0,3488623.5220880257,872155.8805220064,2616467.6415660195,9403503.842083521,21186501.64569703,279408.2373877861,997406.8089443804,823722.6810408961,1388085.794714963
F001,low,1,8,8,12307887.880509656,968525.6690220853,3459020.2465074477,2960846.5032806406,4919495.461699481,1851164.919508716,45000.0,145000.0,364254.89898302156,48000.0,0.0,3894310.904578363,973577.7261445908,2920733.178433772,12324237.020517293,22033961.711524915,309928.21408706735,1141476.6813474577,917862.4160169984,1525043.5931268395
F001,low,1,9,9,13339553.241986861,1068837.2561708014,3919069.939292938,3284565.720972657,5067080.325550465,2007278.028481232,45000.0,145000.0,393841.5550764031,48000.0,0.0,4224331.276363494,1056082.8190908735,3168248.4572726204,15492485.477789914,22915320.17998591,342027.9219746565,1293293.0799666694,1018215.3735015235,1570794.9009206444
F001,low,1,10,10,14139552.954408169,1100902.3738559254,4403609.495423702,3415948.3498115637,5219092.73531698,2130809.5546173467,45000.0,145000.0,414309.97717612376,48000.0,0.0,4482342.629513566,1120585.6573783916,3361756.972135175,18854242.449925087,23831932.987185348,352288.7596338962,1453191.1334898213,1058943.9884415846,1617918.747948264
F002,low,1,1,1,0.0,0.0,0.0,0.0,0.0,0.0,45000.0,145000.0,0.0,48000.0,0.0,0.0,0.0,0.0,0.0,14560000.0,0.0,0.0,0.0,0.0
F002,low,1,2,2,1773312.5,173812.5,0.0,312000.0,1287500.0,262876.875,45000.0,145000.0,56319.375,48000.0,0.0,551465.0,137866.25,413598.75,413598.75,15142400.0,55620.00000000001,0.0,96719.99999999999,399125.00000000006
F002,low,1,3,3,3828134.3749999995,298378.125,596756.25,811200.0,2121799.9999999995,572075.71875,45000.0,145000.0,116988.46874999999,48000.0,0.0,1201640.5625,300410.140625,901230.421875,1314829.171875,16338649.600000003,95481.00000000001,196929.56249999997,251471.99999999994,657758.0
F002,low,1,4,4,5802699.325,491727.14999999997,1229317.875,1349836.8,2731817.5,869199.7095,45000.0,145000.0,175286.169,48000.0,0.0,1828340.4197500001,457085.10493750003,1371255.3148125,2686084.4866875,17606371.328,157352.68800000002,405674.89874999993,418449.40799999994,846863.4250000002
F002,low,1,5,5,7663709.092500001,633098.7056250001,1899296.116875,1754787.8400000003,3376526.43,1151001.4466437502,45000.0,145000.0,228466.19000625002,48000.0,0.0,2420066.7280687504,605016.6820171876,1815050.0460515628,4501134.532739063,18949368.954880003,202591.58580000006,626767.71856875,543984.2304,1046723.1933000003
F002,low,1,6,6,9638311.151697502,782510.0001525001,2608366.667175,2189975.22432,4057459.2600500006,1449930.5871831751,45000.0,145000.0,284965.420122375,48000.0,0.0,3047868.8903712505,761967.2225928126,2285901.667778438,6787036.200517501,20371636.197785605,250403.2000488001,860761.0001677499,678892.3195391999,1257812.3706155005
F002,low,1,7,7,11030461.668251216,873150.7418368314,3022444.8755890317,2657169.938841601,4477696.111983751,1658221.9996051565,45000.0,145000.0,327261.10068006214,48000.0,0.0,3488623.5220880257,872155.8805220064,2616467.6415660195,9403503.842083521,21186501.64569703,279408.2373877861,997406.8089443804,823722.6810408961,1388085.794714963
F002,low,1,8,8,12307887.880509656,968525.6690220853,3459020.2465074477,2960846.5032806406,4919495.461699481,1851164.919508716,45000.0,145000.0,364254.89898302156,48000.0,0.0,3894310.904578363,973577.7261445908,2920733.178433772,12324237.020517293,22033961.711524915,309928.21408706735,1141476.6813474577,917862.4160169984,1525043.5931268395
F002,low,1,9,9,13339553.241986861,1068837.2561708014,3919069.939292938,3284565.720972657,5067080.325550465,2007278.028481232,45000.0,145000.0,393841.5550764031,48000.0,0.0,4224331.276363494,1056082.8190908735,3168248.4572726204,15492485.477789914,22915320.17998591,342027.9219746565,1293293.0799666694,1018215.3735015235,1570794.9009206444
F002,low,1,10,10,14139552.954408169,1100902.3738559254,4403609.495423702,3415948.3498115637,5219092.73531698,2130809.5546173467,45000.0,145000.0,414309.97717612376,48000.0,0.0,4482342.629513566,1120585.6573783916,3361756.972135175,18854242.449925087,23831932.987185348,352288.7596338962,1453191.1334898213,1058943.9884415846,1617918.747948264
F003,low,1,1,1,0.0,0.0,0.0,0.0,0.0,0.0,45000.0,145000.0,0.0,48000.0,0.0,0.0,0.0,0.0,0.0,14560000.0,0.0,0.0,0.0,0.0
F003,low,1,2,2,1773312.5,173812.5,0.0,312000.0,1287500.0,262876.875,45000.0,145000.0,56319.375,48000.0,0.0,551465.0,137866.25,413598.75,413598.75,15142400.0,55620.00000000001,0.0,96719.99999999999,399125.00000000006
F003,low,1,3,3,3828134.3749999995,298378.125,596756.25,811200.0,2121799.9999999995,572075.71875,45000.0,145000.0,116988.46874999999,48000.0,0.0,1201640.5625,300410.140625,901230.421875,1314829.171875,16338649.600000003,95481.00000000001,196929.56249999997,251471.99999999994,657758.0
F003,low,1,4,4,5802699.325,491727.14999999997,1229317.875,1349836.8,2731817.5,869199.7095,45000.0,145000.0,175286.169,48000.0,0.0,1828340.4197500001,457085.10493750003,1371255.3148125,2686084.4866875,17606371.328,157352.68800000002,405674.89874999993,418449.40799999994,846863.4250000002
F003,low,1,5,5,7663709.092500001,633098.7056250001,1899296.116875,1754787.8400000003,3376526.43,1151001.4466437502,45000.0,145000.0,228466.19000625002,48000.0,0.0,2420066.7280687504,605016.6820171876,1815050.0460515628,4501134.532739063,18949368.954880003,202591.58580000006,626767.71856875,543984.2304,1046723.1933000003
F003,low,1,6,6,9638311.151697502,782510.0001525001,2608366.667175,2189975.22432,4057459.2600500006,1449930.5871831751,45000.0,145000.0,284965.420122375,48000.0,0.0,3047868.8903712505,761967.2225928126,2285901.667778438,6787036.200517501,20371636.197785605,250403.2000488001,860761.0001677499,678892.3195391999,1257812.3706155005
F003,low,1,7,7,11030461.668251216,873150.7418368314,3022444.8755890317,2657169.938841601,4477696.111983751,1658221.9996051565,45000.0,145000.0,327261.10068006214,48000.0,0.0,3488623.5220880257,872155.8805220064,2616467.6415660195,9403503.842083521,21186501.64569703,279408.2373877861,997406.8089443804,823722.6810408961,1388085.794714963
F003,low,1,8,8,12307887.880509656,968525.6690220853,3459020.2465074477,2960846.5032806406,4919495.461699481,1851164.919508716,45000.0,145000.0,364254.89898302156,48000.0,0.0,3894310.904578363,973577.7261445908,2920733.178433772,12324237.020517293,22033961.711524915,309928.21408706735,1141476.6813474577,917862.4160169984,1525043.5931268395
F003,low,1,9,9,13339553.241986861,1068837.2561708014,3919069.939292938,3284565.720972657,5067080.325550465,2007278.028481232,45000.0,145000.0,393841.5550764031,48000.0,0.0,4224331.276363494,1056082.8190908735,3168248.4572726204,15492485.477789914,22915320.17998591,342027.9219746565,1293293.0799666694,1018215.3735015235,1570794.9009206444
F003,low,1,10,10,14139552.954408169,1100902.3738559254,4403609.495423702,3415948.3498115637,5219092.73531698,2130809.5546173467,45000.0,145000.0,414309.97717612376,48000.0,0.0,4482342.629513566,1120585.6573783916,3361756.972135175,18854242.449925087,23831932.987185348,352288.7596338962,1453191.1334898213,1058943.9884415846,1617918.747948264
F004,low,1,1,1,0.0,0.0,0.0,0.0,0.0,0.0,45000.0,145000.0,0.0,48000.0,0.0,0.0,0.0,0.0,0.0,14560000.0,0.0,0.0,0.0,0.0
F004,low,1,2,2,1773312.5,173812.5,0.0,312000.0,1287500.0,262876.875,45000.0,145000.0,56319.375,48000.0,0.0,551465.0,137866.25,413598.75,413598.75,15142400.0,55620.00000000001,0.0,96719.99999999999,399125.00000000006
F004,low,1,3,3,3828134.3749999995,298378.125,596756.25,811200.0,2121799.9999999995,572075.71875,45000.0,145000.0,116988.46874999999,48000.0,0.0,1201640.5625,300410.140625,901230.421875,1314829.171875,16338649.600000003,95481.00000000001,196929.56249999997,251471.99999999994,657758.0
F004,low,1,4,4,5802699.325,491727.14999999997,1229317.875,1349836.8,2731817.5,869199.7095,45000.0,145000.0,175286.169,48000.0,0.0,1828340.4197500001,457085.10493750003,1371255.3148125,2686084.4866875,17606371.328,157352.68800000002,405674.89874999993,418449.40799999994,846863.4250000002
F004,low,1,5,5,7663709.092500001,633098.7056250001,1899296.116875,1754787.8400000003,3376526.43,1151001.4466437502,45000.0,145000.0,228466.19000625002,48000.0,0.0,2420066.7280687504,605016.6820171876,1815050.0460515628,4501134.532739063,18949368.954880003,202591.58580000006,626767.71856875,543984.2304,1046723.1933000003
F004,low,1,6,6,9638311.151697502,782510.0001525001,2608366.667175,2189975.22432,4057459.2600500006,1449930.5871831751,45000.0,145000.0,284965.420122375,48000.0,0.0,3047868.8903712505,761967.2225928126,2285901.667778438,6787036.200517501,20371636.197785605,250403.2000488001,860761.0001677499,678892.3195391999,1257812.3706155005
F004,low,1,7,7,11030461.668251216,873150.7418368314,3022444.8755890317,2657169.938841601,4477696.111983751,1658221.9996051565,45000.0,145000.0,327261.10068006214,48000.0,0.0,3488623.5220880257,872155.8805220064,2616467.6415660195,9403503.842083521,21186501.64569703,279408.2373877861,997406.8089443804,823722.6810408961,1388085.794714963
F004,low,1,8,8,12307887.880509656,968525.6690220853,3459020.2465074477,2960846.5032806406,4919495.461699481,1851164.919508716,45000.0,145000.0,364254.89898302156,48000.0,0.0,3894310.904578363,973577.7261445908,2920733.178433772,12324237.020517293,22033961.711524915,309928.21408706735,1141476.6813474577,917862.4160169984,1525043.5931268395
F004,low,1,9,9,13339553.241986861,1068837.2561708014,3919069.939292938,3284565.720972657,5067080.325550465,2007278.028481232,45000.0,145000.0,393841.5550764031,48000.0,0.0,4224331.276363494,1056082.8190908735,3168248.4572726204,15492485.477789914,22915320.17998591,342027.9219746565,1293293.0799666694,1018215.3735015235,1570794.9009206444
F004,low,1,10,10,14139552.954408169,1100902.3738559254,4403609.495423702,3415948.3498115637,5219092.73531698,2130809.5546173467,45000.0,145000.0,414309.97717612376,48000.0,0.0,4482342.629513566,1120585.6573783916,3361756.972135175,18854242.449925087,23831932.987185348,352288.7596338962,1453191.1334898213,1058943.9884415846,1617918.747948264
F005,medium,1,1,1,0.0,0.0,0.0,0.0,0.0,0.0,45000.0,145000.0,0.0,48000.0,0.0,0.0,0.0,0.0,0.0,14560000.0,0.0,0.0,0.0,0.0
F005,medium,1,2,2,2502250.0,231750.0,0.0,468000.0,1802500.0,370657.5,45000.0,145000.0,79747.5,48000.0,0.0,778015.0000000001,194503.75000000003,583511.2500000001,583511.2500000001,15142400.0,74160.00000000001,0.0,145079.99999999997,558775.0000000001
F005,medium,1,3,3,5886312.5,477405.0,1193512.5,1297920.0,2917474.9999999995,881902.8,45000.0,145000.0,177633.45,48000.0,0.0,1853401.1749999998,463350.29374999995,1390050.8812499999,1973562.13125,16338649.600000003,152769.60000000003,393859.12499999994,402355.19999999995,904417.25
F005,medium,1,4,4,9045526.175,737590.725,2458635.75,2024755.2,3824544.5000000005,1361167.73175,45000.0,145000.0,267026.97975,48000.0,0.0,2860661.7365,715165.434125,2145496.302375,4119058.433625,17606371.328,236029.03200000004,811349.7974999999,627674.1119999998,1185608.7950000004
F005,medium,1,5,5,12402623.14925,1012957.9290000001,3798592.23375,2807660.5440000007,4783412.4425,1870302.7892850002,45000.0,145000.0,362169.37758,48000.0,0.0,3930914.6002325006,982728.6500581251,2948185.9501743754,7067244.383799376,18949368.954880003,324146.5372800001,1253535.4371375,870374.76864,1482857.8571750002
F005,medium,1,6,6,15286172.227986252,1238974.1669081252,4890687.500953126,3649958.7072000005,5506551.852925001,2305333.122135469,45000.0,145000.0,446177.87890205637,48000.0,0.0,4848916.882363882,1212229.2205909705,3636687.6617729114,10703932.045572288,20371636.197785605,396471.7334106001,1613926.8753145314,1131487.199232,1707031.0744067505
F005,medium,1,7,7,17753661.988642614,1410474.2752748814,5709062.542779283,4365350.613811201,6268774.556777251,2676486.4175860733,45000.0,145000.0,519172.7403695977,48000.0,0.0,5631921.210087545,1407980.3025218863,4223940.907565659,14927872.953137947,21186501.64569703,451351.7680879621,1883990.6391171631,1353258.6902814722,1943320.1126009482
F005,medium,1,8,8,19447255.78414787,1521968.908463277,6226236.443713405,4934744.172134401,6764306.259836786,2930003.2903379705,45000.0,145000.0,570502.7508086461,48000.0,0.0,6168393.711044741,1542098.4277611852,4626295.283283556,19554168.236421503,22033961.711524915,487030.0507082487,2054658.0264254236,1529770.6933616642,2096934.9405494041
F005,medium,1,9,9,20712841.159422763,1638883.7927952285,6769302.622415075,5337419.296580568,6967235.44763189,3121245.0071717594,45000.0,145000.0,607066.4015243378,48000.0,0.0,6572755.64979731,1643188.9124493275,4929566.737347983,24483734.973769486,22915320.17998591,524442.8136944732,2233869.8653969746,1654599.9819399759,2159842.988765886
F005,medium,1,10,10,22041458.308576845,1761443.7981694806,7339349.159039503,5764412.840307014,7176252.511060848,3321968.1094738515,45000.0,145000.0,645494.3860699804,48000.0,0.0,6997253.496821307,1749313.3742053267,5247940.12261598,29731675.096385464,23831932.987185348,563662.0154142339,2421985.2224830356,1786967.980495174,2224638.2784288633
F006,medium,1,1,1,0.0,0.0,0.0,0.0,0.0,0.0,45000.0,145000.0,0.0,48000.0,0.0,0.0,0.0,0.0,0.0,14560000.0,0.0,0.0,0.0,0.0
F006,medium,1,2,2,2502250.0,231750.0,0.0,468000.0,1802500.0,370657.5,45000.0,145000.0,79747.5,48000.0,0.0,778015.0000000001,194503.75000000003,583511.2500000001,583511.2500000001,15142400.0,74160.00000000001,0.0,145079.99999999997,558775.0000000001
F006,medium,1,3,3,5886312.5,477405.0,1193512.5,1297920.0,2917474.9999999995,881902.8,45000.0,145000.0,177633.45,48000.0,0.0,1853401.1749999998,463350.29374999995,1390050.8812499999,1973562.13125,16338649.600000003,152769.60000000003,393859.12499999994,402355.19999999995,904417.25
F006,medium,1,4,4,9045526.175,737590.725,2458635.75,2024755.2,3824544.5000000005,1361167.73175,45000.0,145000.0,267026.97975,48000.0,0.0,2860661.7365,715165.434125,2145496.302375,4119058.433625,17606371.328,236029.03200000004,811349.7974999999,627674.1119999998,1185608.7950000004
F006,medium,1,5,5,12402623.14925,1012957.9290000001,3798592.23375,2807660.5440000007,4783412.4425,1870302.7892850002,45000.0,145000.0,362169.37758,48000.0,0.0,3930914.6002325006,982728.6500581251,2948185.9501743754,7067244.383799376,18949368.954880003,324146.5372800001,1253535.4371375,870374.76864,1482857.8571750002
F006,medium,1,6,6,15286172.227986252,1238974.1669081252,4890687.500953126,3649958.7072000005,5506551.852925001,2305333.122135469,45000.0,145000.0,446177.87890205637,48000.0,0.0,4848916.882363882,1212229.2205909705,3636687.6617729114,10703932.045572288,20371636.197785605,396471.7334106001,1613926.8753145314,1131487.199232,1707031.0744067505
F006,medium,1,7,7,17753661.988642614,1410474.2752748814,5709062.542779283,4365350.613811201,6268774.556777251,2676486.4175860733,45000.0,145000.0,519172.7403695977,48000.0,0.0,5631921.210087545,1407980.3025218863,4223940.907565659,14927872.953137947,21186501.64569703,451351.7680879621,1883990.6391171631,1353258.6902814722,1943320.1126009482
F006,medium,1,8,8,19447255.78414787,1521968.908463277,6226236.443713405,4934744.172134401,6764306.259836786,2930003.2903379705,45000.0,145000.0,570502.7508086461,48000.0,0.0,6168393.711044741,1542098.4277611852,4626295.283283556,19554168.236421503,22033961.711524915,487030.0507082487,2054658.0264254236,1529770.6933616642,2096934.9405494041
F006,medium,1,9,9,20712841.159422763,1638883.7927952285,6769302.622415075,5337419.296580568,6967235.44763189,3121245.0071717594,45000.0,145000.0,607066.4015243378,48000.0,0.0,6572755.64979731,1643188.9124493275,4929566.737347983,24483734.973769486,22915320.17998591,524442.8136944732,2233869.8653969746,1654599.9819399759,2159842.988765886
F006,medium,1,10,10,22041458.308576845,1761443.7981694806,7339349.159039503,5764412.840307014,7176252.511060848,3321968.1094738515,45000.0,145000.0,645494.3860699804,48000.0,0.0,6997253.496821307,1749313.3742053267,5247940.12261598,29731675.096385464,23831932.987185348,563662.0154142339,2421985.2224830356,1786967.980495174,2224638.2784288633
F007,medium,1,1,1,0.0,0.0,0.0,0.0,0.0,0.0,45000.0,145000.0,0.0,48000.0,0.0,0.0,0.0,0.0,0.0,14560000.0,0.0,0.0,0.0,0.0
F007,medium,1,2,2,2502250.0,231750.0,0.0,468000.0,1802500.0,370657.5,45000.0,145000.0,79747.5,48000.0,0.0,778015.0000000001,194503.75000000003,583511.2500000001,583511.2500000001,15142400.0,74160.00000000001,0.0,145079.99999999997,558775.0000000001
F007,medium,1,3,3,5886312.5,477405.0,1193512.5,1297920.0,2917474.9999999995,881902.8,45000.0,145000.0,177633.45,48000.0,0.0,1853401.1749999998,463350.29374999995,1390050.8812499999,1973562.13125,16338649.600000003,152769.60000000003,393859.12499999994,402355.19999999995,904417.25
F007,medium,1,4,4,9045526.175,737590.725,2458635.75,2024755.2,3824544.5000000005,1361167.73175,45000.0,145000.0,267026.97975,48000.0,0.0,2860661.7365,715165.434125,2145496.302375,4119058.433625,17606371.328,236029.03200000004,811349.7974999999,627674.1119999998,1185608.7950000004
F007,medium,1,5,5,12402623.14925,1012957.9290000001,3798592.23375,2807660.5440000007,4783412.4425,1870302.7892850002,45000.0,145000.0,362169.37758,48000.0,0.0,3930914.6002325006,982728.6500581251,2948185.9501743754,7067244.383799376,18949368.954880003,324146.5372800001,1253535.4371375,870374.76864,1482857.8571750002
F007,medium,1,6,6,15286172.227986252,1238974.1669081252,4890687.500953126,3649958.7072000005,5506551.852925001,2305333.122135469,45000.0,145000.0,446177.87890205637,48000.0,0.0,4848916.882363882,1212229.2205909705,3636687.6617729114,10703932.045572288,20371636.197785605,396471.7334106001,1613926.8753145314,1131487.199232,1707031.0744067505
F007,medium,1,7,7,17753661.988642614,1410474.2752748814,5709062.542779283,4365350.613811201,6268774.556777251,2676486.4175860733,45000.0,145000.0,519172.7403695977,48000.0,0.0,5631921.210087545,1407980.3025218863,4223940.907565659,14927872.953137947,21186501.64569703,451351.7680879621,1883990.6391171631,1353258.6902814722,1943320.1126009482
F007,medium,1,8,8,19447255.78414787,1521968.908463277,6226236.443713405,4934744.172134401,6764306.259836786,2930003.2903379705,45000.0,145000.0,570502.7508086461,48000.0,0.0,6168393.711044741,1542098.4277611852,4626295.283283556,19554168.236421503,22033961.711524915,487030.0507082487,2054658.0264254236,1529770.6933616642,2096934.9405494041
F007,medium,1,9,9,20712841.159422763,1638883.7927952285,6769302.622415075,5337419.296580568,6967235.44763189,3121245.0071717594,45000.0,145000.0,607066.4015243378,48000.0,0.0,6572755.64979731,1643188.9124493275,4929566.737347983,24483734.973769486,22915320.17998591,524442.8136944732,2233869.8653969746,1654599.9819399759,2159842.988765886
F007,medium,1,10,10,22041458.308576845,1761443.7981694806,7339349.159039503,5764412.840307014,7176252.511060848,3321968.1094738515,45000.0,145000.0,645494.3860699804,48000.0,0.0,6997253.496821307,1749313.3742053267,5247940.12261598,29731675.096385464,23831932.987185348,563662.0154142339,2421985.2224830356,1786967.980495174,2224638.2784288633
F008,high,1,1,1,0.0,0.0,0.0,0.0,0.0,0.0,45000.0,145000.0,0.0,48000.0,0.0,0.0,0.0,0.0,0.0,14560000.0,0.0,0.0,0.0,0.0
F008,high,1,2,2,3702625.0,347625.0,0.0,780000.0,2575000.0,547593.75,45000.0,145000.0,118878.75,48000.0,0.0,1151290.0,287822.5,863467.5,863467.5,15142400.0,111240.00000000001,0.0,241799.99999999994,798250.0000000001
F008,high,1,3,3,8696856.25,716107.5,1790268.75,1946880.0,4243599.999999999,1302962.3249999997,45000.0,145000.0,262471.79999999993,48000.0,0.0,2738991.8874999997,684747.9718749999,2054243.915625,2917711.415625,16338649.600000003,229154.40000000005,590788.6874999999,603532.7999999999,1315516.0
F008,high,1,4,4,13841471.0125,1106386.0875,3687953.6249999995,3037132.7999999984,6009998.500000001,2082728.860125,45000.0,145000.0,408735.9221249999,48000.0,0.0,4375678.947249999,1093919.7368124998,3281759.2104374995,6199470.626062499,17606371.328,354043.54800000007,1217024.6962499998,941511.1679999994,1863099.5350000006
F008,high,1,5,5,18744623.325125,1519436.8935000002,5697888.350625001,4211490.816000001,7315807.265000001,2826557.474115,45000.0,145000.0,547474.7244075001,48000.0,0.0,5939985.36673625,1484996.3416840625,4454989.025052188,10654459.651114687,18949368.954880003,486219.8059200002,1880303.15570625,1305562.1529599999,2267900.2521500005
F008,high,1,6,6,23168358.619803753,1825856.6670225002,7173008.334731251,5474938.060800001,8694555.55725,3492234.4957098756,45000.0,145000.0,678070.0558548002,48000.0,0.0,7343909.9055040125,1835977.4763760031,5507932.42912801,16162392.080242697,20371636.197785605,584274.1334472002,2367092.7504613125,1697230.798848,2695312.2227475005
F008,high,1,7,7,26483354.268603582,2082128.6920724441,8395680.209969534,6453126.9943296015,9552418.372232001,3991928.6724469364,45000.0,145000.0,775075.0959017081,48000.0,0.0,8398574.714387225,2099643.6785968062,6298931.035790419,22461323.116033114,21186501.64569703,666281.1814631822,2770574.469289946,2000469.368242176,2961249.695391921
F008,high,1,8,8,29072188.792779118,2282953.3626949154,9339354.665570108,7303421.374758914,10146459.38975518,4381187.651824979,45000.0,145000.0,851806.3308752616,48000.0,0.0,9221995.152699878,2305498.7881749696,6916496.364524908,29377819.480558023,22033961.711524915,730545.0760623731,3081987.039638135,2264060.626175263,3145402.4108241065
F008,high,1,9,9,31805007.068276,2493953.5977318697,10332093.476317747,8211414.302431644,10767545.691794738,4791957.8519802615,45000.0,145000.0,932943.4203094188,48000.0,0.0,10091133.596669232,2522783.399167308,7568350.197501924,36946169.67805995,22915320.17998591,798065.1512741984,3409590.847184856,2545538.433753809,3337939.1644563694
F008,high,1,10,10,33708625.916617416,2642165.697254221,11009023.738559254,8966864.418255355,11090572.062548583,5076715.480695652,45000.0,145000.0,990837.1842954834,48000.0,0.0,10696276.165895125,2674069.041473781,8022207.124421343,44968376.80248129,23831932.987185348,845493.0231213509,3632977.833724553,2779727.9696591594,3438077.3393900613
F009,high,1,1,1,0.0,0.0,0.0,0.0,0.0,0.0,45000.0,145000.0,0.0,48000.0,0.0,0.0,0.0,0.0,0.0,14560000.0,0.0,0.0,0.0,0.0
F009,high,1,2,2,3702625.0,347625.0,0.0,780000.0,2575000.0,547593.75,45000.0,145000.0,118878.75,48000.0,0.0,1151290.0,287822.5,863467.5,863467.5,15142400.0,111240.00000000001,0.0,241799.99999999994,798250.0000000001
F009,high,1,3,3,8696856.25,716107.5,1790268.75,1946880.0,4243599.999999999,1302962.3249999997,45000.0,145000.0,262471.79999999993,48000.0,0.0,2738991.8874999997,684747.9718749999,2054243.915625,2917711.415625,16338649.600000003,229154.40000000005,590788.6874999999,603532.7999999999,1315516.0
F009,high,1,4,4,13841471.0125,1106386.0875,3687953.6249999995,3037132.7999999984,6009998.500000001,2082728.860125,45000.0,145000.0,408735.9221249999,48000.0,0.0,4375678.947249999,1093919.7368124998,3281759.2104374995,6199470.626062499,17606371.328,354043.54800000007,1217024.6962499998,941511.1679999994,1863099.5350000006
F009,high,1,5,5,18744623.325125,1519436.8935000002,5697888.350625001,4211490.816000001,7315807.265000001,2826557.474115,45000.0,145000.0,547474.7244075001,48000.0,0.0,5939985.36673625,1484996.3416840625,4454989.025052188,10654459.651114687,18949368.954880003,486219.8059200002,1880303.15570625,1305562.1529599999,2267900.2521500005
F009,high,1,6,6,23168358.619803753,1825856.6670225002,7173008.334731251,5474938.060800001,8694555.55725,3492234.4957098756,45000.0,145000.0,678070.0558548002,48000.0,0.0,7343909.9055040125,1835977.4763760031,5507932.42912801,16162392.080242697,20371636.197785605,584274.1334472002,2367092.7504613125,1697230.798848,2695312.2227475005
F009,high,1,7,7,26483354.268603582,2082128.6920724441,8395680.209969534,6453126.9943296015,9552418.372232001,3991928.6724469364,45000.0,145000.0,775075.0959017081,48000.0,0.0,8398574.714387225,2099643.6785968062,6298931.035790419,22461323.116033114,21186501.64569703,666281.1814631822,2770574.469289946,2000469.368242176,2961249.695391921
F009,high,1,8,8,29072188.792779118,2282953.3626949154,9339354.665570108,7303421.374758914,10146459.38975518,4381187.651824979,45000.0,145000.0,851806.3308752616,48000.0,0.0,9221995.152699878,2305498.7881749696,6916496.364524908,29377819.480558023,22033961.711524915,730545.0760623731,3081987.039638135,2264060.626175263,3145402.4108241065
F009,high,1,9,9,31805007.068276,2493953.5977318697,10332093.476317747,8211414.302431644,10767545.691794738,4791957.8519802615,45000.0,145000.0,932943.4203094188,48000.0,0.0,10091133.596669232,2522783.399167308,7568350.197501924,36946169.67805995,22915320.17998591,798065.1512741984,3409590.847184856,2545538.433753809,3337939.1644563694
F009,high,1,10,10,33708625.916617416,2642165.697254221,11009023.738559254,8966864.418255355,11090572.062548583,5076715.480695652,45000.0,145000.0,990837.1842954834,48000.0,0.0,10696276.165895125,2674069.041473781,8022207.124421343,44968376.80248129,23831932.987185348,845493.0231213509,3632977.833724553,2779727.9696591594,3438077.3393900613
F010,high,1,1,1,0.0,0.0,0.0,0.0,0.0,0.0,45000.0,145000.0,0.0,48000.0,0.0,0.0,0.0,0.0,0.0,14560000.0,0.0,0.0,0.0,0.0
F010,high,1,2,2,3702625.0,347625.0,0.0,780000.0,2575000.0,547593.75,45000.0,145000.0,118878.75,48000.0,0.0,1151290.0,287822.5,863467.5,863467.5,15142400.0,111240.00000000001,0.0,241799.99999999994,798250.0000000001
F010,high,1,3,3,8696856.25,716107.5,1790268.75,1946880.0,4243599.999999999,1302962.3249999997,45000.0,145000.0,262471.79999999993,48000.0,0.0,2738991.8874999997,684747.9718749999,2054243.915625,2917711.415625,16338649.600000003,229154.40000000005,590788.6874999999,603532.7999999999,1315516.0
F010,high,1,4,4,13841471.0125,1106386.0875,3687953.6249999995,3037132.7999999984,6009998.500000001,2082728.860125,45000.0,145000.0,408735.9221249999,48000.0,0.0,4375678.947249999,1093919.7368124998,3281759.2104374995,6199470.626062499,17606371.328,354043.54800000007,1217024.6962499998,941511.1679999994,1863099.5350000006
F010,high,1,5,5,18744623.325125,1519436.8935000002,5697888.350625001,4211490.816000001,7315807.265000001,2826557.474115,45000.0,145000.0,547474.7244075001,48000.0,0.0,5939985.36673625,1484996.3416840625,4454989.025052188,10654459.651114687,18949368.954880003,486219.8059200002,1880303.15570625,1305562.1529599999,2267900.2521500005
F010,high,1,6,6,23168358.619803753,1825856.6670225002,7173008.334731251,5474938.060800001,8694555.55725,3492234.4957098756,45000.0,145000.0,678070.0558548002,48000.0,0.0,7343909.9055040125,1835977.4763760031,5507932.42912801,16162392.080242697,20371636.197785605,584274.1334472002,2367092.7504613125,1697230.798848,2695312.2227475005
F010,high,1,7,7,26483354.268603582,2082128.6920724441,8395680.209969534,6453126.9943296015,9552418.372232001,3991928.6724469364,45000.0,145000.0,775075.0959017081,48000.0,0.0,8398574.714387225,2099643.6785968062,6298931.035790419,22461323.116033114,21186501.64569703,666281.1814631822,2770574.469289946,2000469.368242176,2961249.695391921
F010,high,1,8,8,29072188.792779118,2282953.3626949154,9339354.665570108,7303421.374758914,10146459.38975518,4381187.651824979,45000.0,145000.0,851806.3308752616,48000.0,0.0,9221995.152699878,2305498.7881749696,6916496.364524908,29377819.480558023,22033961.711524915,730545.0760623731,3081987.039638135,2264060.626175263,3145402.4108241065
F010,high,1,9,9,31805007.068276,2493953.5977318697,10332093.476317747,8211414.302431644,10767545.691794738,4791957.8519802615,45000.0,145000.0,932943.4203094188,48000.0,0.0,10091133.596669232,2522783.399167308,7568350.197501924,36946169.67805995,22915320.17998591,798065.1512741984,3409590.847184856,2545538.433753809,3337939.1644563694
F010,high,1,10,10,33708625.916617416,2642165.697254221,11009023.738559254,8966864.418255355,11090572.062548583,5076715.480695652,45000.0,145000.0,990837.1842954834,48000.0,0.0,10696276.165895125,2674069.041473781,8022207.124421343,44968376.80248129,23831932.987185348,845493.0231213509,3632977.833724553,2779727.9696591594,3438077.3393900613
F011,low,2,2,1,0.0,0.0,0.0,0.0,0.0,0.0,45000.0,145000.0,0.0,48000.0,0.0,0.0,0.0,0.0,0.0,14560000.0,0.0,0.0,0.0,0.0
F011,low,2,3,2,1829631.8749999998,179026.875,0.0,324480.0,1326124.9999999998,271199.98124999995,45000.0,145000.0,58133.75624999999,48000.0,0.0,568976.15,142244.0375,426732.11250000005,426732.11250000005,15142400.0,57288.60000000001,0.0,100588.79999999999,411098.75
F011,low,2,4,3,3951090.40625,307329.46875,614658.9375,843648.0,2185454.0,590373.6703125,45000.0,145000.0,120822.6028125,48000.0,0.0,1240204.4993750001,310051.12484375003,930153.3745312501,1356885.4870312503,16338649.600000003,98345.43000000002,202837.44937499997,261530.87999999995,677490.7400000001
F011,low,2,5,4,5990278.67275,506478.96450000006,1266197.4112500001,1403830.2720000003,2813772.025,897165.4723050001,45000.0,145000.0,181084.68879000001,48000.0,0.0,1887375.1264225002,471843.78160562506,1415531.3448168752,2772416.8318481254,17606371.328,162073.26864000005,417845.1457125,435187.38432,872269.3277500002
F011,low,2,6,5,7911168.243675001,652091.66679375,1956275.0003812502,1824979.3536000003,3477822.2229000004,1187988.1930190627,45000.0,145000.0,236022.09084243752,48000.0,0.0,2498108.572214813,624527.1430537032,1873581.4291611097,4645998.261009235,18949368.954880003,208669.33337400004,645570.7501258125,565743.599616,1078124.8890990003
F011,low,2,7,6,9949360.238491628,805985.3001570752,2686617.6671902505,2277574.233292801,4179183.0378515003,1496494.4701127186,45000.0,145000.0,294390.3728157743,48000.0,0.0,3146093.88027778,786523.470069445,2359570.410208335,7005568.67121757,20371636.197785605,257915.2960502641,886583.8301727825,706048.0123207681,1295546.7417339652
F011,low,2,8,7,11387947.217687167,899345.2640919364,3113118.2218567026,2763456.7363952645,4612026.995343263,1711688.6975076895,45000.0,145000.0,338141.80167600064,48000.0,0.0,3601519.454561075,900379.8636402688,2701139.5909208064,9706708.262138376,21186501.64569703,287790.4845094197,1027329.0132127118,856671.5882825318,1429728.368556412
F011,low,2,9,8,12706732.98195775,997581.4390927479,3562790.853902671,3079280.363411866,5067080.325550465,1910845.0521985707,45000.0,145000.0,376366.88455382443,48000.0,0.0,4020318.8558758833,1005079.7139689708,3015239.1419069124,12721947.404045288,22033961.711524915,319226.0605096794,1175720.9817878813,954576.9126576784,1570794.9009206444
F011,low,2,10,9,13772585.496456195,1100902.3738559254,4036642.0374717265,3415948.3498115637,5219092.73531698,2072094.7613450307,45000.0,145000.0,406970.6280170842,48000.0,0.0,4361243.368389415,1090310.8420973537,3270932.526292061,15992879.930337349,22915320.17998591,352288.7596338962,1332091.8723656696,1058943.9884415846,1617918.747948264
F012,low,2,2,1,0.0,0.0,0.0,0.0,0.0,0.0,45000.0,145000.0,0.0,48000.0,0.0,0.0,0.0,0.0,0.0,14560000.0,0.0,0.0,0.0,0.0
F012,low,2,3,2,1829631.8749999998,179026.875,0.0,324480.0,1326124.9999999998,271199.98124999995,45000.0,145000.0,58133.75624999999,48000.0,0.0,568976.15,142244.0375,426732.11250000005,426732.11250000005,15142400.0,57288.60000000001,0.0,100588.79999999999,411098.75
F012,low,2,4,3,3951090.40625,307329.46875,614658.9375,843648.0,2185454.0,590373.6703125,45000.0,145000.0,120822.6028125,48000.0,0.0,1240204.4993750001,310051.12484375003,930153.3745312501,1356885.4870312503,16338649.600000003,98345.43000000002,202837.44937499997,261530.87999999995,677490.7400000001
F012,low,2,5,4,5990278.67275,506478.96450000006,1266197.4112500001,1403830.2720000003,2813772.025,897165.4723050001,45000.0,145000.0,181084.68879000001,48000.0,0.0,1887375.1264225002,471843.78160562506,1415531.3448168752,2772416.8318481254,17606371.328,162073.26864000005,417845.1457125,435187.38432,872269.3277500002
F012,low,2,6,5,7911168.243675001,652091.66679375,1956275.0003812502,1824979.3536000003,3477822.2229000004,1187988.1930190627,45000.0,145000.0,236022.09084243752,48000.0,0.0,2498108.572214813,624527.1430537032,1873581.4291611097,4645998.261009235,18949368.954880003,208669.33337400004,645570.7501258125,565743.599616,1078124.8890990003
F012,low,2,7,6,9949360.238491628,805985.3001570752,2686617.6671902505,2277574.233292801,4179183.0378515003,1496494.4701127186,45000.0,145000.0,294390.3728157743,48000.0,0.0,3146093.88027778,786523.470069445,2359570.410208335,7005568.67121757,20371636.197785605,257915.2960502641,886583.8301727825,706048.0123207681,1295546.7417339652
F012,low,2,8,7,11387947.217687167,899345.2640919364,3113118.2218567026,2763456.7363952645,4612026.995343263,1711688.6975076895,45000.0,145000.0,338141.80167600064,48000.0,0.0,3601519.454561075,900379.8636402688,2701139.5909208064,9706708.262138376,21186501.64569703,287790.4845094197,1027329.0132127118,856671.5882825318,1429728.368556412
F012,low,2,9,8,12706732.98195775,997581.4390927479,3562790.853902671,3079280.363411866,5067080.325550465,1910845.0521985707,45000.0,145000.0,376366.88455382443,48000.0,0.0,4020318.8558758833,1005079.7139689708,3015239.1419069124,12721947.404045288,22033961.711524915,319226.0605096794,1175720.9817878813,954576.9126576784,1570794.9009206444
F012,low,2,10,9,13772585.496456195,1100902.3738559254,4036642.0374717265,3415948.3498115637,5219092.73531698,2072094.7613450307,45000.0,145000.0,406970.6280170842,48000.0,0.0,4361243.368389415,1090310.8420973537,3270932.526292061,15992879.930337349,22915320.17998591,352288.7596338962,1332091.8723656696,1058943.9884415846,1617918.747948264
F013,low,2,2,1,0.0,0.0,0.0,0.0,0.0,0.0,45000.0,145000.0,0.0,48000.0,0.0,0.0,0.0,0.0,0.0,14560000.0,0.0,0.0,0.0,0.0
F013,low,2,3,2,1829631.8749999998,179026.875,0.0,324480.0,1326124.9999999998,271199.98124999995,45000.0,145000.0,58133.75624999999,48000.0,0.0,568976.15,142244.0375,426732.11250000005,426732.11250000005,15142400.0,57288.60000000001,0.0,100588.79999999999,411098.75
F013,low,2,4,3,3951090.40625,307329.46875,614658.9375,843648.0,2185454.0,590373.6703125,45000.0,145000.0,120822.6028125,48000.0,0.0,1240204.4993750001,310051.12484375003,930153.3745312501,1356885.4870312503,16338649.600000003,98345.43000000002,202837.44937499997,261530.87999999995,677490.7400000001
F013,low,2,5,4,5990278.67275,506478.96450000006,1266197.4112500001,1403830.2720000003,2813772.025,897165.4723050001,45000.0,145000.0,181084.68879000001,48000.0,0.0,1887375.1264225002,471843.78160562506,1415531.3448168752,2772416.8318481254,17606371.328,162073.26864000005,417845.1457125,435187.38432,872269.3277500002
F013,low,2,6,5,7911168.243675001,652091.66679375,1956275.0003812502,1824979.3536000003,3477822.2229000004,1187988.1930190627,45000.0,145000.0,236022.09084243752,48000.0,0.0,2498108.572214813,624527.1430537032,1873581.4291611097,4645998.261009235,18949368.954880003,208669.33337400004,645570.7501258125,565743.599616,1078124.8890990003
F013,low,2,7,6,9949360.238491628,805985.3001570752,2686617.6671902505,2277574.233292801,4179183.0378515003,1496494.4701127186,45000.0,145000.0,294390.3728157743,48000.0,0.0,3146093.88027778,786523.470069445,2359570.410208335,7005568.67121757,20371636.197785605,257915.2960502641,886583.8301727825,706048.0123207681,1295546.7417339652
F013,low,2,8,7,11387947.217687167,899345.2640919364,3113118.2218567026,2763456.7363952645,4612026.995343263,1711688.6975076895,45000.0,145000.0,338141.80167600064,48000.0,0.0,3601519.454561075,900379.8636402688,2701139.5909208064,9706708.262138376,21186501.64569703,287790.4845094197,1027329.0132127118,856671.5882825318,1429728.368556412
F013,low,2,9,8,12706732.98195775,997581.4390927479,3562790.853902671,3079280.363411866,5067080.325550465,1910845.0521985707,45000.0,145000.0,376366.88455382443,48000.0,0.0,4020318.8558758833,1005079.7139689708,3015239.1419069124,12721947.404045288,22033961.711524915,319226.0605096794,1175720.9817878813,954576.9126576784,1570794.9009206444
F013,low,2,10,9,13772585.496456195,1100902.3738559254,4036642.0374717265,3415948.3498115637,5219092.73531698,2072094.7613450307,45000.0,145000.0,406970.6280170842,48000.0,0.0,4361243.368389415,1090310.8420973537,3270932.526292061,15992879.930337349,22915320.17998591,352288.7596338962,1332091.8723656696,1058943.9884415846,1617918.747948264
F014,low,2,2,1,0.0,0.0,0.0,0.0,0.0,0.0,45000.0,145000.0,0.0,48000.0,0.0,0.0,0.0,0.0,0.0,14560000.0,0.0,0.0,0.0,0.0
F014,low,2,3,2,1829631.8749999998,179026.875,0.0,324480.0,1326124.9999999998,271199.98124999995,45000.0,145000.0,58133.75624999999,48000.0,0.0,568976.15,142244.0375,426732.11250000005,426732.11250000005,15142400.0,57288.60000000001,0.0,100588.79999999999,411098.75
F014,low,2,4,3,3951090.40625,307329.46875,614658.9375,843648.0,2185454.0,590373.6703125,45000.0,145000.0,120822.6028125,48000.0,0.0,1240204.4993750001,310051.12484375003,930153.3745312501,1356885.4870312503,16338649.600000003,98345.43000000002,202837.44937499997,261530.87999999995,677490.7400000001
F014,low,2,5,4,5990278.67275,506478.96450000006,1266197.4112500001,1403830.2720000003,2813772.025,897165.4723050001,45000.0,145000.0,181084.68879000001,48000.0,0.0,1887375.1264225002,471843.78160562506,1415531.3448168752,2772416.8318481254,17606371.328,162073.26864000005,417845.1457125,435187.38432,872269.3277500002
F014,low,2,6,5,7911168.243675001,652091.66679375,1956275.0003812502,1824979.3536000003,3477822.2229000004,1187988.1930190627,45000.0,145000.0,236022.09084243752,48000.0,0.0,2498108.572214813,624527.1430537032,1873581.4291611097,4645998.261009235,18949368.954880003,208669.33337400004,645570.7501258125,565743.599616,1078124.8890990003
F014,low,2,7,6,9949360.238491628,805985.3001570752,2686617.6671902505,2277574.233292801,4179183.0378515003,1496494.4701127186,45000.0,145000.0,294390.3728157743,48000.0,0.0,3146093.88027778,786523.470069445,2359570.410208335,7005568.67121757,20371636.197785605,257915.2960502641,886583.8301727825,706048.0123207681,1295546.7417339652
F014,low,2,8,7,11387947.217687167,899345.2640919364,3113118.2218567026,2763456.7363952645,4612026.995343263,1711688.6975076895,45000.0,145000.0,338141.80167600064,48000.0,0.0,3601519.454561075,900379.8636402688,2701139.5909208064,9706708.262138376,21186501.64569703,287790.4845094197,1027329.0132127118,856671.5882825318,1429728.368556412
F014,low,2,9,8,12706732.98195775,997581.4390927479,3562790.853902671,3079280.363411866,5067080.325550465,1910845.0521985707,45000.0,145000.0,376366.88455382443,48000.0,0.0,4020318.8558758833,1005079.7139689708,3015239.1419069124,12721947.404045288,22033961.711524915,319226.0605096794,1175720.9817878813,954576.9126576784,1570794.9009206444
F014,low,2,10,9,13772585.496456195,1100902.3738559254,4036642.0374717265,3415948.3498115637,5219092.73531698,2072094.7613450307,45000.0,145000.0,406970.6280170842,48000.0,0.0,4361243.368389415,1090310.8420973537,3270932.526292061,15992879.930337349,22915320.17998591,352288.7596338962,1332091.8723656696,1058943.9884415846,1617918.747948264
F015,medium,2,2,1,0.0,0.0,0.0,0.0,0.0,0.0,45000.0,145000.0,0.0,48000.0,0.0,0.0,0.0,0.0,0.0,14560000.0,0.0,0.0,0.0,0.0
F015,medium,2,3,2,2581997.5,238702.5,0.0,486720.0,1856574.9999999998,382432.42499999993,45000.0,145000.0,82327.125,48000.0,0.0,802806.25,200701.5625,602104.6875,602104.6875,15142400.0,76384.80000000002,0.0,150883.19999999998,575538.25
F015,medium,2,4,3,6075881.075000001,491727.14999999997,1229317.875,1349836.8,3004999.2500000005,910176.9720000001,45000.0,145000.0,183481.6215,48000.0,0.0,1913026.7622500001,478256.69056250004,1434770.0716875,2036874.7591875,16338649.600000003,157352.68800000002,405674.89874999993,418449.40799999994,931549.7675000003
F015,medium,2,5,4,9337139.51225,759718.4467500001,2532394.8225000002,2105745.4080000003,3939280.835,1404837.4209825,45000.0,145000.0,275847.69122250006,48000.0,0.0,2952758.329715,738189.58242875,2214568.74728625,4251443.50647375,17606371.328,243109.9029600001,835690.291425,652781.0764799999,1221177.0588500001
F015,medium,2,6,5,12802778.449167501,1043346.6668700001,3912550.0007625003,2919966.9657600005,4926914.8157750005,1930342.5977251502,45000.0,145000.0,374157.52312500007,48000.0,0.0,4057545.7859258754,1014386.4464814689,3043159.3394444063,7294602.845918156,18949368.954880003,333870.9333984001,1291141.500251625,905189.7593856,1527343.5928902505
F015,medium,2,7,6,15781256.98189784,1276143.391915369,5037408.125981719,3795957.055488001,5671748.408512751,2379603.057989613,45000.0,145000.0,461023.198751998,48000.0,0.0,5005699.2608271185,1251424.8152067796,3754274.445620339,11048877.291538496,20371636.197785605,408365.8854129182,1662344.6815739672,1176746.6872012801,1758242.006638953
F015,medium,2,8,7,18329925.354440007,1452788.503533128,5880334.419062661,4539964.638363649,6456837.793480569,2762892.5009729913,45000.0,145000.0,536494.0628262102,48000.0,0.0,5814411.433292987,1453602.8583232467,4360808.574969741,15409685.866508236,21186501.64569703,464892.32113060105,1940510.358290678,1407389.037892731,2001619.7159789766
F015,medium,2,9,8,20080020.899393648,1567627.9757171753,6413023.537024808,5132133.939019777,6967235.44763189,3024812.0308890976,45000.0,145000.0,589591.7310017592,48000.0,0.0,6368743.2293096995,1592185.8073274249,4776557.421982274,20186243.28849051,22033961.711524915,501640.9522294962,2116297.7672181865,1590961.5210961306,2159842.988765886
F015,medium,2,10,9,21387600.587171253,1688050.3065790855,6972381.701087528,5550916.068443791,7176252.511060848,3222354.7444021255,45000.0,145000.0,627413.3612887003,48000.0,0.0,6786484.31911063,1696621.0797776575,5089863.239332972,25276106.527823485,22915320.17998591,540176.0981053074,2300885.961358884,1720783.9812175748,2224638.2784288633
F016,medium,2,2,1,0.0,0.0,0.0,0.0,0.0,0.0,45000.0,145000.0,0.0,48000.0,0.0,0.0,0.0,0.0,0.0,14560000.0,0.0,0.0,0.0,0.0
F016,medium,2,3,2,2581997.5,238702.5,0.0,486720.0,1856574.9999999998,382432.42499999993,45000.0,145000.0,82327.125,48000.0,0.0,802806.25,200701.5625,602104.6875,602104.6875,15142400.0,76384.80000000002,0.0,150883.19999999998,575538.25
F016,medium,2,4,3,6075881.075000001,491727.14999999997,1229317.875,1349836.8,3004999.2500000005,910176.9720000001,45000.0,145000.0,183481.6215,48000.0,0.0,1913026.7622500001,478256.69056250004,1434770.0716875,2036874.7591875,16338649.600000003,157352.68800000002,405674.89874999993,418449.40799999994,931549.7675000003
F016,medium,2,5,4,9337139.51225,759718.4467500001,2532394.8225000002,2105745.4080000003,3939280.835,1404837.4209825,45000.0,145000.0,275847.69122250006,48000.0,0.0,2952758.329715,738189.58242875,2214568.74728625,4251443.50647375,17606371.328,243109.9029600001,835690.291425,652781.0764799999,1221177.0588500001
F016,medium,2,6,5,12802778.449167501,1043346.6668700001,3912550.0007625003,2919966.9657600005,4926914.8157750005,1930342.5977251502,45000.0,145000.0,374157.52312500007,48000.0,0.0,4057545.7859258754,1014386.4464814689,3043159.3394444063,7294602.845918156,18949368.954880003,333870.9333984001,1291141.500251625,905189.7593856,1527343.5928902505
F016,medium,2,7,6,15781256.98189784,1276143.391915369,5037408.125981719,3795957.055488001,5671748.408512751,2379603.057989613,45000.0,145000.0,461023.198751998,48000.0,0.0,5005699.2608271185,1251424.8152067796,3754274.445620339,11048877.291538496,20371636.197785605,408365.8854129182,1662344.6815739672,1176746.6872012801,1758242.006638953
F016,medium,2,8,7,18329925.354440007,1452788.503533128,5880334.419062661,4539964.638363649,6456837.793480569,2762892.5009729913,45000.0,145000.0,536494.0628262102,48000.0,0.0,5814411.433292987,1453602.8583232467,4360808.574969741,15409685.866508236,21186501.64569703,464892.32113060105,1940510.358290678,1407389.037892731,2001619.7159789766
F016,medium,2,9,8,20080020.899393648,1567627.9757171753,6413023.537024808,5132133.939019777,6967235.44763189,3024812.0308890976,45000.0,145000.0,589591.7310017592,48000.0,0.0,6368743.2293096995,1592185.8073274249,4776557.421982274,20186243.28849051,22033961.711524915,501640.9522294962,2116297.7672181865,1590961.5210961306,2159842.988765886
F016,medium,2,10,9,21387600.587171253,1688050.3065790855,6972381.701087528,5550916.068443791,7176252.511060848,3222354.7444021255,45000.0,145000.0,627413.3612887003,48000.0,0.0,6786484.31911063,1696621.0797776575,5089863.239332972,25276106.527823485,22915320.17998591,540176.0981053074,2300885.961358884,1720783.9812175748,2224638.2784288633
F017,medium,2,2,1,0.0,0.0,0.0,0.0,0.0,0.0,45000.0,145000.0,0.0,48000.0,0.0,0.0,0.0,0.0,0.0,14560000.0,0.0,0.0,0.0,0.0
F017,medium,2,3,2,2581997.5,238702.5,0.0,486720.0,1856574.9999999998,382432.42499999993,45000.0,145000.0,82327.125,48000.0,0.0,802806.25,200701.5625,602104.6875,602104.6875,15142400.0,76384.80000000002,0.0,150883.19999999998,575538.25
F017,medium,2,4,3,6075881.075000001,491727.14999999997,1229317.875,1349836.8,3004999.2500000005,910176.9720000001,45000.0,145000.0,183481.6215,48000.0,0.0,1913026.7622500001,478256.69056250004,1434770.0716875,2036874.7591875,16338649.600000003,157352.68800000002,405674.89874999993,418449.40799999994,931549.7675000003
F017,medium,2,5,4,9337139.51225,759718.4467500001,2532394.8225000002,2105745.4080000003,3939280.835,1404837.4209825,45000.0,145000.0,275847.69122250006,48000.0,0.0,2952758.329715,738189.58242875,2214568.74728625,4251443.50647375,17606371.328,243109.9029600001,835690.291425,652781.0764799999,1221177.0588500001
F017,medium,2,6,5,12802778.449167501,1043346.6668700001,3912550.0007625003,2919966.9657600005,4926914.8157750005,1930342.5977251502,45000.0,145000.0,374157.52312500007,48000.0,0.0,4057545.7859258754,1014386.4464814689,3043159.3394444063,7294602.845918156,18949368.954880003,333870.9333984001,1291141.500251625,905189.7593856,1527343.5928902505
F017,medium,2,7,6,15781256.98189784,1276143.391915369,5037408.125981719,3795957.055488001,5671748.408512751,2379603.057989613,45000.0,145000.0,461023.198751998,48000.0,0.0,5005699.2608271185,1251424.8152067796,3754274.445620339,11048877.291538496,20371636.197785605,408365.8854129182,1662344.6815739672,1176746.6872012801,1758242.006638953
F017,medium,2,8,7,18329925.354440007,1452788.503533128,5880334.419062661,4539964.638363649,6456837.793480569,2762892.5009729913,45000.0,145000.0,536494.0628262102,48000.0,0.0,5814411.433292987,1453602.8583232467,4360808.574969741,15409685.866508236,21186501.64569703,464892.32113060105,1940510.358290678,1407389.037892731,2001619.7159789766
F017,medium,2,9,8,20080020.899393648,1567627.9757171753,6413023.537024808,5132133.939019777,6967235.44763189,3024812.0308890976,45000.0,145000.0,589591.7310017592,48000.0,0.0,6368743.2293096995,1592185.8073274249,4776557.421982274,20186243.28849051,22033961.711524915,501640.9522294962,2116297.7672181865,1590961.5210961306,2159842.988765886
F017,medium,2,10,9,21387600.587171253,1688050.3065790855,6972381.701087528,5550916.068443791,7176252.511060848,3222354.7444021255,45000.0,145000.0,627413.3612887003,48000.0,0.0,6786484.31911063,1696621.0797776575,5089863.239332972,25276106.527823485,22915320.17998591,540176.0981053074,2300885.961358884,1720783.9812175748,2224638.2784288633
F018,high,2,2,1,0.0,0.0,0.0,0.0,0.0,0.0,45000.0,145000.0,0.0,48000.0,0.0,0.0,0.0,0.0,0.0,14560000.0,0.0,0.0,0.0,0.0
F018,high,2,3,2,3821503.7499999995,358053.75,0.0,811200.0,2652249.9999999995,565113.5625,45000.0,145000.0,122757.11249999999,48000.0,0.0,1188246.7,297061.675,891185.0249999999,891185.0249999999,15142400.0,114577.20000000003,0.0,251471.99999999994,822197.5
F018,high,2,4,3,8977230.7375,737590.725,1843976.8124999998,2024755.2,4370908.0,1344776.82675,45000.0,145000.0,271124.706,48000.0,0.0,2827196.9721250003,706799.2430312501,2120397.72909375,3011582.75409375,16338649.600000003,236029.03200000004,608512.3481249999,627674.1119999998,1354981.4800000002
F018,high,2,5,4,14287086.470875,1139577.6701250002,3798592.23375,3158618.1119999993,6190298.455,2149462.71184875,45000.0,145000.0,422212.85290874995,48000.0,0.0,4516364.4273475,1129091.106836875,3387273.320510625,6398856.074604375,17606371.328,364664.85444000014,1253535.4371375,979171.6147199996,1918992.5210500003
F018,high,2,6,5,19349076.933038753,1565020.0003050002,5868825.001143751,4379950.44864,7535281.482950001,2917250.2854808504,45000.0,145000.0,565583.562466125,48000.0,0.0,6131240.549267938,1532810.1373169846,4598430.411950953,10997286.486555329,18949368.954880003,500806.4000976002,1936712.2503774376,1357784.6390783999,2335937.2597145005
F018,high,2,7,6,23918158.759005867,1880632.3670331754,7388198.584773188,5693935.583232001,8955392.223967502,3604666.443866292,45000.0,145000.0,700602.132754764,48000.0,0.0,7581199.510657614,1895299.8776644035,5685899.63299321,16683186.119548539,20371636.197785605,601802.3574506162,2438105.5329751517,1765120.0308019202,2776171.589429926
F018,high,2,8,7,27342386.16660498,2144592.5528346174,8647550.616268618,6711252.074102785,9838990.923398962,4120720.9104124056,45000.0,145000.0,800908.5995764912,48000.0,0.0,8670536.649501264,2167634.162375316,6502902.487125948,23186088.606674485,21186501.64569703,686269.6169070777,2853691.7033686438,2080488.142971863,3050087.186253679
F018,high,2,9,8,30017388.67031008,2351441.9635757627,9619535.30553721,7595558.229749271,10450853.171447834,4522848.071304391,45000.0,145000.0,880281.8893514229,48000.0,0.0,9521295.613542628,2380323.903385657,7140971.710156971,30327060.316831455,22033961.711524915,752461.4283442443,3174446.6508272793,2354623.0512222736,3239764.483148829
F018,high,2,10,9,32841271.4233486,2568772.205663826,10642056.28060728,8539870.87452891,11090572.062548583,4947212.567563074,45000.0,145000.0,964216.2886396742,48000.0,0.0,10419322.98890685,2604830.7472267123,7814492.241680137,38141552.55851159,22915320.17998591,822007.1058124244,3511878.572600402,2647359.971103961,3438077.3393900613
F019,high,2,2,1,0.0,0.0,0.0,0.0,0.0,0.0,45000.0,145000.0,0.0,48000.0,0.0,0.0,0.0,0.0,0.0,14560000.0,0.0,0.0,0.0,0.0
F019,high,2,3,2,3821503.7499999995,358053.75,0.0,811200.0,2652249.9999999995,565113.5625,45000.0,145000.0,122757.11249999999,48000.0,0.0,1188246.7,297061.675,891185.0249999999,891185.0249999999,15142400.0,114577.20000000003,0.0,251471.99999999994,822197.5
F019,high,2,4,3,8977230.7375,737590.725,1843976.8124999998,2024755.2,4370908.0,1344776.82675,45000.0,145000.0,271124.706,48000.0,0.0,2827196.9721250003,706799.2430312501,2120397.72909375,3011582.75409375,16338649.600000003,236029.03200000004,608512.3481249999,627674.1119999998,1354981.4800000002
F019,high,2,5,4,14287086.470875,1139577.6701250002,3798592.23375,3158618.1119999993,6190298.455,2149462.71184875,45000.0,145000.0,422212.85290874995,48000.0,0.0,4516364.4273475,1129091.106836875,3387273.320510625,6398856.074604375,17606371.328,364664.85444000014,1253535.4371375,979171.6147199996,1918992.5210500003
F019,high,2,6,5,19349076.933038753,1565020.0003050002,5868825.001143751,4379950.44864,7535281.482950001,2917250.2854808504,45000.0,145000.0,565583.562466125,48000.0,0.0,6131240.549267938,1532810.1373169846,4598430.411950953,10997286.486555329,18949368.954880003,500806.4000976002,1936712.2503774376,1357784.6390783999,2335937.2597145005
F019,high,2,7,6,23918158.759005867,1880632.3670331754,7388198.584773188,5693935.583232001,8955392.223967502,3604666.443866292,45000.0,145000.0,700602.132754764,48000.0,0.0,7581199.510657614,1895299.8776644035,5685899.63299321,16683186.119548539,20371636.197785605,601802.3574506162,2438105.5329751517,1765120.0308019202,2776171.589429926
F019,high,2,8,7,27342386.16660498,2144592.5528346174,8647550.616268618,6711252.074102785,9838990.923398962,4120720.9104124056,45000.0,145000.0,800908.5995764912,48000.0,0.0,8670536.649501264,2167634.162375316,6502902.487125948,23186088.606674485,21186501.64569703,686269.6169070777,2853691.7033686438,2080488.142971863,3050087.186253679
F019,high,2,9,8,30017388.67031008,2351441.9635757627,9619535.30553721,7595558.229749271,10450853.171447834,4522848.071304391,45000.0,145000.0,880281.8893514229,48000.0,0.0,9521295.613542628,2380323.903385657,7140971.710156971,30327060.316831455,22033961.711524915,752461.4283442443,3174446.6508272793,2354623.0512222736,3239764.483148829
F019,high,2,10,9,32841271.4233486,2568772.205663826,10642056.28060728,8539870.87452891,11090572.062548583,4947212.567563074,45000.0,145000.0,964216.2886396742,48000.0,0.0,10419322.98890685,2604830.7472267123,7814492.241680137,38141552.55851159,22915320.17998591,822007.1058124244,3511878.572600402,2647359.971103961,3438077.3393900613
F020,high,2,2,1,0.0,0.0,0.0,0.0,0.0,0.0,45000.0,145000.0,0.0,48000.0,0.0,0.0,0.0,0.0,0.0,14560000.0,0.0,0.0,0.0,0.0
F020,high,2,3,2,3821503.7499999995,358053.75,0.0,811200.0,2652249.9999999995,565113.5625,45000.0,145000.0,122757.11249999999,48000.0,0.0,1188246.7,297061.675,891185.0249999999,891185.0249999999,15142400.0,114577.20000000003,0.0,251471.99999999994,822197.5
F020,high,2,4,3,8977230.7375,737590.725,1843976.8124999998,2024755.2,4370908.0,1344776.82675,45000.0,145000.0,271124.706,48000.0,0.0,2827196.9721250003,706799.2430312501,2120397.72909375,3011582.75409375,16338649.600000003,236029.03200000004,608512.3481249999,627674.1119999998,1354981.4800000002
F020,high,2,5,4,14287086.470875,1139577.6701250002,3798592.23375,3158618.1119999993,6190298.455,2149462.71184875,45000.0,145000.0,422212.85290874995,48000.0,0.0,4516364.4273475,1129091.106836875,3387273.320510625,6398856.074604375,17606371.328,364664.85444000014,1253535.4371375,979171.6147199996,1918992.5210500003
F020,high,2,6,5,19349076.933038753,1565020.0003050002,5868825.001143751,4379950.44864,7535281.482950001,2917250.2854808504,45000.0,145000.0,565583.562466125,48000.0,0.0,6131240.549267938,1532810.1373169846,4598430.411950953,10997286.486555329,18949368.954880003,500806.4000976002,1936712.2503774376,1357784.6390783999,2335937.2597145005
F020,high,2,7,6,23918158.759005867,1880632.3670331754,7388198.584773188,5693935.583232001,8955392.223967502,3604666.443866292,45000.0,145000.0,700602.132754764,48000.0,0.0,7581199.510657614,1895299.8776644035,5685899.63299321,16683186.119548539,20371636.197785605,601802.3574506162,2438105.5329751517,1765120.0308019202,2776171.589429926
F020,high,2,8,7,27342386.16660498,2144592.5528346174,8647550.616268618,6711252.074102785,9838990.923398962,4120720.9104124056,45000.0,145000.0,800908.5995764912,48000.0,0.0,8670536.649501264,2167634.162375316,6502902.487125948,23186088.606674485,21186501.64569703,686269.6169070777,2853691.7033686438,2080488.142971863,3050087.186253679
F020,high,2,9,8,30017388.67031008,2351441.9635757627,9619535.30553721,7595558.229749271,10450853.171447834,4522848.071304391,45000.0,145000.0,880281.8893514229,48000.0,0.0,9521295.613542628,2380323.903385657,7140971.710156971,30327060.316831455,22033961.711524915,752461.4283442443,3174446.6508272793,2354623.0512222736,3239764.483148829
F020,high,2,10,9,32841271.4233486,2568772.205663826,10642056.28060728,8539870.87452891,11090572.062548583,4947212.567563074,45000.0,145000.0,964216.2886396742,48000.0,0.0,10419322.98890685,2604830.7472267123,7814492.241680137,38141552.55851159,22915320.17998591,822007.1058124244,3511878.572600402,2647359.971103961,3438077.3393900613
F021,low,3,3,1,0.0,0.0,0.0,0.0,0.0,0.0,45000.0,145000.0,0.0,48000.0,0.0,0.0,0.0,0.0,0.0,14560000.0,0.0,0.0,0.0,0.0
F021,low,3,4,2,1887765.63125,184397.68125,0.0,337459.2,1365908.75,279790.2526875,45000.0,145000.0,60007.5609375,48000.0,0.0,587051.3225,146762.830625,440288.491875,440288.491875,15142400.0,59007.25800000001,0.0,104612.35199999998,423431.7125000001
F021,low,3,5,3,4078059.5984375,316549.35281250003,633098.7056250001,877393.9200000002,2251017.62,609265.987621875,45000.0,145000.0,124784.74009687502,48000.0,0.0,1280025.9431562503,320006.4857890626,960019.4573671877,1400307.9492421877,16338649.600000003,101295.79290000003,208922.57285625,271992.1152,697815.4622000002
F021,low,3,6,4,6184025.3356525,521673.33343500004,1304183.3335875,1459983.4828800003,2898185.1857500006,926045.7988549501,45000.0,145000.0,187078.76156250003,48000.0,0.0,1948348.2540583755,487087.0635145939,1461261.1905437815,2861569.139785969,17606371.328,166935.46669920004,430380.50008387497,452594.8796928,898437.4075825004
F021,low,3,7,5,8166753.084521251,671654.4167975626,2014963.2503926877,1897978.5277440005,3582156.8895870005,1226182.8099046745,45000.0,145000.0,243832.74530915066,48000.0,0.0,2578709.265377417,644677.3163443543,1934031.949033063,4795601.088819033,18949368.954880003,214929.4133752201,664937.8726295868,588373.3436006401,1110468.6357719703
F021,low,3,8,6,10270616.787979305,830164.8591617874,2767216.197205958,2368677.2026245124,4304558.528987045,1544577.9081427099,45000.0,145000.0,304133.11369356466,48000.0,0.0,3247537.176809321,811884.2942023303,2435652.8826069906,7231253.971426023,20371636.197785605,265652.754931772,913181.345077966,734289.9328135987,1334413.1439859844
F021,low,3,9,7,11757220.201581735,926325.6220146944,3206511.768512404,2873995.005851075,4750387.805203561,1766908.197863873,45000.0,145000.0,349391.4384208388,48000.0,0.0,3718131.754080733,929532.9385201832,2788598.8155605495,10019852.786986573,21186501.64569703,296424.1990447023,1058148.8836090933,890938.4518138331,1472620.2196131041
F021,low,3,10,8,13118727.775050603,1027508.8822655304,3669674.5795197515,3202451.577948341,5219092.73531698,1972481.3962733047,45000.0,145000.0,388889.603235804,48000.0,0.0,4150474.190678737,1037618.5476696843,3112855.6430090526,13132708.429995626,22033961.711524915,328802.84232496977,1210992.6112415178,992759.9891639856,1617918.747948264
F022,low,3,3,1,0.0,0.0,0.0,0.0,0.0,0.0,45000.0,145000.0,0.0,48000.0,0.0,0.0,0.0,0.0,0.0,14560000.0,0.0,0.0,0.0,0.0
F022,low,3,4,2,1887765.63125,184397.68125,0.0,337459.2,1365908.75,279790.2526875,45000.0,145000.0,60007.5609375,48000.0,0.0,587051.3225,146762.830625,440288.491875,440288.491875,15142400.0,59007.25800000001,0.0,104612.35199999998,423431.7125000001
F022,low,3,5,3,4078059.5984375,316549.35281250003,633098.7056250001,877393.9200000002,2251017.62,609265.987621875,45000.0,145000.0,124784.74009687502,48000.0,0.0,1280025.9431562503,320006.4857890626,960019.4573671877,1400307.9492421877,16338649.600000003,101295.79290000003,208922.57285625,271992.1152,697815.4622000002
F022,low,3,6,4,6184025.3356525,521673.33343500004,1304183.3335875,1459983.4828800003,2898185.1857500006,926045.7988549501,45000.0,145000.0,187078.76156250003,48000.0,0.0,1948348.2540583755,487087.0635145939,1461261.1905437815,2861569.139785969,17606371.328,166935.46669920004,430380.50008387497,452594.8796928,898437.4075825004
F022,low,3,7,5,8166753.084521251,671654.4167975626,2014963.2503926877,1897978.5277440005,3582156.8895870005,1226182.8099046745,45000.0,145000.0,243832.74530915066,48000.0,0.0,2578709.265377417,644677.3163443543,1934031.949033063,4795601.088819033,18949368.954880003,214929.4133752201,664937.8726295868,588373.3436006401,1110468.6357719703
F022,low,3,8,6,10270616.787979305,830164.8591617874,2767216.197205958,2368677.2026245124,4304558.528987045,1544577.9081427099,45000.0,145000.0,304133.11369356466,48000.0,0.0,3247537.176809321,811884.2942023303,2435652.8826069906,7231253.971426023,20371636.197785605,265652.754931772,913181.345077966,734289.9328135987,1334413.1439859844
F022,low,3,9,7,11757220.201581735,926325.6220146944,3206511.768512404,2873995.005851075,4750387.805203561,1766908.197863873,45000.0,145000.0,349391.4384208388,48000.0,0.0,3718131.754080733,929532.9385201832,2788598.8155605495,10019852.786986573,21186501.64569703,296424.1990447023,1058148.8836090933,890938.4518138331,1472620.2196131041
F022,low,3,10,8,13118727.775050603,1027508.8822655304,3669674.5795197515,3202451.577948341,5219092.73531698,1972481.3962733047,45000.0,145000.0,388889.603235804,48000.0,0.0,4150474.190678737,1037618.5476696843,3112855.6430090526,13132708.429995626,22033961.711524915,328802.84232496977,1210992.6112415178,992759.9891639856,1617918.747948264
F023,low,3,3,1,0.0,0.0,0.0,0.0,0.0,0.0,45000.0,145000.0,0.0,48000.0,0.0,0.0,0.0,0.0,0.0,14560000.0,0.0,0.0,0.0,0.0
F023,low,3,4,2,1887765.63125,184397.68125,0.0,337459.2,1365908.75,279790.2526875,45000.0,145000.0,60007.5609375,48000.0,0.0,587051.3225,146762.830625,440288.491875,440288.491875,15142400.0,59007.25800000001,0.0,104612.35199999998,423431.7125000001
F023,low,3,5,3,4078059.5984375,316549.35281250003,633098.7056250001,877393.9200000002,2251017.62,609265.987621875,45000.0,145000.0,124784.74009687502,48000.0,0.0,1280025.9431562503,320006.4857890626,960019.4573671877,1400307.9492421877,16338649.600000003,101295.79290000003,208922.57285625,271992.1152,697815.4622000002
F023,low,3,6,4,6184025.3356525,521673.33343500004,1304183.3335875,1459983.4828800003,2898185.1857500006,926045.7988549501,45000.0,145000.0,187078.76156250003,48000.0,0.0,1948348.2540583755,487087.0635145939,1461261.1905437815,2861569.139785969,17606371.328,166935.46669920004,430380.50008387497,452594.8796928,898437.4075825004
F023,low,3,7,5,8166753.084521251,671654.4167975626,2014963.2503926877,1897978.5277440005,3582156.8895870005,1226182.8099046745,45000.0,145000.0,243832.74530915066,48000.0,0.0,2578709.265377417,644677.3163443543,1934031.949033063,4795601.088819033,18949368.954880003,214929.4133752201,664937.8726295868,588373.3436006401,1110468.6357719703
F023,low,3,8,6,10270616.787979305,830164.8591617874,2767216.197205958,2368677.2026245124,4304558.528987045,1544577.9081427099,45000.0,145000.0,304133.11369356466,48000.0,0.0,3247537.176809321,811884.2942023303,2435652.8826069906,7231253.971426023,20371636.197785605,265652.754931772,913181.345077966,734289.9328135987,1334413.1439859844
F023,low,3,9,7,11757220.201581735,926325.6220146944,3206511.768512404,2873995.005851075,4750387.805203561,1766908.197863873,45000.0,145000.0,349391.4384208388,48000.0,0.0,3718131.754080733,929532.9385201832,2788598.8155605495,10019852.786986573,21186501.64569703,296424.1990447023,1058148.8836090933,890938.4518138331,1472620.2196131041
F023,low,3,10,8,13118727.775050603,1027508.8822655304,3669674.5795197515,3202451.577948341,5219092.73531698,1972481.3962733047,45000.0,145000.0,388889.603235804,48000.0,0.0,4150474.190678737,1037618.5476696843,3112855.6430090526,13132708.429995626,22033961.711524915,328802.84232496977,1210992.6112415178,992759.9891639856,1617918.747948264
F024,low,3,3,1,0.0,0.0,0.0,0.0,0.0,0.0,45000.0,145000.0,0.0,48000.0,0.0,0.0,0.0,0.0,0.0,14560000.0,0.0,0.0,0.0,0.0
F024,low,3,4,2,1887765.63125,184397.68125,0.0,337459.2,1365908.75,279790.2526875,45000.0,145000.0,60007.5609375,48000.0,0.0,587051.3225,146762.830625,440288.491875,440288.491875,15142400.0,59007.25800000001,0.0,104612.35199999998,423431.7125000001
F024,low,3,5,3,4078059.5984375,316549.35281250003,633098.7056250001,877393.9200000002,2251017.62,609265.987621875,45000.0,145000.0,124784.74009687502,48000.0,0.0,1280025.9431562503,320006.4857890626,960019.4573671877,1400307.9492421877,16338649.600000003,101295.79290000003,208922.57285625,271992.1152,697815.4622000002
F024,low,3,6,4,6184025.3356525,521673.33343500004,1304183.3335875,1459983.4828800003,2898185.1857500006,926045.7988549501,45000.0,145000.0,187078.76156250003,48000.0,0.0,1948348.2540583755,487087.0635145939,1461261.1905437815,2861569.139785969,17606371.328,166935.46669920004,430380.50008387497,452594.8796928,898437.4075825004
F024,low,3,7,5,8166753.084521251,671654.4167975626,2014963.2503926877,1897978.5277440005,3582156.8895870005,1226182.8099046745,45000.0,145000.0,243832.74530915066,48000.0,0.0,2578709.265377417,644677.3163443543,1934031.949033063,4795601.088819033,18949368.954880003,214929.4133752201,664937.8726295868,588373.3436006401,1110468.6357719703
F024,low,3,8,6,10270616.787979305,830164.8591617874,2767216.197205958,2368677.2026245124,4304558.528987045,1544577.9081427099,45000.0,145000.0,304133.11369356466,48000.0,0.0,3247537.176809321,811884.2942023303,2435652.8826069906,7231253.971426023,20371636.197785605,265652.754931772,913181.345077966,734289.9328135987,1334413.1439859844
F024,low,3,9,7,11757220.201581735,926325.6220146944,3206511.768512404,2873995.005851075,4750387.805203561,1766908.197863873,45000.0,145000.0,349391.4384208388,48000.0,0.0,3718131.754080733,929532.9385201832,2788598.8155605495,10019852.786986573,21186501.64569703,296424.1990447023,1058148.8836090933,890938.4518138331,1472620.2196131041
F024,low,3,10,8,13118727.775050603,1027508.8822655304,3669674.5795197515,3202451.577948341,5219092.73531698,1972481.3962733047,45000.0,145000.0,388889.603235804,48000.0,0.0,4150474.190678737,1037618.5476696843,3112855.6430090526,13132708.429995626,22033961.711524915,328802.84232496977,1210992.6112415178,992759.9891639856,1617918.747948264
F025,medium,3,3,1,0.0,0.0,0.0,0.0,0.0,0.0,45000.0,145000.0,0.0,48000.0,0.0,0.0,0.0,0.0,0.0,14560000.0,0.0,0.0,0.0,0.0
F025,medium,3,4,2,2664324.625,245863.57499999998,0.0,506188.8,1912272.2500000002,394586.80575000006,45000.0,145000.0,84991.62675,48000.0,0.0,828399.2695000002,207099.81737500004,621299.4521250001,621299.4521250001,15142400.0,78676.34400000001,0.0,156918.52799999996,592804.3975000002
F025,medium,3,5,3,6271655.8752500005,506478.96450000006,1266197.4112500001,1403830.2720000003,3095149.2275,939372.0526800001,45000.0,145000.0,189526.00486500002,48000.0,0.0,1974602.0591975003,493650.5147993751,1480951.5443981253,2102250.996523125,16338649.600000003,162073.26864000005,417845.1457125,435187.38432,959496.2605250002
F025,medium,3,6,4,9638311.151697502,782510.0001525001,2608366.667175,2189975.22432,4057459.2600500006,1449930.5871831751,45000.0,145000.0,284965.420122375,48000.0,0.0,3047868.8903712505,761967.2225928126,2285901.667778438,4388152.664301563,17606371.328,250403.2000488001,860761.0001677499,678892.3195391999,1257812.3706155005
F025,medium,3,7,5,13216061.472300127,1074647.0668761001,4029926.5007853755,3036765.644390401,5074722.26024825,1992340.8294089688,45000.0,145000.0,386550.23560505407,48000.0,0.0,4188324.0570975076,1047081.0142743769,3141243.0428231307,7529395.707124693,18949368.954880003,343887.0614003521,1329875.7452591737,941397.3497610241,1573163.9006769578
F025,medium,3,8,6,16292654.261909656,1314427.69367283,5188530.369761172,3947795.337707521,5841900.860768134,2456305.489606985,45000.0,145000.0,476372.2775367532,48000.0,0.0,5167637.705523945,1291909.4263809863,3875728.279142959,11405123.986267652,20371636.197785605,420616.86197530566,1712215.0220211865,1223816.5546893312,1810989.2668381217
F025,medium,3,9,7,18925222.761456843,1496372.1586391218,6056744.45163454,4721563.223898195,6650542.927284986,2852135.22649589,45000.0,145000.0,554404.8705663418,48000.0,0.0,6002917.666670703,1500729.4166676758,4502188.250003028,15907312.236270681,21186501.64569703,478839.09076451906,1998725.669039398,1463684.59940844,2061668.307458346
F025,medium,3,10,8,20733742.86576566,1614656.8149886907,6605414.243135553,5337419.296580569,7176252.511060848,3122741.379330399,45000.0,145000.0,609332.3365074199,48000.0,0.0,6575715.1413999535,1643928.7853499884,4931786.356049965,20839098.592320647,22033961.711524915,516690.1807963811,2179786.700234732,1654599.981939976,2224638.2784288633
F026,medium,3,3,1,0.0,0.0,0.0,0.0,0.0,0.0,45000.0,145000.0,0.0,48000.0,0.0,0.0,0.0,0.0,0.0,14560000.0,0.0,0.0,0.0,0.0
F026,medium,3,4,2,2664324.625,245863.57499999998,0.0,506188.8,1912272.2500000002,394586.80575000006,45000.0,145000.0,84991.62675,48000.0,0.0,828399.2695000002,207099.81737500004,621299.4521250001,621299.4521250001,15142400.0,78676.34400000001,0.0,156918.52799999996,592804.3975000002
F026,medium,3,5,3,6271655.8752500005,506478.96450000006,1266197.4112500001,1403830.2720000003,3095149.2275,939372.0526800001,45000.0,145000.0,189526.00486500002,48000.0,0.0,1974602.0591975003,493650.5147993751,1480951.5443981253,2102250.996523125,16338649.600000003,162073.26864000005,417845.1457125,435187.38432,959496.2605250002
F026,medium,3,6,4,9638311.151697502,782510.0001525001,2608366.667175,2189975.22432,4057459.2600500006,1449930.5871831751,45000.0,145000.0,284965.420122375,48000.0,0.0,3047868.8903712505,761967.2225928126,2285901.667778438,4388152.664301563,17606371.328,250403.2000488001,860761.0001677499,678892.3195391999,1257812.3706155005
F026,medium,3,7,5,13216061.472300127,1074647.0668761001,4029926.5007853755,3036765.644390401,5074722.26024825,1992340.8294089688,45000.0,145000.0,386550.23560505407,48000.0,0.0,4188324.0570975076,1047081.0142743769,3141243.0428231307,7529395.707124693,18949368.954880003,343887.0614003521,1329875.7452591737,941397.3497610241,1573163.9006769578
F026,medium,3,8,6,16292654.261909656,1314427.69367283,5188530.369761172,3947795.337707521,5841900.860768134,2456305.489606985,45000.0,145000.0,476372.2775367532,48000.0,0.0,5167637.705523945,1291909.4263809863,3875728.279142959,11405123.986267652,20371636.197785605,420616.86197530566,1712215.0220211865,1223816.5546893312,1810989.2668381217
F026,medium,3,9,7,18925222.761456843,1496372.1586391218,6056744.45163454,4721563.223898195,6650542.927284986,2852135.22649589,45000.0,145000.0,554404.8705663418,48000.0,0.0,6002917.666670703,1500729.4166676758,4502188.250003028,15907312.236270681,21186501.64569703,478839.09076451906,1998725.669039398,1463684.59940844,2061668.307458346
F026,medium,3,10,8,20733742.86576566,1614656.8149886907,6605414.243135553,5337419.296580569,7176252.511060848,3122741.379330399,45000.0,145000.0,609332.3365074199,48000.0,0.0,6575715.1413999535,1643928.7853499884,4931786.356049965,20839098.592320647,22033961.711524915,516690.1807963811,2179786.700234732,1654599.981939976,2224638.2784288633
F027,medium,3,3,1,0.0,0.0,0.0,0.0,0.0,0.0,45000.0,145000.0,0.0,48000.0,0.0,0.0,0.0,0.0,0.0,14560000.0,0.0,0.0,0.0,0.0
F027,medium,3,4,2,2664324.625,245863.57499999998,0.0,506188.8,1912272.2500000002,394586.80575000006,45000.0,145000.0,84991.62675,48000.0,0.0,828399.2695000002,207099.81737500004,621299.4521250001,621299.4521250001,15142400.0,78676.34400000001,0.0,156918.52799999996,592804.3975000002
F027,medium,3,5,3,6271655.8752500005,506478.96450000006,1266197.4112500001,1403830.2720000003,3095149.2275,939372.0526800001,45000.0,145000.0,189526.00486500002,48000.0,0.0,1974602.0591975003,493650.5147993751,1480951.5443981253,2102250.996523125,16338649.600000003,162073.26864000005,417845.1457125,435187.38432,959496.2605250002
F027,medium,3,6,4,9638311.151697502,782510.0001525001,2608366.667175,2189975.22432,4057459.2600500006,1449930.5871831751,45000.0,145000.0,284965.420122375,48000.0,0.0,3047868.8903712505,761967.2225928126,2285901.667778438,4388152.664301563,17606371.328,250403.2000488001,860761.0001677499,678892.3195391999,1257812.3706155005
F027,medium,3,7,5,13216061.472300127,1074647.0668761001,4029926.5007853755,3036765.644390401,5074722.26024825,1992340.8294089688,45000.0,145000.0,386550.23560505407,48000.0,0.0,4188324.0570975076,1047081.0142743769,3141243.0428231307,7529395.707124693,18949368.954880003,343887.0614003521,1329875.7452591737,941397.3497610241,1573163.9006769578
F027,medium,3,8,6,16292654.261909656,1314427.69367283,5188530.369761172,3947795.337707521,5841900.860768134,2456305.489606985,45000.0,145000.0,476372.2775367532,48000.0,0.0,5167637.705523945,1291909.4263809863,3875728.279142959,11405123.986267652,20371636.197785605,420616.86197530566,1712215.0220211865,1223816.5546893312,1810989.2668381217
F027,medium,3,9,7,18925222.761456843,1496372.1586391218,6056744.45163454,4721563.223898195,6650542.927284986,2852135.22649589,45000.0,145000.0,554404.8705663418,48000.0,0.0,6002917.666670703,1500729.4166676758,4502188.250003028,15907312.236270681,21186501.64569703,478839.09076451906,1998725.669039398,1463684.59940844,2061668.307458346
F027,medium,3,10,8,20733742.86576566,1614656.8149886907,6605414.243135553,5337419.296580569,7176252.511060848,3122741.379330399,45000.0,145000.0,609332.3365074199,48000.0,0.0,6575715.1413999535,1643928.7853499884,4931786.356049965,20839098.592320647,22033961.711524915,516690.1807963811,2179786.700234732,1654599.981939976,2224638.2784288633
F028,high,3,3,1,0.0,0.0,0.0,0.0,0.0,0.0,45000.0,145000.0,0.0,48000.0,0.0,0.0,0.0,0.0,0.0,14560000.0,0.0,0.0,0.0,0.0
F028,high,3,4,2,3944260.8625,368795.3625,0.0,843648.0,2731817.5,583202.649375,45000.0,145000.0,126764.30587499999,48000.0,0.0,1226408.821,306602.20525,919806.61575,919806.61575,15142400.0,118014.51600000002,0.0,261530.87999999995,846863.4250000002
F028,high,3,5,3,9266795.211625,759718.4467500001,1899296.116875,2105745.4080000003,4502035.24,1387954.7888325,45000.0,145000.0,280068.34926000005,48000.0,0.0,2918289.6224087505,729572.4056021876,2188717.2168065626,3108523.8325565625,16338649.600000003,243109.9029600001,626767.71856875,652781.0764799999,1395630.9244000004
F028,high,3,6,4,14747285.24612125,1173765.00022875,3912550.0007625003,3284962.8364799987,6376007.408650001,2218368.6585610127,45000.0,145000.0,436142.68574081245,48000.0,0.0,4661647.076315125,1165411.7690787814,3496235.307236344,6604759.139792906,17606371.328,375604.8000732001,1291141.500251625,1018338.4793087994,1976562.2966815005
F028,high,3,7,5,19973348.745516315,1611970.6003141503,6044889.751178063,4555148.466585602,7761339.927438501,3010899.724673372,45000.0,145000.0,584303.049519565,48000.0,0.0,6328755.612136761,1582188.9030341902,4746566.709102571,11351325.848895477,18949368.954880003,515830.5921005282,1994813.6178887608,1412096.0246415362,2406015.3775059357
F028,high,3,8,6,24692642.877608363,1937051.3380441705,7609844.542316385,5921693.006561281,9224053.990686527,3720777.9469988057,45000.0,145000.0,723897.7709706998,48000.0,0.0,7826286.696285362,1956571.6740713406,5869715.0222140215,17221040.8711095,20371636.197785605,619856.4281741347,2511248.6989644067,1835724.8320339967,2859456.737112824
F028,high,3,9,7,28229770.27234416,2208930.329419656,8906977.134756677,6979702.1570668975,10134160.65110093,4253738.290628523,45000.0,145000.0,827620.358393427,48000.0,0.0,8951457.63041602,2237864.407604005,6713593.222812016,23934634.093921516,21186501.64569703,706857.7054142901,2939302.454469703,2163707.668690738,3141589.801841289
F028,high,3,10,8,30993865.91271688,2421985.222483036,9908121.36470333,7899380.558939241,10764378.766591271,4669167.294965172,45000.0,145000.0,909728.5693238655,48000.0,0.0,9830480.712461129,2457620.178115282,7372860.534345847,31307494.628267363,22033961.711524915,775035.2711945717,3269680.0503520984,2448807.973271164,3336957.4176432947
F029,high,3,3,1,0.0,0.0,0.0,0.0,0.0,0.0,45000.0,145000.0,0.0,48000.0,0.0,0.0,0.0,0.0,0.0,14560000.0,0.0,0.0,0.0,0.0
F029,high,3,4,2,3944260.8625,368795.3625,0.0,843648.0,2731817.5,583202.649375,45000.0,145000.0,126764.30587499999,48000.0,0.0,1226408.821,306602.20525,919806.61575,919806.61575,15142400.0,118014.51600000002,0.0,261530.87999999995,846863.4250000002
F029,high,3,5,3,9266795.211625,759718.4467500001,1899296.116875,2105745.4080000003,4502035.24,1387954.7888325,45000.0,145000.0,280068.34926000005,48000.0,0.0,2918289.6224087505,729572.4056021876,2188717.2168065626,3108523.8325565625,16338649.600000003,243109.9029600001,626767.71856875,652781.0764799999,1395630.9244000004
F029,high,3,6,4,14747285.24612125,1173765.00022875,3912550.0007625003,3284962.8364799987,6376007.408650001,2218368.6585610127,45000.0,145000.0,436142.68574081245,48000.0,0.0,4661647.076315125,1165411.7690787814,3496235.307236344,6604759.139792906,17606371.328,375604.8000732001,1291141.500251625,1018338.4793087994,1976562.2966815005
F029,high,3,7,5,19973348.745516315,1611970.6003141503,6044889.751178063,4555148.466585602,7761339.927438501,3010899.724673372,45000.0,145000.0,584303.049519565,48000.0,0.0,6328755.612136761,1582188.9030341902,4746566.709102571,11351325.848895477,18949368.954880003,515830.5921005282,1994813.6178887608,1412096.0246415362,2406015.3775059357
F029,high,3,8,6,24692642.877608363,1937051.3380441705,7609844.542316385,5921693.006561281,9224053.990686527,3720777.9469988057,45000.0,145000.0,723897.7709706998,48000.0,0.0,7826286.696285362,1956571.6740713406,5869715.0222140215,17221040.8711095,20371636.197785605,619856.4281741347,2511248.6989644067,1835724.8320339967,2859456.737112824
F029,high,3,9,7,28229770.27234416,2208930.329419656,8906977.134756677,6979702.1570668975,10134160.65110093,4253738.290628523,45000.0,145000.0,827620.358393427,48000.0,0.0,8951457.63041602,2237864.407604005,6713593.222812016,23934634.093921516,21186501.64569703,706857.7054142901,2939302.454469703,2163707.668690738,3141589.801841289
F029,high,3,10,8,30993865.91271688,2421985.222483036,9908121.36470333,7899380.558939241,10764378.766591271,4669167.294965172,45000.0,145000.0,909728.5693238655,48000.0,0.0,9830480.712461129,2457620.178115282,7372860.534345847,31307494.628267363,22033961.711524915,775035.2711945717,3269680.0503520984,2448807.973271164,3336957.4176432947
F030,high,3,3,1,0.0,0.0,0.0,0.0,0.0,0.0,45000.0,145000.0,0.0,48000.0,0.0,0.0,0.0,0.0,0.0,14560000.0,0.0,0.0,0.0,0.0
F030,high,3,4,2,3944260.8625,368795.3625,0.0,843648.0,2731817.5,583202.649375,45000.0,145000.0,126764.30587499999,48000.0,0.0,1226408.821,306602.20525,919806.61575,919806.61575,15142400.0,118014.51600000002,0.0,261530.87999999995,846863.4250000002
F030,high,3,5,3,9266795.211625,759718.4467500001,1899296.116875,2105745.4080000003,4502035.24,1387954.7888325,45000.0,145000.0,280068.34926000005,48000.0,0.0,2918289.6224087505,729572.4056021876,2188717.2168065626,3108523.8325565625,16338649.600000003,243109.9029600001,626767.71856875,652781.0764799999,1395630.9244000004
F030,high,3,6,4,14747285.24612125,1173765.00022875,3912550.0007625003,3284962.8364799987,6376007.408650001,2218368.6585610127,45000.0,145000.0,436142.68574081245,48000.0,0.0,4661647.076315125,1165411.7690787814,3496235.307236344,6604759.139792906,17606371.328,375604.8000732001,1291141.500251625,1018338.4793087994,1976562.2966815005
F030,high,3,7,5,19973348.745516315,1611970.6003141503,6044889.751178063,4555148.466585602,7761339.927438501,3010899.724673372,45000.0,145000.0,584303.049519565,48000.0,0.0,6328755.612136761,1582188.9030341902,4746566.709102571,11351325.848895477,18949368.954880003,515830.5921005282,1994813.6178887608,1412096.0246415362,2406015.3775059357
F030,high,3,8,6,24692642.877608363,1937051.3380441705,7609844.542316385,5921693.006561281,9224053.990686527,3720777.9469988057,45000.0,145000.0,723897.7709706998,48000.0,0.0,7826286.696285362,1956571.6740713406,5869715.0222140215,17221040.8711095,20371636.197785605,619856.4281741347,2511248.6989644067,1835724.8320339967,2859456.737112824
F030,high,3,9,7,28229770.27234416,2208930.329419656,8906977.134756677,6979702.1570668975,10134160.65110093,4253738.290628523,45000.0,145000.0,827620.358393427,48000.0,0.0,8951457.63041602,2237864.407604005,6713593.222812016,23934634.093921516,21186501.64569703,706857.7054142901,2939302.454469703,2163707.668690738,3141589.801841289
F030,high,3,10,8,30993865.91271688,2421985.222483036,9908121.36470333,7899380.558939241,10764378.766591271,4669167.294965172,45000.0,145000.0,909728.5693238655,48000.0,0.0,9830480.712461129,2457620.178115282,7372860.534345847,31307494.628267363,22033961.711524915,775035.2711945717,3269680.0503520984,2448807.973271164,3336957.4176432947
F031,low,4,4,1,0.0,0.0,0.0,0.0,0.0,0.0,45000.0,145000.0,0.0,48000.0,0.0,0.0,0.0,0.0,0.0,14560000.0,0.0,0.0,0.0,0.0
F031,low,4,5,2,1947773.1921875002,189929.61168750003,0.0,350957.5680000001,1406886.0125,288656.403148125,45000.0,145000.0,61942.771445625,48000.0,0.0,605708.985695,151427.24642375,454281.73927125003,454281.73927125003,15142400.0,60777.47574000002,0.0,108796.84608,436134.6638750001
F031,low,4,6,3,4209175.325590625,326045.833396875,652091.66679375,912489.6768000001,2318548.1486000004,628772.3187385313,45000.0,145000.0,128879.23986778127,48000.0,0.0,1321146.6426029378,330286.66065073444,990859.9819522033,1445141.7212234533,16338649.600000003,104334.66668700002,215190.25004193748,282871.799808,718749.9260660002
F031,low,4,7,4,6384145.930550876,537323.5334380501,1343308.8335951252,1518382.8221952005,2985130.7413225006,955871.1496966307,45000.0,145000.0,193275.11780252703,48000.0,0.0,2011324.6504770548,502831.1626192637,1508493.4878577911,2953635.2090812447,17606371.328,171943.53070017605,443291.91508639127,470698.67488051206,925390.5298099753
F031,low,4,8,5,8430735.46233433,691804.0493014895,2075412.1479044685,1973897.6688537605,3689621.5962746106,1265625.4641406564,45000.0,145000.0,251906.91907952278,48000.0,0.0,2661954.2767747464,665488.5691936866,1996465.7075810598,4950100.916662305,18949368.954880003,221377.29577647668,684886.0088084745,611908.2773446656,1143782.6948451295
F031,low,4,9,6,10602422.063644927,855069.804936641,2850232.6831221366,2463424.290729493,4433695.2848566575,1594231.3934706657,45000.0,145000.0,314204.5779854214,48000.0,0.0,3352306.191441737,838076.5478604343,2514229.643581303,7464330.5602436075,20371636.197785605,273622.3375797252,940576.7854303049,763661.5301261427,1374445.538305564
F031,low,4,10,7,12138676.757687699,954115.3906751353,3302707.1215677764,2988954.8060851186,4892899.439359669,1823939.0368079813,45000.0,145000.0,361022.77957580436,48000.0,0.0,3838585.0912212934,959646.2728053234,2878938.81841597,10343269.378659578,21186501.64569703,305316.92501604336,1089893.350117366,926575.9898863866,1516798.8262014976
F032,low,4,4,1,0.0,0.0,0.0,0.0,0.0,0.0,45000.0,145000.0,0.0,48000.0,0.0,0.0,0.0,0.0,0.0,14560000.0,0.0,0.0,0.0,0.0
F032,low,4,5,2,1947773.1921875002,189929.61168750003,0.0,350957.5680000001,1406886.0125,288656.403148125,45000.0,145000.0,61942.771445625,48000.0,0.0,605708.985695,151427.24642375,454281.73927125003,454281.73927125003,15142400.0,60777.47574000002,0.0,108796.84608,436134.6638750001
F032,low,4,6,3,4209175.325590625,326045.833396875,652091.66679375,912489.6768000001,2318548.1486000004,628772.3187385313,45000.0,145000.0,128879.23986778127,48000.0,0.0,1321146.6426029378,330286.66065073444,990859.9819522033,1445141.7212234533,16338649.600000003,104334.66668700002,215190.25004193748,282871.799808,718749.9260660002
F032,low,4,7,4,6384145.930550876,537323.5334380501,1343308.8335951252,1518382.8221952005,2985130.7413225006,955871.1496966307,45000.0,145000.0,193275.11780252703,48000.0,0.0,2011324.6504770548,502831.1626192637,1508493.4878577911,2953635.2090812447,17606371.328,171943.53070017605,443291.91508639127,470698.67488051206,925390.5298099753
F032,low,4,8,5,8430735.46233433,691804.0493014895,2075412.1479044685,1973897.6688537605,3689621.5962746106,1265625.4641406564,45000.0,145000.0,251906.91907952278,48000.0,0.0,2661954.2767747464,665488.5691936866,1996465.7075810598,4950100.916662305,18949368.954880003,221377.29577647668,684886.0088084745,611908.2773446656,1143782.6948451295
F032,low,4,9,6,10602422.063644927,855069.804936641,2850232.6831221366,2463424.290729493,4433695.2848566575,1594231.3934706657,45000.0,145000.0,314204.5779854214,48000.0,0.0,3352306.191441737,838076.5478604343,2514229.643581303,7464330.5602436075,20371636.197785605,273622.3375797252,940576.7854303049,763661.5301261427,1374445.538305564
F032,low,4,10,7,12138676.757687699,954115.3906751353,3302707.1215677764,2988954.8060851186,4892899.439359669,1823939.0368079813,45000.0,145000.0,361022.77957580436,48000.0,0.0,3838585.0912212934,959646.2728053234,2878938.81841597,10343269.378659578,21186501.64569703,305316.92501604336,1089893.350117366,926575.9898863866,1516798.8262014976
F033,low,4,4,1,0.0,0.0,0.0,0.0,0.0,0.0,45000.0,145000.0,0.0,48000.0,0.0,0.0,0.0,0.0,0.0,14560000.0,0.0,0.0,0.0,0.0
F033,low,4,5,2,1947773.1921875002,189929.61168750003,0.0,350957.5680000001,1406886.0125,288656.403148125,45000.0,145000.0,61942.771445625,48000.0,0.0,605708.985695,151427.24642375,454281.73927125003,454281.73927125003,15142400.0,60777.47574000002,0.0,108796.84608,436134.6638750001
F033,low,4,6,3,4209175.325590625,326045.833396875,652091.66679375,912489.6768000001,2318548.1486000004,628772.3187385313,45000.0,145000.0,128879.23986778127,48000.0,0.0,1321146.6426029378,330286.66065073444,990859.9819522033,1445141.7212234533,16338649.600000003,104334.66668700002,215190.25004193748,282871.799808,718749.9260660002
F033,low,4,7,4,6384145.930550876,537323.5334380501,1343308.8335951252,1518382.8221952005,2985130.7413225006,955871.1496966307,45000.0,145000.0,193275.11780252703,48000.0,0.0,2011324.6504770548,502831.1626192637,1508493.4878577911,2953635.2090812447,17606371.328,171943.53070017605,443291.91508639127,470698.67488051206,925390.5298099753
F033,low,4,8,5,8430735.46233433,691804.0493014895,2075412.1479044685,1973897.6688537605,3689621.5962746106,1265625.4641406564,45000.0,145000.0,251906.91907952278,48000.0,0.0,2661954.2767747464,665488.5691936866,1996465.7075810598,4950100.916662305,18949368.954880003,221377.29577647668,684886.0088084745,611908.2773446656,1143782.6948451295
F033,low,4,9,6,10602422.063644927,855069.804936641,2850232.6831221366,2463424.290729493,4433695.2848566575,1594231.3934706657,45000.0,145000.0,314204.5779854214,48000.0,0.0,3352306.191441737,838076.5478604343,2514229.643581303,7464330.5602436075,20371636.197785605,273622.3375797252,940576.7854303049,763661.5301261427,1374445.538305564
F033,low,4,10,7,12138676.757687699,954115.3906751353,3302707.1215677764,2988954.8060851186,4892899.439359669,1823939.0368079813,45000.0,145000.0,361022.77957580436,48000.0,0.0,3838585.0912212934,959646.2728053234,2878938.81841597,10343269.378659578,21186501.64569703,305316.92501604336,1089893.350117366,926575.9898863866,1516798.8262014976
F034,low,4,4,1,0.0,0.0,0.0,0.0,0.0,0.0,45000.0,145000.0,0.0,48000.0,0.0,0.0,0.0,0.0,0.0,14560000.0,0.0,0.0,0.0,0.0
F034,low,4,5,2,1947773.1921875002,189929.61168750003,0.0,350957.5680000001,1406886.0125,288656.403148125,45000.0,145000.0,61942.771445625,48000.0,0.0,605708.985695,151427.24642375,454281.73927125003,454281.73927125003,15142400.0,60777.47574000002,0.0,108796.84608,436134.6638750001
F034,low,4,6,3,4209175.325590625,326045.833396875,652091.66679375,912489.6768000001,2318548.1486000004,628772.3187385313,45000.0,145000.0,128879.23986778127,48000.0,0.0,1321146.6426029378,330286.66065073444,990859.9819522033,1445141.7212234533,16338649.600000003,104334.66668700002,215190.25004193748,282871.799808,718749.9260660002
F034,low,4,7,4,6384145.930550876,537323.5334380501,1343308.8335951252,1518382.8221952005,2985130.7413225006,955871.1496966307,45000.0,145000.0,193275.11780252703,48000.0,0.0,2011324.6504770548,502831.1626192637,1508493.4878577911,2953635.2090812447,17606371.328,171943.53070017605,443291.91508639127,470698.67488051206,925390.5298099753
F034,low,4,8,5,8430735.46233433,691804.0493014895,2075412.1479044685,1973897.6688537605,3689621.5962746106,1265625.4641406564,45000.0,145000.0,251906.91907952278,48000.0,0.0,2661954.2767747464,665488.5691936866,1996465.7075810598,4950100.916662305,18949368.954880003,221377.29577647668,684886.0088084745,611908.2773446656,1143782.6948451295
F034,low,4,9,6,10602422.063644927,855069.804936641,2850232.6831221366,2463424.290729493,4433695.2848566575,1594231.3934706657,45000.0,145000.0,314204.5779854214,48000.0,0.0,3352306.191441737,838076.5478604343,2514229.643581303,7464330.5602436075,20371636.197785605,273622.3375797252,940576.7854303049,763661.5301261427,1374445.538305564
F034,low,4,10,7,12138676.757687699,954115.3906751353,3302707.1215677764,2988954.8060851186,4892899.439359669,1823939.0368079813,45000.0,145000.0,361022.77957580436,48000.0,0.0,3838585.0912212934,959646.2728053234,2878938.81841597,10343269.378659578,21186501.64569703,305316.92501604336,1089893.350117366,926575.9898863866,1516798.8262014976
F035,medium,4,4,1,0.0,0.0,0.0,0.0,0.0,0.0,45000.0,145000.0,0.0,48000.0,0.0,0.0,0.0,0.0,0.0,14560000.0,0.0,0.0,0.0,0.0
F035,medium,4,5,2,2749316.25175,253239.48225000003,0.0,526436.3520000001,1969640.4175,407133.0742425,45000.0,145000.0,87743.8510725,48000.0,0.0,854820.4328650001,213705.10821625002,641115.32464875,641115.32464875,15142400.0,81036.63432000003,0.0,163195.26911999998,610588.5294250001
F035,medium,4,6,3,6473843.8542275,521673.33343500004,1304183.3335875,1459983.4828800003,3188003.7043250003,969518.5766412001,45000.0,145000.0,195773.31711975002,48000.0,0.0,2038191.9948166253,509547.9987041563,1528643.996112469,2169759.3207612187,16338649.600000003,166935.46669920004,430380.50008387497,452594.8796928,988281.1483407503
F035,medium,4,7,4,9949360.238491628,805985.3001570752,2686617.6671902505,2277574.233292801,4179183.0378515003,1496494.4701127186,45000.0,145000.0,294390.3728157743,48000.0,0.0,3146093.88027778,786523.470069445,2359570.410208335,4529329.730969554,17606371.328,257915.2960502641,886583.8301727825,706048.0123207681,1295546.7417339652
F035,medium,4,8,5,13642910.972913034,1106886.4788823833,4150824.295808937,3158236.2701660166,5226963.928055699,2056362.5261933845,45000.0,145000.0,399361.4489309619,48000.0,0.0,4323387.752308044,1080846.938077011,3242540.8142310325,7771870.545200586,18949368.954880003,354203.67324236274,1369772.017616949,979053.243751465,1620358.817697267
F035,medium,4,9,6,16820911.843144022,1353860.524483015,5344186.280854006,4105707.151215822,6017157.886591177,2535521.567767985,45000.0,145000.0,492242.56399793876,48000.0,0.0,5334905.002236556,1333726.250559139,4001178.751677417,11773049.296878003,20371636.197785605,433235.3678345649,1763581.4726818218,1272769.2168769045,1865318.9448432652
F035,medium,4,10,7,19540195.07653953,1541263.3233982956,6238446.785183578,4910425.752854123,6850059.215103536,2944309.471804224,45000.0,145000.0,572925.6419728914,48000.0,0.0,6197642.04266491,1549410.5106662274,4648231.531998683,16421280.828876685,21186501.64569703,493204.2634874547,2058687.4391105804,1522231.9833847778,2123518.3566820966
F036,medium,4,4,1,0.0,0.0,0.0,0.0,0.0,0.0,45000.0,145000.0,0.0,48000.0,0.0,0.0,0.0,0.0,0.0,14560000.0,0.0,0.0,0.0,0.0
F036,medium,4,5,2,2749316.25175,253239.48225000003,0.0,526436.3520000001,1969640.4175,407133.0742425,45000.0,145000.0,87743.8510725,48000.0,0.0,854820.4328650001,213705.10821625002,641115.32464875,641115.32464875,15142400.0,81036.63432000003,0.0,163195.26911999998,610588.5294250001
F036,medium,4,6,3,6473843.8542275,521673.33343500004,1304183.3335875,1459983.4828800003,3188003.7043250003,969518.5766412001,45000.0,145000.0,195773.31711975002,48000.0,0.0,2038191.9948166253,509547.9987041563,1528643.996112469,2169759.3207612187,16338649.600000003,166935.46669920004,430380.50008387497,452594.8796928,988281.1483407503
F036,medium,4,7,4,9949360.238491628,805985.3001570752,2686617.6671902505,2277574.233292801,4179183.0378515003,1496494.4701127186,45000.0,145000.0,294390.3728157743,48000.0,0.0,3146093.88027778,786523.470069445,2359570.410208335,4529329.730969554,17606371.328,257915.2960502641,886583.8301727825,706048.0123207681,1295546.7417339652
F036,medium,4,8,5,13642910.972913034,1106886.4788823833,4150824.295808937,3158236.2701660166,5226963.928055699,2056362.5261933845,45000.0,145000.0,399361.4489309619,48000.0,0.0,4323387.752308044,1080846.938077011,3242540.8142310325,7771870.545200586,18949368.954880003,354203.67324236274,1369772.017616949,979053.243751465,1620358.817697267
F036,medium,4,9,6,16820911.843144022,1353860.524483015,5344186.280854006,4105707.151215822,6017157.886591177,2535521.567767985,45000.0,145000.0,492242.56399793876,48000.0,0.0,5334905.002236556,1333726.250559139,4001178.751677417,11773049.296878003,20371636.197785605,433235.3678345649,1763581.4726818218,1272769.2168769045,1865318.9448432652
F036,medium,4,10,7,19540195.07653953,1541263.3233982956,6238446.785183578,4910425.752854123,6850059.215103536,2944309.471804224,45000.0,145000.0,572925.6419728914,48000.0,0.0,6197642.04266491,1549410.5106662274,4648231.531998683,16421280.828876685,21186501.64569703,493204.2634874547,2058687.4391105804,1522231.9833847778,2123518.3566820966
F037,medium,4,4,1,0.0,0.0,0.0,0.0,0.0,0.0,45000.0,145000.0,0.0,48000.0,0.0,0.0,0.0,0.0,0.0,14560000.0,0.0,0.0,0.0,0.0
F037,medium,4,5,2,2749316.25175,253239.48225000003,0.0,526436.3520000001,1969640.4175,407133.0742425,45000.0,145000.0,87743.8510725,48000.0,0.0,854820.4328650001,213705.10821625002,641115.32464875,641115.32464875,15142400.0,81036.63432000003,0.0,163195.26911999998,610588.5294250001
F037,medium,4,6,3,6473843.8542275,521673.33343500004,1304183.3335875,1459983.4828800003,3188003.7043250003,969518.5766412001,45000.0,145000.0,195773.31711975002,48000.0,0.0,2038191.9948166253,509547.9987041563,1528643.996112469,2169759.3207612187,16338649.600000003,166935.46669920004,430380.50008387497,452594.8796928,988281.1483407503
F037,medium,4,7,4,9949360.238491628,805985.3001570752,2686617.6671902505,2277574.233292801,4179183.0378515003,1496494.4701127186,45000.0,145000.0,294390.3728157743,48000.0,0.0,3146093.88027778,786523.470069445,2359570.410208335,4529329.730969554,17606371.328,257915.2960502641,886583.8301727825,706048.0123207681,1295546.7417339652
F037,medium,4,8,5,13642910.972913034,1106886.4788823833,4150824.295808937,3158236.2701660166,5226963.928055699,2056362.5261933845,45000.0,145000.0,399361.4489309619,48000.0,0.0,4323387.752308044,1080846.938077011,3242540.8142310325,7771870.545200586,18949368.954880003,354203.67324236274,1369772.017616949,979053.243751465,1620358.817697267
F037,medium,4,9,6,16820911.843144022,1353860.524483015,5344186.280854006,4105707.151215822,6017157.886591177,2535521.567767985,45000.0,145000.0,492242.56399793876,48000.0,0.0,5334905.002236556,1333726.250559139,4001178.751677417,11773049.296878003,20371636.197785605,433235.3678345649,1763581.4726818218,1272769.2168769045,1865318.9448432652
F037,medium,4,10,7,19540195.07653953,1541263.3233982956,6238446.785183578,4910425.752854123,6850059.215103536,2944309.471804224,45000.0,145000.0,572925.6419728914,48000.0,0.0,6197642.04266491,1549410.5106662274,4648231.531998683,16421280.828876685,21186501.64569703,493204.2634874547,2058687.4391105804,1522231.9833847778,2123518.3566820966
F038,high,4,4,1,0.0,0.0,0.0,0.0,0.0,0.0,45000.0,145000.0,0.0,48000.0,0.0,0.0,0.0,0.0,0.0,14560000.0,0.0,0.0,0.0,0.0
F038,high,4,5,2,4071025.1683750004,379859.22337500006,0.0,877393.9200000002,2813772.025,601879.83605625,45000.0,145000.0,130904.69425125001,48000.0,0.0,1265816.3944300003,316454.0986075001,949362.2958225003,949362.2958225003,15142400.0,121554.95148000005,0.0,271992.1152,872269.3277500002
F038,high,4,6,3,9565856.522053752,782510.0001525001,1956275.0003812502,2189975.22432,4637096.297200001,1432541.4760686753,45000.0,145000.0,289312.69790100004,48000.0,0.0,3012366.121845813,753091.5304614533,2259274.5913843596,3208636.88720686,16338649.600000003,250403.2000488001,645570.7501258125,678892.3195391999,1437499.8521320005
F038,high,4,7,4,15222553.431869688,1208977.9502356127,4029926.5007853755,3416361.349939199,6567287.630909501,2289518.666288915,45000.0,145000.0,450540.9514476289,48000.0,0.0,4811679.873397667,1202919.9683494167,3608759.90504825,6817396.79225511,17606371.328,386872.9440753961,1329875.7452591737,1059072.0184811514,2035859.1655819456
F038,high,4,8,5,20618100.69254766,1660329.7183235749,6226236.443713405,4737354.405249025,7994180.125261657,3107603.924266793,45000.0,145000.0,603654.200391786,48000.0,0.0,6532739.240747279,1633184.8101868196,4899554.430560458,11716951.22281557,18949368.954880003,531305.509863544,2054658.0264254236,1468579.8656271973,2478195.838831114
F038,high,4,9,6,25492639.094002225,1995162.8781854957,7838139.878585876,6158560.726823732,9500775.610407121,3840691.655617955,45000.0,145000.0,747983.3813024454,48000.0,0.0,8079432.545494262,2019858.1363735655,6059574.409120697,17776525.631936267,20371636.197785605,638452.1210193587,2586586.159933339,1909153.8253153567,2945240.4392262083
F038,high,4,10,7,29146460.402085155,2275198.239302246,9174186.44879938,7258890.243349574,10438185.47063396,4391122.022367272,45000.0,145000.0,855240.8500080567,48000.0,0.0,9241638.436015408,2310409.609003852,6931228.827011556,24707754.458947822,21186501.64569703,728063.4365767188,3027481.528103795,2250255.9754383676,3235837.495896528
F039,high,4,4,1,0.0,0.0,0.0,0.0,0.0,0.0,45000.0,145000.0,0.0,48000.0,0.0,0.0,0.0,0.0,0.0,14560000.0,0.0,0.0,0.0,0.0
F039,high,4,5,2,4071025.1683750004,379859.22337500006,0.0,877393.9200000002,2813772.025,601879.83605625,45000.0,145000.0,130904.69425125001,48000.0,0.0,1265816.3944300003,316454.0986075001,949362.2958225003,949362.2958225003,15142400.0,121554.95148000005,0.0,271992.1152,872269.3277500002
F039,high,4,6,3,9565856.522053752,782510.0001525001,1956275.0003812502,2189975.22432,4637096.297200001,1432541.4760686753,45000.0,145000.0,289312.69790100004,48000.0,0.0,3012366.121845813,753091.5304614533,2259274.5913843596,3208636.88720686,16338649.600000003,250403.2000488001,645570.7501258125,678892.3195391999,1437499.8521320005
F039,high,4,7,4,15222553.431869688,1208977.9502356127,4029926.5007853755,3416361.349939199,6567287.630909501,2289518.666288915,45000.0,145000.0,450540.9514476289,48000.0,0.0,4811679.873397667,1202919.9683494167,3608759.90504825,6817396.79225511,17606371.328,386872.9440753961,1329875.7452591737,1059072.0184811514,2035859.1655819456
F039,high,4,8,5,20618100.69254766,1660329.7183235749,6226236.443713405,4737354.405249025,7994180.125261657,3107603.924266793,45000.0,145000.0,603654.200391786,48000.0,0.0,6532739.240747279,1633184.8101868196,4899554.430560458,11716951.22281557,18949368.954880003,531305.509863544,2054658.0264254236,1468579.8656271973,2478195.838831114
F039,high,4,9,6,25492639.094002225,1995162.8781854957,7838139.878585876,6158560.726823732,9500775.610407121,3840691.655617955,45000.0,145000.0,747983.3813024454,48000.0,0.0,8079432.545494262,2019858.1363735655,6059574.409120697,17776525.631936267,20371636.197785605,638452.1210193587,2586586.159933339,1909153.8253153567,2945240.4392262083
F039,high,4,10,7,29146460.402085155,2275198.239302246,9174186.44879938,7258890.243349574,10438185.47063396,4391122.022367272,45000.0,145000.0,855240.8500080567,48000.0,0.0,9241638.436015408,2310409.609003852,6931228.827011556,24707754.458947822,21186501.64569703,728063.4365767188,3027481.528103795,2250255.9754383676,3235837.495896528
F040,high,4,4,1,0.0,0.0,0.0,0.0,0.0,0.0,45000.0,145000.0,0.0,48000.0,0.0,0.0,0.0,0.0,0.0,14560000.0,0.0,0.0,0.0,0.0
F040,high,4,5,2,4071025.1683750004,379859.22337500006,0.0,877393.9200000002,2813772.025,601879.83605625,45000.0,145000.0,130904.69425125001,48000.0,0.0,1265816.3944300003,316454.0986075001,949362.2958225003,949362.2958225003,15142400.0,121554.95148000005,0.0,271992.1152,872269.3277500002
F040,high,4,6,3,9565856.522053752,782510.0001525001,1956275.0003812502,2189975.22432,4637096.297200001,1432541.4760686753,45000.0,145000.0,289312.69790100004,48000.0,0.0,3012366.121845813,753091.5304614533,2259274.5913843596,3208636.88720686,16338649.600000003,250403.2000488001,645570.7501258125,678892.3195391999,1437499.8521320005
F040,high,4,7,4,15222553.431869688,1208977.9502356127,4029926.5007853755,3416361.349939199,6567287.630909501,2289518.666288915,45000.0,145000.0,450540.9514476289,48000.0,0.0,4811679.873397667,1202919.9683494167,3608759.90504825,6817396.79225511,17606371.328,386872.9440753961,1329875.7452591737,1059072.0184811514,2035859.1655819456
F040,high,4,8,5,20618100.69254766,1660329.7183235749,6226236.443713405,4737354.405249025,7994180.125261657,3107603.924266793,45000.0,145000.0,603654.200391786,48000.0,0.0,6532739.240747279,1633184.8101868196,4899554.430560458,11716951.22281557,18949368.954880003,531305.509863544,2054658.0264254236,1468579.8656271973,2478195.838831114
F040,high,4,9,6,25492639.094002225,1995162.8781854957,7838139.878585876,6158560.726823732,9500775.610407121,3840691.655617955,45000.0,145000.0,747983.3813024454,48000.0,0.0,8079432.545494262,2019858.1363735655,6059574.409120697,17776525.631936267,20371636.197785605,638452.1210193587,2586586.159933339,1909153.8253153567,2945240.4392262083
F040,high,4,10,7,29146460.402085155,2275198.239302246,9174186.44879938,7258890.243349574,10438185.47063396,4391122.022367272,45000.0,145000.0,855240.8500080567,48000.0,0.0,9241638.436015408,2310409.609003852,6931228.827011556,24707754.458947822,21186501.64569703,728063.4365767188,3027481.528103795,2250255.9754383676,3235837.495896528
F041,low,5,5,1,0.0,0.0,0.0,0.0,0.0,0.0,45000.0,145000.0,0.0,48000.0,0.0,0.0,0.0,0.0,0.0,14560000.0,0.0,0.0,0.0,0.0
F041,low,5,6,2,2009715.9636331254,195627.50003812503,0.0,364995.87072000006,1449092.5928750003,297807.43583776883,45000.0,145000.0,63941.43761619376,48000.0,0.0,624968.2237266502,156242.05593166256,468726.1677949877,468726.1677949877,15142400.0,62600.80001220002,0.0,113148.7199232,449218.7037912502
F041,low,5,7,3,4344575.482126344,335827.2083987813,671654.4167975626,948989.2638720003,2388104.5930580003,648912.9738482074,45000.0,145000.0,133110.61293453473,48000.0,0.0,1363609.759879106,340902.4399697765,1022707.3199093295,1491433.487704317,16338649.600000003,107464.70668761004,221645.95754319563,294186.67180032004,740312.4238479802
F041,low,5,8,4,6590854.136689355,553443.2394411917,1383608.098602979,1579118.1350830083,3074684.663562176,986673.0201386029,45000.0,145000.0,199680.72446548095,48000.0,0.0,2076371.3767401716,519092.8441850429,1557278.5325551287,3048712.0202594455,17606371.328,177101.83662118137,456590.672538983,489526.6218757325,953152.2457042746
F041,low,5,9,5,8703396.502892897,712558.1707805342,2137674.5123416027,2052853.575607911,3800310.2441628487,1306357.6848012714,45000.0,145000.0,260253.68571945,48000.0,0.0,2747931.9878514353,686982.9969628588,2060948.9908885765,5109661.0111480225,18949368.954880003,228018.61464977099,705432.5890727288,636384.6084384522,1178096.1756904833
F041,low,5,10,6,10945128.968461573,880721.8990847403,2935739.663615801,2561961.262358673,4566706.143402358,1645507.1292818072,45000.0,145000.0,324616.08504127583,48000.0,0.0,3460511.9924862506,865127.9981215626,2595383.994364688,7705045.005512711,20371636.197785605,281831.00770711695,968794.0889932142,794207.9913311885,1415678.9044547311
F042,low,5,5,1,0.0,0.0,0.0,0.0,0.0,0.0,45000.0,145000.0,0.0,48000.0,0.0,0.0,0.0,0.0,0.0,14560000.0,0.0,0.0,0.0,0.0
F042,low,5,6,2,2009715.9636331254,195627.50003812503,0.0,364995.87072000006,1449092.5928750003,297807.43583776883,45000.0,145000.0,63941.43761619376,48000.0,0.0,624968.2237266502,156242.05593166256,468726.1677949877,468726.1677949877,15142400.0,62600.80001220002,0.0,113148.7199232,449218.7037912502
F042,low,5,7,3,4344575.482126344,335827.2083987813,671654.4167975626,948989.2638720003,2388104.5930580003,648912.9738482074,45000.0,145000.0,133110.61293453473,48000.0,0.0,1363609.759879106,340902.4399697765,1022707.3199093295,1491433.487704317,16338649.600000003,107464.70668761004,221645.95754319563,294186.67180032004,740312.4238479802
F042,low,5,8,4,6590854.136689355,553443.2394411917,1383608.098602979,1579118.1350830083,3074684.663562176,986673.0201386029,45000.0,145000.0,199680.72446548095,48000.0,0.0,2076371.3767401716,519092.8441850429,1557278.5325551287,3048712.0202594455,17606371.328,177101.83662118137,456590.672538983,489526.6218757325,953152.2457042746
F042,low,5,9,5,8703396.502892897,712558.1707805342,2137674.5123416027,2052853.575607911,3800310.2441628487,1306357.6848012714,45000.0,145000.0,260253.68571945,48000.0,0.0,2747931.9878514353,686982.9969628588,2060948.9908885765,5109661.0111480225,18949368.954880003,228018.61464977099,705432.5890727288,636384.6084384522,1178096.1756904833
F042,low,5,10,6,10945128.968461573,880721.8990847403,2935739.663615801,2561961.262358673,4566706.143402358,1645507.1292818072,45000.0,145000.0,324616.08504127583,48000.0,0.0,3460511.9924862506,865127.9981215626,2595383.994364688,7705045.005512711,20371636.197785605,281831.00770711695,968794.0889932142,794207.9913311885,1415678.9044547311
F043,low,5,5,1,0.0,0.0,0.0,0.0,0.0,0.0,45000.0,145000.0,0.0,48000.0,0.0,0.0,0.0,0.0,0.0,14560000.0,0.0,0.0,0.0,0.0
F043,low,5,6,2,2009715.9636331254,195627.50003812503,0.0,364995.87072000006,1449092.5928750003,297807.43583776883,45000.0,145000.0,63941.43761619376,48000.0,0.0,624968.2237266502,156242.05593166256,468726.1677949877,468726.1677949877,15142400.0,62600.80001220002,0.0,113148.7199232,449218.7037912502
F043,low,5,7,3,4344575.482126344,335827.2083987813,671654.4167975626,948989.2638720003,2388104.5930580003,648912.9738482074,45000.0,145000.0,133110.61293453473,48000.0,0.0,1363609.759879106,340902.4399697765,1022707.3199093295,1491433.487704317,16338649.600000003,107464.70668761004,221645.95754319563,294186.67180032004,740312.4238479802
F043,low,5,8,4,6590854.136689355,553443.2394411917,1383608.098602979,1579118.1350830083,3074684.663562176,986673.0201386029,45000.0,145000.0,199680.72446548095,48000.0,0.0,2076371.3767401716,519092.8441850429,1557278.5325551287,3048712.0202594455,17606371.328,177101.83662118137,456590.672538983,489526.6218757325,953152.2457042746
F043,low,5,9,5,8703396.502892897,712558.1707805342,2137674.5123416027,2052853.575607911,3800310.2441628487,1306357.6848012714,45000.0,145000.0,260253.68571945,48000.0,0.0,2747931.9878514353,686982.9969628588,2060948.9908885765,5109661.0111480225,18949368.954880003,228018.61464977099,705432.5890727288,636384.6084384522,1178096.1756904833
F043,low,5,10,6,10945128.968461573,880721.8990847403,2935739.663615801,2561961.262358673,4566706.143402358,1645507.1292818072,45000.0,145000.0,324616.08504127583,48000.0,0.0,3460511.9924862506,865127.9981215626,2595383.994364688,7705045.005512711,20371636.197785605,281831.00770711695,968794.0889932142,794207.9913311885,1415678.9044547311
F044,low,5,5,1,0.0,0.0,0.0,0.0,0.0,0.0,45000.0,145000.0,0.0,48000.0,0.0,0.0,0.0,0.0,0.0,14560000.0,0.0,0.0,0.0,0.0
F044,low,5,6,2,2009715.9636331254,195627.50003812503,0.0,364995.87072000006,1449092.5928750003,297807.43583776883,45000.0,145000.0,63941.43761619376,48000.0,0.0,624968.2237266502,156242.05593166256,468726.1677949877,468726.1677949877,15142400.0,62600.80001220002,0.0,113148.7199232,449218.7037912502
F044,low,5,7,3,4344575.482126344,335827.2083987813,671654.4167975626,948989.2638720003,2388104.5930580003,648912.9738482074,45000.0,145000.0,133110.61293453473,48000.0,0.0,1363609.759879106,340902.4399697765,1022707.3199093295,1491433.487704317,16338649.600000003,107464.70668761004,221645.95754319563,294186.67180032004,740312.4238479802
F044,low,5,8,4,6590854.136689355,553443.2394411917,1383608.098602979,1579118.1350830083,3074684.663562176,986673.0201386029,45000.0,145000.0,199680.72446548095,48000.0,0.0,2076371.3767401716,519092.8441850429,1557278.5325551287,3048712.0202594455,17606371.328,177101.83662118137,456590.672538983,489526.6218757325,953152.2457042746
F044,low,5,9,5,8703396.502892897,712558.1707805342,2137674.5123416027,2052853.575607911,3800310.2441628487,1306357.6848012714,45000.0,145000.0,260253.68571945,48000.0,0.0,2747931.9878514353,686982.9969628588,2060948.9908885765,5109661.0111480225,18949368.954880003,228018.61464977099,705432.5890727288,636384.6084384522,1178096.1756904833
F044,low,5,10,6,10945128.968461573,880721.8990847403,2935739.663615801,2561961.262358673,4566706.143402358,1645507.1292818072,45000.0,145000.0,324616.08504127583,48000.0,0.0,3460511.9924862506,865127.9981215626,2595383.994364688,7705045.005512711,20371636.197785605,281831.00770711695,968794.0889932142,794207.9913311885,1415678.9044547311
F045,medium,5,5,1,0.0,0.0,0.0,0.0,0.0,0.0,45000.0,145000.0,0.0,48000.0,0.0,0.0,0.0,0.0,0.0,14560000.0,0.0,0.0,0.0,0.0
F045,medium,5,6,2,2837060.1028225003,260836.66671750002,0.0,547493.80608,2028729.6300250003,420084.077362575,45000.0,145000.0,90586.74114547501,48000.0,0.0,882096.9985421502,220524.24963553756,661572.7489066126,661572.7489066126,15142400.0,83467.73334960002,0.0,169723.07988479998,628906.1853077502
F045,medium,5,7,3,6682659.004683126,537323.5334380501,1343308.8335951252,1518382.8221952005,3283643.8154547503,1000648.1108164681,45000.0,145000.0,202230.51002649454,48000.0,0.0,2103863.703458052,525965.925864513,1577897.777593539,2239470.5265001515,16338649.600000003,171943.53070017605,443291.91508639127,470698.67488051206,1017929.5827909728
F045,medium,5,8,4,10270616.787979305,830164.8591617874,2767216.197205958,2368677.2026245124,4304558.528987045,1544577.9081427099,45000.0,145000.0,304133.11369356466,48000.0,0.0,3247537.176809321,811884.2942023303,2435652.8826069906,4675123.409107142,17606371.328,265652.754931772,913181.345077966,734289.9328135987,1334413.1439859844
F045,medium,5,9,5,14083780.664802086,1140093.0732488546,4275349.024683205,3284565.720972657,5383772.845897369,2122474.9327574186,45000.0,145000.0,412605.5869069571,48000.0,0.0,4462879.9173147995,1115719.9793286999,3347159.9379860996,8022283.347093241,18949368.954880003,364829.78343963355,1410865.1781454575,1018215.3735015235,1668969.5822281847
F045,medium,5,10,6,17366596.2699505,1394476.3402175056,5504511.869279627,4269935.437264455,6197672.623188914,2617335.204812727,45000.0,145000.0,508652.12377836334,48000.0,0.0,5507679.844472422,1376919.9611181056,4130759.8833543165,12153043.230447557,20371636.197785605,446232.42886960186,1816488.9168622766,1323679.9855519806,1921278.5131885635
F046,medium,5,5,1,0.0,0.0,0.0,0.0,0.0,0.0,45000.0,145000.0,0.0,48000.0,0.0,0.0,0.0,0.0,0.0,14560000.0,0.0,0.0,0.0,0.0
F046,medium,5,6,2,2837060.1028225003,260836.66671750002,0.0,547493.80608,2028729.6300250003,420084.077362575,45000.0,145000.0,90586.74114547501,48000.0,0.0,882096.9985421502,220524.24963553756,661572.7489066126,661572.7489066126,15142400.0,83467.73334960002,0.0,169723.07988479998,628906.1853077502
F046,medium,5,7,3,6682659.004683126,537323.5334380501,1343308.8335951252,1518382.8221952005,3283643.8154547503,1000648.1108164681,45000.0,145000.0,202230.51002649454,48000.0,0.0,2103863.703458052,525965.925864513,1577897.777593539,2239470.5265001515,16338649.600000003,171943.53070017605,443291.91508639127,470698.67488051206,1017929.5827909728
F046,medium,5,8,4,10270616.787979305,830164.8591617874,2767216.197205958,2368677.2026245124,4304558.528987045,1544577.9081427099,45000.0,145000.0,304133.11369356466,48000.0,0.0,3247537.176809321,811884.2942023303,2435652.8826069906,4675123.409107142,17606371.328,265652.754931772,913181.345077966,734289.9328135987,1334413.1439859844
F046,medium,5,9,5,14083780.664802086,1140093.0732488546,4275349.024683205,3284565.720972657,5383772.845897369,2122474.9327574186,45000.0,145000.0,412605.5869069571,48000.0,0.0,4462879.9173147995,1115719.9793286999,3347159.9379860996,8022283.347093241,18949368.954880003,364829.78343963355,1410865.1781454575,1018215.3735015235,1668969.5822281847
F046,medium,5,10,6,17366596.2699505,1394476.3402175056,5504511.869279627,4269935.437264455,6197672.623188914,2617335.204812727,45000.0,145000.0,508652.12377836334,48000.0,0.0,5507679.844472422,1376919.9611181056,4130759.8833543165,12153043.230447557,20371636.197785605,446232.42886960186,1816488.9168622766,1323679.9855519806,1921278.5131885635
F047,medium,5,5,1,0.0,0.0,0.0,0.0,0.0,0.0,45000.0,145000.0,0.0,48000.0,0.0,0.0,0.0,0.0,0.0,14560000.0,0.0,0.0,0.0,0.0
F047,medium,5,6,2,2837060.1028225003,260836.66671750002,0.0,547493.80608,2028729.6300250003,420084.077362575,45000.0,145000.0,90586.74114547501,48000.0,0.0,882096.9985421502,220524.24963553756,661572.7489066126,661572.7489066126,15142400.0,83467.73334960002,0.0,169723.07988479998,628906.1853077502
F047,medium,5,7,3,6682659.004683126,537323.5334380501,1343308.8335951252,1518382.8221952005,3283643.8154547503,1000648.1108164681,45000.0,145000.0,202230.51002649454,48000.0,0.0,2103863.703458052,525965.925864513,1577897.777593539,2239470.5265001515,16338649.600000003,171943.53070017605,443291.91508639127,470698.67488051206,1017929.5827909728
F047,medium,5,8,4,10270616.787979305,830164.8591617874,2767216.197205958,2368677.2026245124,4304558.528987045,1544577.9081427099,45000.0,145000.0,304133.11369356466,48000.0,0.0,3247537.176809321,811884.2942023303,2435652.8826069906,4675123.409107142,17606371.328,265652.754931772,913181.345077966,734289.9328135987,1334413.1439859844
F047,medium,5,9,5,14083780.664802086,1140093.0732488546,4275349.024683205,3284565.720972657,5383772.845897369,2122474.9327574186,45000.0,145000.0,412605.5869069571,48000.0,0.0,4462879.9173147995,1115719.9793286999,3347159.9379860996,8022283.347093241,18949368.954880003,364829.78343963355,1410865.1781454575,1018215.3735015235,1668969.5822281847
F047,medium,5,10,6,17366596.2699505,1394476.3402175056,5504511.869279627,4269935.437264455,6197672.623188914,2617335.204812727,45000.0,145000.0,508652.12377836334,48000.0,0.0,5507679.844472422,1376919.9611181056,4130759.8833543165,12153043.230447557,20371636.197785605,446232.42886960186,1816488.9168622766,1323679.9855519806,1921278.5131885635
F048,high,5,5,1,0.0,0.0,0.0,0.0,0.0,0.0,45000.0,145000.0,0.0,48000.0,0.0,0.0,0.0,0.0,0.0,14560000.0,0.0,0.0,0.0,0.0
F048,high,5,6,2,4201929.862626251,391255.00007625006,0.0,912489.6768000001,2898185.1857500006,621164.5826259376,45000.0,145000.0,135182.79264678754,48000.0,0.0,1306510.8074149005,326627.7018537251,979883.1055611754,979883.1055611754,15142400.0,125201.60002440005,0.0,282871.799808,898437.4075825004
F048,high,5,7,3,9874731.969958564,805985.3001570752,2014963.2503926877,2277574.233292801,4776209.186116001,1478583.6856647837,45000.0,145000.0,298868.0689277581,48000.0,0.0,3109526.0286965794,777381.5071741448,2332144.5215224344,3312027.62708361,16338649.600000003,257915.2960502641,664937.8726295868,706048.0123207681,1480624.8476959604
F048,high,5,8,4,15713393.648325171,1245247.288742681,4150824.295808937,3553015.803936767,6764306.259836786,2362987.1321674976,45000.0,145000.0,465423.7245310334,48000.0,0.0,4966620.989784408,1241655.247446102,3724965.7423383063,7036993.369421916,17606371.328,398479.132397658,1369772.017616949,1101434.8992203975,2096934.9405494041
F048,high,5,9,5,21284017.25737658,1710139.609873282,6413023.537024808,4926848.581458986,8234005.529019506,3207464.3381621456,45000.0,145000.0,623658.7681656393,48000.0,0.0,6743407.21662597,1685851.8041564925,5057555.412469477,12094548.781891394,18949368.954880003,547244.6751594504,2116297.7672181865,1527323.0602522853,2552541.713996047
F048,high,5,10,6,26319003.874090534,2055017.7645310608,8073284.074943453,6404903.155896682,9785798.878719337,3964534.3903040476,45000.0,145000.0,772886.3070322482,48000.0,0.0,8340907.060112245,2085226.7650280613,6255680.295084184,18350229.076975577,20371636.197785605,657605.6846499395,2664183.744731339,1985519.9783279712,3033597.652402995
F049,high,5,5,1,0.0,0.0,0.0,0.0,0.0,0.0,45000.0,145000.0,0.0,48000.0,0.0,0.0,0.0,0.0,0.0,14560000.0,0.0,0.0,0.0,0.0
F049,high,5,6,2,4201929.862626251,391255.00007625006,0.0,912489.6768000001,2898185.1857500006,621164.5826259376,45000.0,145000.0,135182.79264678754,48000.0,0.0,1306510.8074149005,326627.7018537251,979883.1055611754,979883.1055611754,15142400.0,125201.60002440005,0.0,282871.799808,898437.4075825004
F049,high,5,7,3,9874731.969958564,805985.3001570752,2014963.2503926877,2277574.233292801,4776209.186116001,1478583.6856647837,45000.0,145000.0,298868.0689277581,48000.0,0.0,3109526.0286965794,777381.5071741448,2332144.5215224344,3312027.62708361,16338649.600000003,257915.2960502641,664937.8726295868,706048.0123207681,1480624.8476959604
F049,high,5,8,4,15713393.648325171,1245247.288742681,4150824.295808937,3553015.803936767,6764306.259836786,2362987.1321674976,45000.0,145000.0,465423.7245310334,48000.0,0.0,4966620.989784408,1241655.247446102,3724965.7423383063,7036993.369421916,17606371.328,398479.132397658,1369772.017616949,1101434.8992203975,2096934.9405494041
F049,high,5,9,5,21284017.25737658,1710139.609873282,6413023.537024808,4926848.581458986,8234005.529019506,3207464.3381621456,45000.0,145000.0,623658.7681656393,48000.0,0.0,6743407.21662597,1685851.8041564925,5057555.412469477,12094548.781891394,18949368.954880003,547244.6751594504,2116297.7672181865,1527323.0602522853,2552541.713996047
F049,high,5,10,6,26319003.874090534,2055017.7645310608,8073284.074943453,6404903.155896682,9785798.878719337,3964534.3903040476,45000.0,145000.0,772886.3070322482,48000.0,0.0,8340907.060112245,2085226.7650280613,6255680.295084184,18350229.076975577,20371636.197785605,657605.6846499395,2664183.744731339,1985519.9783279712,3033597.652402995
F050,high,5,5,1,0.0,0.0,0.0,0.0,0.0,0.0,45000.0,145000.0,0.0,48000.0,0.0,0.0,0.0,0.0,0.0,14560000.0,0.0,0.0,0.0,0.0
F050,high,5,6,2,4201929.862626251,391255.00007625006,0.0,912489.6768000001,2898185.1857500006,621164.5826259376,45000.0,145000.0,135182.79264678754,48000.0,0.0,1306510.8074149005,326627.7018537251,979883.1055611754,979883.1055611754,15142400.0,125201.60002440005,0.0,282871.799808,898437.4075825004
F050,high,5,7,3,9874731.969958564,805985.3001570752,2014963.2503926877,2277574.233292801,4776209.186116001,1478583.6856647837,45000.0,145000.0,298868.0689277581,48000.0,0.0,3109526.0286965794,777381.5071741448,2332144.5215224344,3312027.62708361,16338649.600000003,257915.2960502641,664937.8726295868,706048.0123207681,1480624.8476959604
F050,high,5,8,4,15713393.648325171,1245247.288742681,4150824.295808937,3553015.803936767,6764306.259836786,2362987.1321674976,45000.0,145000.0,465423.7245310334,48000.0,0.0,4966620.989784408,1241655.247446102,3724965.7423383063,7036993.369421916,17606371.328,398479.132397658,1369772.017616949,1101434.8992203975,2096934.9405494041
F050,high,5,9,5,21284017.25737658,1710139.609873282,6413023.537024808,4926848.581458986,8234005.529019506,3207464.3381621456,45000.0,145000.0,623658.7681656393,48000.0,0.0,6743407.21662597,1685851.8041564925,5057555.412469477,12094548.781891394,18949368.954880003,547244.6751594504,2116297.7672181865,1527323.0602522853,2552541.713996047
F050,high,5,10,6,26319003.874090534,2055017.7645310608,8073284.074943453,6404903.155896682,9785798.878719337,3964534.3903040476,45000.0,145000.0,772886.3070322482,48000.0,0.0,8340907.060112245,2085226.7650280613,6255680.295084184,18350229.076975577,20371636.197785605,657605.6846499395,2664183.744731339,1985519.9783279712,3033597.652402995
F051,low,6,6,1,0.0,0.0,0.0,0.0,0.0,0.0,45000.0,145000.0,0.0,48000.0,0.0,0.0,0.0,0.0,0.0,14560000.0,0.0,0.0,0.0,0.0
F051,low,6,7,2,2073657.4012493193,201496.3250392688,0.0,379595.7055488001,1492565.3706612503,307252.6531319099,45000.0,145000.0,66005.67909296758,48000.0,0.0,644848.7576376817,161212.18940942042,483636.56822826125,483636.56822826125,15142400.0,64478.82401256602,0.0,117674.66872012801,462695.26490498765
F051,low,6,8,3,4484402.639228855,345902.02465074474,691804.0493014895,986948.8344268802,2459747.7308497406,669708.9480330744,45000.0,145000.0,137483.52702811954,48000.0,0.0,1407459.9193934824,351864.9798483706,1055594.9395451117,1539231.507773373,16338649.600000003,110688.64788823834,228295.3362694915,305954.1386723328,762521.7965634197
F051,low,6,9,4,6804370.942140865,570046.5366244273,1425116.3415610683,1642282.8604863286,3166925.203469041,1018483.9761318772,45000.0,145000.0,206302.79345347855,48000.0,0.0,2143557.784261134,535889.4460652835,1607668.3381958506,3146899.8459692234,17606371.328,182414.89171981678,470288.39271515247,509107.68675076176,981746.8130754029
F051,low,6,10,5,8985026.933735764,733934.9159039502,2201804.747711851,2134967.7186322273,3914319.551487735,1348422.410351161,45000.0,145000.0,268882.43772127666,48000.0,0.0,2836733.793571363,709183.4483928408,2127550.345178522,5274450.191147746,18949368.954880003,234859.1730892641,726595.5667449107,661839.9927759903,1213439.060961198
F052,low,6,6,1,0.0,0.0,0.0,0.0,0.0,0.0,45000.0,145000.0,0.0,48000.0,0.0,0.0,0.0,0.0,0.0,14560000.0,0.0,0.0,0.0,0.0
F052,low,6,7,2,2073657.4012493193,201496.3250392688,0.0,379595.7055488001,1492565.3706612503,307252.6531319099,45000.0,145000.0,66005.67909296758,48000.0,0.0,644848.7576376817,161212.18940942042,483636.56822826125,483636.56822826125,15142400.0,64478.82401256602,0.0,117674.66872012801,462695.26490498765
F052,low,6,8,3,4484402.639228855,345902.02465074474,691804.0493014895,986948.8344268802,2459747.7308497406,669708.9480330744,45000.0,145000.0,137483.52702811954,48000.0,0.0,1407459.9193934824,351864.9798483706,1055594.9395451117,1539231.507773373,16338649.600000003,110688.64788823834,228295.3362694915,305954.1386723328,762521.7965634197
F052,low,6,9,4,6804370.942140865,570046.5366244273,1425116.3415610683,1642282.8604863286,3166925.203469041,1018483.9761318772,45000.0,145000.0,206302.79345347855,48000.0,0.0,2143557.784261134,535889.4460652835,1607668.3381958506,3146899.8459692234,17606371.328,182414.89171981678,470288.39271515247,509107.68675076176,981746.8130754029
F052,low,6,10,5,8985026.933735764,733934.9159039502,2201804.747711851,2134967.7186322273,3914319.551487735,1348422.410351161,45000.0,145000.0,268882.43772127666,48000.0,0.0,2836733.793571363,709183.4483928408,2127550.345178522,5274450.191147746,18949368.954880003,234859.1730892641,726595.5667449107,661839.9927759903,1213439.060961198
F053,low,6,6,1,0.0,0.0,0.0,0.0,0.0,0.0,45000.0,145000.0,0.0,48000.0,0.0,0.0,0.0,0.0,0.0,14560000.0,0.0,0.0,0.0,0.0
F053,low,6,7,2,2073657.4012493193,201496.3250392688,0.0,379595.7055488001,1492565.3706612503,307252.6531319099,45000.0,145000.0,66005.67909296758,48000.0,0.0,644848.7576376817,161212.18940942042,483636.56822826125,483636.56822826125,15142400.0,64478.82401256602,0.0,117674.66872012801,462695.26490498765
F053,low,6,8,3,4484402.639228855,345902.02465074474,691804.0493014895,986948.8344268802,2459747.7308497406,669708.9480330744,45000.0,145000.0,137483.52702811954,48000.0,0.0,1407459.9193934824,351864.9798483706,1055594.9395451117,1539231.507773373,16338649.600000003,110688.64788823834,228295.3362694915,305954.1386723328,762521.7965634197
F053,low,6,9,4,6804370.942140865,570046.5366244273,1425116.3415610683,1642282.8604863286,3166925.203469041,1018483.9761318772,45000.0,145000.0,206302.79345347855,48000.0,0.0,2143557.784261134,535889.4460652835,1607668.3381958506,3146899.8459692234,17606371.328,182414.89171981678,470288.39271515247,509107.68675076176,981746.8130754029
F053,low,6,10,5,8985026.933735764,733934.9159039502,2201804.747711851,2134967.7186322273,3914319.551487735,1348422.410351161,45000.0,145000.0,268882.43772127666,48000.0,0.0,2836733.793571363,709183.4483928408,2127550.345178522,5274450.191147746,18949368.954880003,234859.1730892641,726595.5667449107,661839.9927759903,1213439.060961198
F054,low,6,6,1,0.0,0.0,0.0,0.0,0.0,0.0,45000.0,145000.0,0.0,48000.0,0.0,0.0,0.0,0.0,0.0,14560000.0,0.0,0.0,0.0,0.0
F054,low,6,7,2,2073657.4012493193,201496.3250392688,0.0,379595.7055488001,1492565.3706612503,307252.6531319099,45000.0,145000.0,66005.67909296758,48000.0,0.0,644848.7576376817,161212.18940942042,483636.56822826125,483636.56822826125,15142400.0,64478.82401256602,0.0,117674.66872012801,462695.26490498765
F054,low,6,8,3,4484402.639228855,345902.02465074474,691804.0493014895,986948.8344268802,2459747.7308497406,669708.9480330744,45000.0,145000.0,137483.52702811954,48000.0,0.0,1407459.9193934824,351864.9798483706,1055594.9395451117,1539231.507773373,16338649.600000003,110688.64788823834,228295.3362694915,305954.1386723328,762521.7965634197
F054,low,6,9,4,6804370.942140865,570046.5366244273,1425116.3415610683,1642282.8604863286,3166925.203469041,1018483.9761318772,45000.0,145000.0,206302.79345347855,48000.0,0.0,2143557.784261134,535889.4460652835,1607668.3381958506,3146899.8459692234,17606371.328,182414.89171981678,470288.39271515247,509107.68675076176,981746.8130754029
F054,low,6,10,5,8985026.933735764,733934.9159039502,2201804.747711851,2134967.7186322273,3914319.551487735,1348422.410351161,45000.0,145000.0,268882.43772127666,48000.0,0.0,2836733.793571363,709183.4483928408,2127550.345178522,5274450.191147746,18949368.954880003,234859.1730892641,726595.5667449107,661839.9927759903,1213439.060961198
F055,medium,6,6,1,0.0,0.0,0.0,0.0,0.0,0.0,45000.0,145000.0,0.0,48000.0,0.0,0.0,0.0,0.0,0.0,14560000.0,0.0,0.0,0.0,0.0
F055,medium,6,7,2,2927646.843967975,268661.76671902504,0.0,569393.5583232002,2089591.5189257502,433453.0910119643,45000.0,145000.0,93523.34090227126,48000.0,0.0,910257.1392972626,227564.28482431566,682692.854472947,682692.854472947,15142400.0,85971.76535008803,0.0,176512.00308019202,647773.3708669826
F055,medium,6,8,3,6898322.603045572,553443.2394411917,1383608.098602979,1579118.1350830083,3382153.129918393,1032793.2900920355,45000.0,145000.0,208904.77845616746,48000.0,0.0,2171686.601310599,542921.6503276498,1628764.9509829492,2311457.805455896,16338649.600000003,177101.83662118137,456590.672538983,489526.6218757325,1048467.4702747021
F055,medium,6,9,4,10602422.063644927,855069.804936641,2850232.6831221366,2463424.290729493,4433695.2848566575,1594231.3934706657,45000.0,145000.0,314204.5779854214,48000.0,0.0,3352306.191441737,838076.5478604343,2514229.643581303,4825687.449037199,17606371.328,273622.3375797252,940576.7854303049,763661.5301261427,1374445.538305564
F055,medium,6,10,5,14539139.741955876,1174295.8654463205,4403609.495423702,3415948.3498115637,5545286.031274292,2190747.572749503,45000.0,145000.0,426297.58080255496,48000.0,0.0,4606948.468569259,1151737.1171423148,3455211.351426944,8280898.800464143,18949368.954880003,375774.67694282264,1453191.1334898213,1058943.9884415846,1719038.6696950307
F056,medium,6,6,1,0.0,0.0,0.0,0.0,0.0,0.0,45000.0,145000.0,0.0,48000.0,0.0,0.0,0.0,0.0,0.0,14560000.0,0.0,0.0,0.0,0.0
F056,medium,6,7,2,2927646.843967975,268661.76671902504,0.0,569393.5583232002,2089591.5189257502,433453.0910119643,45000.0,145000.0,93523.34090227126,48000.0,0.0,910257.1392972626,227564.28482431566,682692.854472947,682692.854472947,15142400.0,85971.76535008803,0.0,176512.00308019202,647773.3708669826
F056,medium,6,8,3,6898322.603045572,553443.2394411917,1383608.098602979,1579118.1350830083,3382153.129918393,1032793.2900920355,45000.0,145000.0,208904.77845616746,48000.0,0.0,2171686.601310599,542921.6503276498,1628764.9509829492,2311457.805455896,16338649.600000003,177101.83662118137,456590.672538983,489526.6218757325,1048467.4702747021
F056,medium,6,9,4,10602422.063644927,855069.804936641,2850232.6831221366,2463424.290729493,4433695.2848566575,1594231.3934706657,45000.0,145000.0,314204.5779854214,48000.0,0.0,3352306.191441737,838076.5478604343,2514229.643581303,4825687.449037199,17606371.328,273622.3375797252,940576.7854303049,763661.5301261427,1374445.538305564
F056,medium,6,10,5,14539139.741955876,1174295.8654463205,4403609.495423702,3415948.3498115637,5545286.031274292,2190747.572749503,45000.0,145000.0,426297.58080255496,48000.0,0.0,4606948.468569259,1151737.1171423148,3455211.351426944,8280898.800464143,18949368.954880003,375774.67694282264,1453191.1334898213,1058943.9884415846,1719038.6696950307
F057,medium,6,6,1,0.0,0.0,0.0,0.0,0.0,0.0,45000.0,145000.0,0.0,48000.0,0.0,0.0,0.0,0.0,0.0,14560000.0,0.0,0.0,0.0,0.0
F057,medium,6,7,2,2927646.843967975,268661.76671902504,0.0,569393.5583232002,2089591.5189257502,433453.0910119643,45000.0,145000.0,93523.34090227126,48000.0,0.0,910257.1392972626,227564.28482431566,682692.854472947,682692.854472947,15142400.0,85971.76535008803,0.0,176512.00308019202,647773.3708669826
F057,medium,6,8,3,6898322.603045572,553443.2394411917,1383608.098602979,1579118.1350830083,3382153.129918393,1032793.2900920355,45000.0,145000.0,208904.77845616746,48000.0,0.0,2171686.601310599,542921.6503276498,1628764.9509829492,2311457.805455896,16338649.600000003,177101.83662118137,456590.672538983,489526.6218757325,1048467.4702747021
F057,medium,6,9,4,10602422.063644927,855069.804936641,2850232.6831221366,2463424.290729493,4433695.2848566575,1594231.3934706657,45000.0,145000.0,314204.5779854214,48000.0,0.0,3352306.191441737,838076.5478604343,2514229.643581303,4825687.449037199,17606371.328,273622.3375797252,940576.7854303049,763661.5301261427,1374445.538305564
F057,medium,6,10,5,14539139.741955876,1174295.8654463205,4403609.495423702,3415948.3498115637,5545286.031274292,2190747.572749503,45000.0,145000.0,426297.58080255496,48000.0,0.0,4606948.468569259,1151737.1171423148,3455211.351426944,8280898.800464143,18949368.954880003,375774.67694282264,1453191.1334898213,1058943.9884415846,1719038.6696950307
F058,high,6,6,1,0.0,0.0,0.0,0.0,0.0,0.0,45000.0,145000.0,0.0,48000.0,0.0,0.0,0.0,0.0,0.0,14560000.0,0.0,0.0,0.0,0.0
F058,high,6,7,2,4337112.655273039,402992.6500785376,0.0,948989.2638720003,2985130.7413225006,641077.0056522358,45000.0,145000.0,139603.27229691116,48000.0,0.0,1348534.8496354274,337133.71240885684,1011401.1372265705,1011401.1372265705,15142400.0,128957.64802513205,0.0,294186.67180032004,925390.5298099753
F058,high,6,8,3,10193749.67139025,830164.8591617874,2075412.1479044685,2368677.2026245124,4919495.461699481,1526129.800161337,45000.0,145000.0,308745.14068890794,48000.0,0.0,3209872.289680685,802468.0724201712,2407404.2172605135,3418805.354487084,16338649.600000003,265652.754931772,684886.0088084745,734289.9328135987,1525043.5931268395
F058,high,6,9,4,16220325.615814295,1282604.7074049616,4275349.024683205,3695136.436094238,6967235.44763189,2438850.968258034,45000.0,145000.0,480807.64258853917,48000.0,0.0,5126633.968470145,1281658.4921175363,3844975.4763526088,7263780.830839693,17606371.328,410433.5063695878,1410865.1781454575,1145492.2951892135,2159842.988765886
F058,high,6,10,5,21971806.26091247,1761443.7981694806,6605414.243135553,5123922.524717346,8481025.694890093,3310585.8563210526,45000.0,145000.0,644339.2706431921,48000.0,0.0,6960982.663727272,1740245.665931818,5220736.997795454,12484517.828635147,18949368.954880003,563662.0154142339,2179786.700234732,1588415.982662377,2629117.9654159294
F059,high,6,6,1,0.0,0.0,0.0,0.0,0.0,0.0,45000.0,145000.0,0.0,48000.0,0.0,0.0,0.0,0.0,0.0,14560000.0,0.0,0.0,0.0,0.0
F059,high,6,7,2,4337112.655273039,402992.6500785376,0.0,948989.2638720003,2985130.7413225006,641077.0056522358,45000.0,145000.0,139603.27229691116,48000.0,0.0,1348534.8496354274,337133.71240885684,1011401.1372265705,1011401.1372265705,15142400.0,128957.64802513205,0.0,294186.67180032004,925390.5298099753
F059,high,6,8,3,10193749.67139025,830164.8591617874,2075412.1479044685,2368677.2026245124,4919495.461699481,1526129.800161337,45000.0,145000.0,308745.14068890794,48000.0,0.0,3209872.289680685,802468.0724201712,2407404.2172605135,3418805.354487084,16338649.600000003,265652.754931772,684886.0088084745,734289.9328135987,1525043.5931268395
F059,high,6,9,4,16220325.615814295,1282604.7074049616,4275349.024683205,3695136.436094238,6967235.44763189,2438850.968258034,45000.0,145000.0,480807.64258853917,48000.0,0.0,5126633.968470145,1281658.4921175363,3844975.4763526088,7263780.830839693,17606371.328,410433.5063695878,1410865.1781454575,1145492.2951892135,2159842.988765886
F059,high,6,10,5,21971806.26091247,1761443.7981694806,6605414.243135553,5123922.524717346,8481025.694890093,3310585.8563210526,45000.0,145000.0,644339.2706431921,48000.0,0.0,6960982.663727272,1740245.665931818,5220736.997795454,12484517.828635147,18949368.954880003,563662.0154142339,2179786.700234732,1588415.982662377,2629117.9654159294
F060,high,6,6,1,0.0,0.0,0.0,0.0,0.0,0.0,45000.0,145000.0,0.0,48000.0,0.0,0.0,0.0,0.0,0.0,14560000.0,0.0,0.0,0.0,0.0
F060,high,6,7,2,4337112.655273039,402992.6500785376,0.0,948989.2638720003,2985130.7413225006,641077.0056522358,45000.0,145000.0,139603.27229691116,48000.0,0.0,1348534.8496354274,337133.71240885684,1011401.1372265705,1011401.1372265705,15142400.0,128957.64802513205,0.0,294186.67180032004,925390.5298099753
F060,high,6,8,3,10193749.67139025,830164.8591617874,2075412.1479044685,2368677.2026245124,4919495.461699481,1526129.800161337,45000.0,145000.0,308745.14068890794,48000.0,0.0,3209872.289680685,802468.0724201712,2407404.2172605135,3418805.354487084,16338649.600000003,265652.754931772,684886.0088084745,734289.9328135987,1525043.5931268395
F060,high,6,9,4,16220325.615814295,1282604.7074049616,4275349.024683205,3695136.436094238,6967235.44763189,2438850.968258034,45000.0,145000.0,480807.64258853917,48000.0,0.0,5126633.968470145,1281658.4921175363,3844975.4763526088,7263780.830839693,17606371.328,410433.5063695878,1410865.1781454575,1145492.2951892135,2159842.988765886
F060,high,6,10,5,21971806.26091247,1761443.7981694806,6605414.243135553,5123922.524717346,8481025.694890093,3310585.8563210526,45000.0,145000.0,644339.2706431921,48000.0,0.0,6960982.663727272,1740245.665931818,5220736.997795454,12484517.828635147,18949368.954880003,563662.0154142339,2179786.700234732,1588415.982662377,2629117.9654159294
F061,low,7,7,1,0.0,0.0,0.0,0.0,0.0,0.0,45000.0,145000.0,0.0,48000.0,0.0,0.0,0.0,0.0,0.0,14560000.0,0.0,0.0,0.0,0.0
F061,low,7,8,2,2139663.0803422867,207541.21479044686,0.0,394779.5337707521,1537342.331781088,317001.6667136355,45000.0,145000.0,68137.68774797613,48000.0,0.0,665370.9670540134,166342.74176350335,499028.22529051005,499028.22529051005,15142400.0,66413.188732943,0.0,122381.65546893312,476576.1228521373
F061,low,7,9,3,4628804.206749989,356279.0853902671,712558.1707805342,1026426.7878039555,2533540.1627752325,691181.9448422642,45000.0,145000.0,142002.8123727339,48000.0,0.0,1452743.2583620101,363185.81459050253,1089557.4437715076,1588585.6690620177,16338649.600000003,114009.30732488549,235144.19635757623,318192.3042192261,785397.4504603222
F061,low,7,10,4,7024924.899009955,587147.9327231603,1467869.8318079005,1707974.1749057819,3261932.9595731124,1051337.6914205144,45000.0,145000.0,213148.79040127748,48000.0,0.0,2212955.594656476,553238.898664119,1659716.6959923569,3248302.3650543746,17606371.328,187887.33847141132,484397.0444966071,529471.9942207923,1011199.217467665
F062,low,7,7,1,0.0,0.0,0.0,0.0,0.0,0.0,45000.0,145000.0,0.0,48000.0,0.0,0.0,0.0,0.0,0.0,14560000.0,0.0,0.0,0.0,0.0
F062,low,7,8,2,2139663.0803422867,207541.21479044686,0.0,394779.5337707521,1537342.331781088,317001.6667136355,45000.0,145000.0,68137.68774797613,48000.0,0.0,665370.9670540134,166342.74176350335,499028.22529051005,499028.22529051005,15142400.0,66413.188732943,0.0,122381.65546893312,476576.1228521373
F062,low,7,9,3,4628804.206749989,356279.0853902671,712558.1707805342,1026426.7878039555,2533540.1627752325,691181.9448422642,45000.0,145000.0,142002.8123727339,48000.0,0.0,1452743.2583620101,363185.81459050253,1089557.4437715076,1588585.6690620177,16338649.600000003,114009.30732488549,235144.19635757623,318192.3042192261,785397.4504603222
F062,low,7,10,4,7024924.899009955,587147.9327231603,1467869.8318079005,1707974.1749057819,3261932.9595731124,1051337.6914205144,45000.0,145000.0,213148.79040127748,48000.0,0.0,2212955.594656476,553238.898664119,1659716.6959923569,3248302.3650543746,17606371.328,187887.33847141132,484397.0444966071,529471.9942207923,1011199.217467665
F063,low,7,7,1,0.0,0.0,0.0,0.0,0.0,0.0,45000.0,145000.0,0.0,48000.0,0.0,0.0,0.0,0.0,0.0,14560000.0,0.0,0.0,0.0,0.0
F063,low,7,8,2,2139663.0803422867,207541.21479044686,0.0,394779.5337707521,1537342.331781088,317001.6667136355,45000.0,145000.0,68137.68774797613,48000.0,0.0,665370.9670540134,166342.74176350335,499028.22529051005,499028.22529051005,15142400.0,66413.188732943,0.0,122381.65546893312,476576.1228521373
F063,low,7,9,3,4628804.206749989,356279.0853902671,712558.1707805342,1026426.7878039555,2533540.1627752325,691181.9448422642,45000.0,145000.0,142002.8123727339,48000.0,0.0,1452743.2583620101,363185.81459050253,1089557.4437715076,1588585.6690620177,16338649.600000003,114009.30732488549,235144.19635757623,318192.3042192261,785397.4504603222
F063,low,7,10,4,7024924.899009955,587147.9327231603,1467869.8318079005,1707974.1749057819,3261932.9595731124,1051337.6914205144,45000.0,145000.0,213148.79040127748,48000.0,0.0,2212955.594656476,553238.898664119,1659716.6959923569,3248302.3650543746,17606371.328,187887.33847141132,484397.0444966071,529471.9942207923,1011199.217467665
F064,low,7,7,1,0.0,0.0,0.0,0.0,0.0,0.0,45000.0,145000.0,0.0,48000.0,0.0,0.0,0.0,0.0,0.0,14560000.0,0.0,0.0,0.0,0.0
F064,low,7,8,2,2139663.0803422867,207541.21479044686,0.0,394779.5337707521,1537342.331781088,317001.6667136355,45000.0,145000.0,68137.68774797613,48000.0,0.0,665370.9670540134,166342.74176350335,499028.22529051005,499028.22529051005,15142400.0,66413.188732943,0.0,122381.65546893312,476576.1228521373
F064,low,7,9,3,4628804.206749989,356279.0853902671,712558.1707805342,1026426.7878039555,2533540.1627752325,691181.9448422642,45000.0,145000.0,142002.8123727339,48000.0,0.0,1452743.2583620101,363185.81459050253,1089557.4437715076,1588585.6690620177,16338649.600000003,114009.30732488549,235144.19635757623,318192.3042192261,785397.4504603222
F064,low,7,10,4,7024924.899009955,587147.9327231603,1467869.8318079005,1707974.1749057819,3261932.9595731124,1051337.6914205144,45000.0,145000.0,213148.79040127748,48000.0,0.0,2212955.594656476,553238.898664119,1659716.6959923569,3248302.3650543746,17606371.328,187887.33847141132,484397.0444966071,529471.9942207923,1011199.217467665
F065,medium,7,7,1,0.0,0.0,0.0,0.0,0.0,0.0,45000.0,145000.0,0.0,48000.0,0.0,0.0,0.0,0.0,0.0,14560000.0,0.0,0.0,0.0,0.0
F065,medium,7,8,2,3021170.184870247,276721.61972059583,0.0,592169.3006561281,2152279.2644935227,447253.8347239757,45000.0,145000.0,96556.79855266868,48000.0,0.0,939329.9735069826,234832.49337674564,704497.480130237,704497.480130237,15142400.0,88550.91831059068,0.0,183572.48320339966,667206.5719929922
F065,medium,7,9,3,7121063.462487769,570046.5366244273,1425116.3415610683,1642282.8604863286,3483617.723815945,1065987.8541839127,45000.0,145000.0,215803.56906388566,48000.0,0.0,2241732.465568674,560433.1163921684,1681299.3491765053,2385796.829306742,16338649.600000003,182414.89171981678,470288.39271515247,509107.68675076176,1079921.494382943
F065,medium,7,10,4,10945128.968461573,880721.8990847403,2935739.663615801,2561961.262358673,4566706.143402358,1645507.1292818072,45000.0,145000.0,324616.08504127583,48000.0,0.0,3460511.9924862506,865127.9981215626,2595383.994364688,4981180.82367143,17606371.328,281831.00770711695,968794.0889932142,794207.9913311885,1415678.9044547311
F066,medium,7,7,1,0.0,0.0,0.0,0.0,0.0,0.0,45000.0,145000.0,0.0,48000.0,0.0,0.0,0.0,0.0,0.0,14560000.0,0.0,0.0,0.0,0.0
F066,medium,7,8,2,3021170.184870247,276721.61972059583,0.0,592169.3006561281,2152279.2644935227,447253.8347239757,45000.0,145000.0,96556.79855266868,48000.0,0.0,939329.9735069826,234832.49337674564,704497.480130237,704497.480130237,15142400.0,88550.91831059068,0.0,183572.48320339966,667206.5719929922
F066,medium,7,9,3,7121063.462487769,570046.5366244273,1425116.3415610683,1642282.8604863286,3483617.723815945,1065987.8541839127,45000.0,145000.0,215803.56906388566,48000.0,0.0,2241732.465568674,560433.1163921684,1681299.3491765053,2385796.829306742,16338649.600000003,182414.89171981678,470288.39271515247,509107.68675076176,1079921.494382943
F066,medium,7,10,4,10945128.968461573,880721.8990847403,2935739.663615801,2561961.262358673,4566706.143402358,1645507.1292818072,45000.0,145000.0,324616.08504127583,48000.0,0.0,3460511.9924862506,865127.9981215626,2595383.994364688,4981180.82367143,17606371.328,281831.00770711695,968794.0889932142,794207.9913311885,1415678.9044547311
F067,medium,7,7,1,0.0,0.0,0.0,0.0,0.0,0.0,45000.0,145000.0,0.0,48000.0,0.0,0.0,0.0,0.0,0.0,14560000.0,0.0,0.0,0.0,0.0
F067,medium,7,8,2,3021170.184870247,276721.61972059583,0.0,592169.3006561281,2152279.2644935227,447253.8347239757,45000.0,145000.0,96556.79855266868,48000.0,0.0,939329.9735069826,234832.49337674564,704497.480130237,704497.480130237,15142400.0,88550.91831059068,0.0,183572.48320339966,667206.5719929922
F067,medium,7,9,3,7121063.462487769,570046.5366244273,1425116.3415610683,1642282.8604863286,3483617.723815945,1065987.8541839127,45000.0,145000.0,215803.56906388566,48000.0,0.0,2241732.465568674,560433.1163921684,1681299.3491765053,2385796.829306742,16338649.600000003,182414.89171981678,470288.39271515247,509107.68675076176,1079921.494382943
F067,medium,7,10,4,10945128.968461573,880721.8990847403,2935739.663615801,2561961.262358673,4566706.143402358,1645507.1292818072,45000.0,145000.0,324616.08504127583,48000.0,0.0,3460511.9924862506,865127.9981215626,2595383.994364688,4981180.82367143,17606371.328,281831.00770711695,968794.0889932142,794207.9913311885,1415678.9044547311
F068,high,7,7,1,0.0,0.0,0.0,0.0,0.0,0.0,45000.0,145000.0,0.0,48000.0,0.0,0.0,0.0,0.0,0.0,14560000.0,0.0,0.0,0.0,0.0
F068,high,7,8,2,4476715.92756995,415082.4295808937,0.0,986948.8344268802,3074684.663562176,661637.9007912236,45000.0,145000.0,144170.9661713673,48000.0,0.0,1391932.7618424934,347983.19046062336,1043949.5713818701,1043949.5713818701,15142400.0,132826.377465886,0.0,305954.1386723328,953152.2457042746
F068,high,7,9,3,10523248.933558201,855069.804936641,2137674.5123416027,2463424.290729493,5067080.325550465,1575229.8422498514,45000.0,145000.0,318954.96579062496,48000.0,0.0,3313511.357699241,828377.8394248103,2485133.5182744307,3529083.089656301,16338649.600000003,273622.3375797252,705432.5890727288,763661.5301261427,1570794.9009206444
F068,high,7,10,4,16743886.748649668,1321082.8486271105,4403609.495423702,3842941.8935380075,7176252.511060848,2517189.688316307,45000.0,145000.0,496709.926440633,48000.0,0.0,5291887.910476143,1322971.9776190356,3968915.932857107,7497999.022513408,17606371.328,422746.51156067546,1453191.1334898213,1191311.986996782,2224638.2784288633
F069,high,7,7,1,0.0,0.0,0.0,0.0,0.0,0.0,45000.0,145000.0,0.0,48000.0,0.0,0.0,0.0,0.0,0.0,14560000.0,0.0,0.0,0.0,0.0
F069,high,7,8,2,4476715.92756995,415082.4295808937,0.0,986948.8344268802,3074684.663562176,661637.9007912236,45000.0,145000.0,144170.9661713673,48000.0,0.0,1391932.7618424934,347983.19046062336,1043949.5713818701,1043949.5713818701,15142400.0,132826.377465886,0.0,305954.1386723328,953152.2457042746
F069,high,7,9,3,10523248.933558201,855069.804936641,2137674.5123416027,2463424.290729493,5067080.325550465,1575229.8422498514,45000.0,145000.0,318954.96579062496,48000.0,0.0,3313511.357699241,828377.8394248103,2485133.5182744307,3529083.089656301,16338649.600000003,273622.3375797252,705432.5890727288,763661.5301261427,1570794.9009206444
F069,high,7,10,4,16743886.748649668,1321082.8486271105,4403609.495423702,3842941.8935380075,7176252.511060848,2517189.688316307,45000.0,145000.0,496709.926440633,48000.0,0.0,5291887.910476143,1322971.9776190356,3968915.932857107,7497999.022513408,17606371.328,422746.51156067546,1453191.1334898213,1191311.986996782,2224638.2784288633
F070,high,7,7,1,0.0,0.0,0.0,0.0,0.0,0.0,45000.0,145000.0,0.0,48000.0,0.0,0.0,0.0,0.0,0.0,14560000.0,0.0,0.0,0.0,0.0
F070,high,7,8,2,4476715.92756995,415082.4295808937,0.0,986948.8344268802,3074684.663562176,661637.9007912236,45000.0,145000.0,144170.9661713673,48000.0,0.0,1391932.7618424934,347983.19046062336,1043949.5713818701,1043949.5713818701,15142400.0,132826.377465886,0.0,305954.1386723328,953152.2457042746
F070,high,7,9,3,10523248.933558201,855069.804936641,2137674.5123416027,2463424.290729493,5067080.325550465,1575229.8422498514,45000.0,145000.0,318954.96579062496,48000.0,0.0,3313511.357699241,828377.8394248103,2485133.5182744307,3529083.089656301,16338649.600000003,273622.3375797252,705432.5890727288,763661.5301261427,1570794.9009206444
F070,high,7,10,4,16743886.748649668,1321082.8486271105,4403609.495423702,3842941.8935380075,7176252.511060848,2517189.688316307,45000.0,145000.0,496709.926440633,48000.0,0.0,5291887.910476143,1322971.9776190356,3968915.932857107,7497999.022513408,17606371.328,422746.51156067546,1453191.1334898213,1191311.986996782,2224638.2784288633
F071,low,8,8,1,0.0,0.0,0.0,0.0,0.0,0.0,45000.0,145000.0,0.0,48000.0,0.0,0.0,0.0,0.0,0.0,14560000.0,0.0,0.0,0.0,0.0
F071,low,8,9,2,2207800.768090263,213767.45123416025,0.0,410570.71512158215,1583462.6017345204,327064.4080623236,45000.0,145000.0,70339.73019392371,48000.0,0.0,686555.9126203232,171638.9781550808,514916.93446524243,514916.93446524243,15142400.0,68405.5843949313,0.0,127276.92168769044,490873.40653770143
F071,low,8,10,3,4777932.600830529,366967.4579519751,733934.9159039502,1067483.8593161136,2609546.36765849,713354.4006904577,45000.0,145000.0,146673.4674590375,48000.0,0.0,1499507.4791550627,374876.8697887657,1124630.609366297,1639547.5438315393,16338649.600000003,117429.58654463205,242198.52224830355,330919.99638799514,808959.373974132
F072,low,8,8,1,0.0,0.0,0.0,0.0,0.0,0.0,45000.0,145000.0,0.0,48000.0,0.0,0.0,0.0,0.0,0.0,14560000.0,0.0,0.0,0.0,0.0
F072,low,8,9,2,2207800.768090263,213767.45123416025,0.0,410570.71512158215,1583462.6017345204,327064.4080623236,45000.0,145000.0,70339.73019392371,48000.0,0.0,686555.9126203232,171638.9781550808,514916.93446524243,514916.93446524243,15142400.0,68405.5843949313,0.0,127276.92168769044,490873.40653770143
F072,low,8,10,3,4777932.600830529,366967.4579519751,733934.9159039502,1067483.8593161136,2609546.36765849,713354.4006904577,45000.0,145000.0,146673.4674590375,48000.0,0.0,1499507.4791550627,374876.8697887657,1124630.609366297,1639547.5438315393,16338649.600000003,117429.58654463205,242198.52224830355,330919.99638799514,808959.373974132
F073,low,8,8,1,0.0,0.0,0.0,0.0,0.0,0.0,45000.0,145000.0,0.0,48000.0,0.0,0.0,0.0,0.0,0.0,14560000.0,0.0,0.0,0.0,0.0
F073,low,8,9,2,2207800.768090263,213767.45123416025,0.0,410570.71512158215,1583462.6017345204,327064.4080623236,45000.0,145000.0,70339.73019392371,48000.0,0.0,686555.9126203232,171638.9781550808,514916.93446524243,514916.93446524243,15142400.0,68405.5843949313,0.0,127276.92168769044,490873.40653770143
F073,low,8,10,3,4777932.600830529,366967.4579519751,733934.9159039502,1067483.8593161136,2609546.36765849,713354.4006904577,45000.0,145000.0,146673.4674590375,48000.0,0.0,1499507.4791550627,374876.8697887657,1124630.609366297,1639547.5438315393,16338649.600000003,117429.58654463205,242198.52224830355,330919.99638799514,808959.373974132
F074,low,8,8,1,0.0,0.0,0.0,0.0,0.0,0.0,45000.0,145000.0,0.0,48000.0,0.0,0.0,0.0,0.0,0.0,14560000.0,0.0,0.0,0.0,0.0
F074,low,8,9,2,2207800.768090263,213767.45123416025,0.0,410570.71512158215,1583462.6017345204,327064.4080623236,45000.0,145000.0,70339.73019392371,48000.0,0.0,686555.9126203232,171638.9781550808,514916.93446524243,514916.93446524243,15142400.0,68405.5843949313,0.0,127276.92168769044,490873.40653770143
F074,low,8,10,3,4777932.600830529,366967.4579519751,733934.9159039502,1067483.8593161136,2609546.36765849,713354.4006904577,45000.0,145000.0,146673.4674590375,48000.0,0.0,1499507.4791550627,374876.8697887657,1124630.609366297,1639547.5438315393,16338649.600000003,117429.58654463205,242198.52224830355,330919.99638799514,808959.373974132
F075,medium,8,8,1,0.0,0.0,0.0,0.0,0.0,0.0,45000.0,145000.0,0.0,48000.0,0.0,0.0,0.0,0.0,0.0,14560000.0,0.0,0.0,0.0,0.0
F075,medium,8,9,2,3117726.9834229155,285023.26831221365,0.0,615856.0726823732,2216847.6424283287,461500.4867866136,45000.0,145000.0,99690.3702295112,48000.0,0.0,969345.5975442261,242336.39938605652,727009.1981581696,727009.1981581696,15142400.0,91207.44585990839,0.0,190915.38253153567,687222.769152782
F075,medium,8,10,3,7351118.194967266,587147.9327231603,1467869.8318079005,1707974.1749057819,3588126.255530424,1100266.685814111,45000.0,145000.0,222934.5892799968,48000.0,0.0,2314075.516403242,578518.8791008105,1735556.6373024315,2462565.8354606014,16338649.600000003,187887.33847141132,484397.0444966071,529471.9942207923,1112319.1392144316
F076,medium,8,8,1,0.0,0.0,0.0,0.0,0.0,0.0,45000.0,145000.0,0.0,48000.0,0.0,0.0,0.0,0.0,0.0,14560000.0,0.0,0.0,0.0,0.0
F076,medium,8,9,2,3117726.9834229155,285023.26831221365,0.0,615856.0726823732,2216847.6424283287,461500.4867866136,45000.0,145000.0,99690.3702295112,48000.0,0.0,969345.5975442261,242336.39938605652,727009.1981581696,727009.1981581696,15142400.0,91207.44585990839,0.0,190915.38253153567,687222.769152782
F076,medium,8,10,3,7351118.194967266,587147.9327231603,1467869.8318079005,1707974.1749057819,3588126.255530424,1100266.685814111,45000.0,145000.0,222934.5892799968,48000.0,0.0,2314075.516403242,578518.8791008105,1735556.6373024315,2462565.8354606014,16338649.600000003,187887.33847141132,484397.0444966071,529471.9942207923,1112319.1392144316
F077,medium,8,8,1,0.0,0.0,0.0,0.0,0.0,0.0,45000.0,145000.0,0.0,48000.0,0.0,0.0,0.0,0.0,0.0,14560000.0,0.0,0.0,0.0,0.0
F077,medium,8,9,2,3117726.9834229155,285023.26831221365,0.0,615856.0726823732,2216847.6424283287,461500.4867866136,45000.0,145000.0,99690.3702295112,48000.0,0.0,969345.5975442261,242336.39938605652,727009.1981581696,727009.1981581696,15142400.0,91207.44585990839,0.0,190915.38253153567,687222.769152782
F077,medium,8,10,3,7351118.194967266,587147.9327231603,1467869.8318079005,1707974.1749057819,3588126.255530424,1100266.685814111,45000.0,145000.0,222934.5892799968,48000.0,0.0,2314075.516403242,578518.8791008105,1735556.6373024315,2462565.8354606014,16338649.600000003,187887.33847141132,484397.0444966071,529471.9942207923,1112319.1392144316
F078,high,8,8,1,0.0,0.0,0.0,0.0,0.0,0.0,45000.0,145000.0,0.0,48000.0,0.0,0.0,0.0,0.0,0.0,14560000.0,0.0,0.0,0.0,0.0
F078,high,8,9,2,4620886.893741317,427534.9024683205,0.0,1026426.7878039555,3166925.203469041,682868.7661831579,45000.0,145000.0,148890.87469027904,48000.0,0.0,1436750.2860844915,359187.5715211229,1077562.7145633686,1077562.7145633686,15142400.0,136811.1687898626,0.0,318192.3042192261,981746.8130754029
F078,high,8,10,3,10863580.644472245,880721.8990847403,2201804.747711851,2561961.262358673,5219092.73531698,1625935.531524368,45000.0,145000.0,329508.9844806355,48000.0,0.0,3420553.3137314804,855138.3284328701,2565414.9852986103,3642977.699861979,16338649.600000003,281831.00770711695,726595.5667449107,794207.9913311885,1617918.747948264
F079,high,8,8,1,0.0,0.0,0.0,0.0,0.0,0.0,45000.0,145000.0,0.0,48000.0,0.0,0.0,0.0,0.0,0.0,14560000.0,0.0,0.0,0.0,0.0
F079,high,8,9,2,4620886.893741317,427534.9024683205,0.0,1026426.7878039555,3166925.203469041,682868.7661831579,45000.0,145000.0,148890.87469027904,48000.0,0.0,1436750.2860844915,359187.5715211229,1077562.7145633686,1077562.7145633686,15142400.0,136811.1687898626,0.0,318192.3042192261,981746.8130754029
F079,high,8,10,3,10863580.644472245,880721.8990847403,2201804.747711851,2561961.262358673,5219092.73531698,1625935.531524368,45000.0,145000.0,329508.9844806355,48000.0,0.0,3420553.3137314804,855138.3284328701,2565414.9852986103,3642977.699861979,16338649.600000003,281831.00770711695,726595.5667449107,794207.9913311885,1617918.747948264
F080,high,8,8,1,0.0,0.0,0.0,0.0,0.0,0.0,45000.0,145000.0,0.0,48000.0,0.0,0.0,0.0,0.0,0.0,14560000.0,0.0,0.0,0.0,0.0
F080,high,8,9,2,4620886.893741317,427534.9024683205,0.0,1026426.7878039555,3166925.203469041,682868.7661831579,45000.0,145000.0,148890.87469027904,48000.0,0.0,1436750.2860844915,359187.5715211229,1077562.7145633686,1077562.7145633686,15142400.0,136811.1687898626,0.0,318192.3042192261,981746.8130754029
F080,high,8,10,3,10863580.644472245,880721.8990847403,2201804.747711851,2561961.262358673,5219092.73531698,1625935.531524368,45000.0,145000.0,329508.9844806355,48000.0,0.0,3420553.3137314804,855138.3284328701,2565414.9852986103,3642977.699861979,16338649.600000003,281831.00770711695,726595.5667449107,794207.9913311885,1617918.747948264
F081,low,9,9,1,0.0,0.0,0.0,0.0,0.0,0.0,45000.0,145000.0,0.0,48000.0,0.0,0.0,0.0,0.0,0.0,14560000.0,0.0,0.0,0.0,0.0
F081,low,9,10,2,2278140.4982841867,220180.47477118508,0.0,426993.54372644547,1630966.4797865562,337451.1393053635,45000.0,145000.0,72614.15038579007,48000.0,0.0,708425.3592158097,177106.33980395243,531319.0194118572,531319.0194118572,15142400.0,70457.75192677924,0.0,132367.99855519808,505599.6087338325
F082,low,9,9,1,0.0,0.0,0.0,0.0,0.0,0.0,45000.0,145000.0,0.0,48000.0,0.0,0.0,0.0,0.0,0.0,14560000.0,0.0,0.0,0.0,0.0
F082,low,9,10,2,2278140.4982841867,220180.47477118508,0.0,426993.54372644547,1630966.4797865562,337451.1393053635,45000.0,145000.0,72614.15038579007,48000.0,0.0,708425.3592158097,177106.33980395243,531319.0194118572,531319.0194118572,15142400.0,70457.75192677924,0.0,132367.99855519808,505599.6087338325
F083,low,9,9,1,0.0,0.0,0.0,0.0,0.0,0.0,45000.0,145000.0,0.0,48000.0,0.0,0.0,0.0,0.0,0.0,14560000.0,0.0,0.0,0.0,0.0
F083,low,9,10,2,2278140.4982841867,220180.47477118508,0.0,426993.54372644547,1630966.4797865562,337451.1393053635,45000.0,145000.0,72614.15038579007,48000.0,0.0,708425.3592158097,177106.33980395243,531319.0194118572,531319.0194118572,15142400.0,70457.75192677924,0.0,132367.99855519808,505599.6087338325
F084,low,9,9,1,0.0,0.0,0.0,0.0,0.0,0.0,45000.0,145000.0,0.0,48000.0,0.0,0.0,0.0,0.0,0.0,14560000.0,0.0,0.0,0.0,0.0
F084,low,9,10,2,2278140.4982841867,220180.47477118508,0.0,426993.54372644547,1630966.4797865562,337451.1393053635,45000.0,145000.0,72614.15038579007,48000.0,0.0,708425.3592158097,177106.33980395243,531319.0194118572,531319.0194118572,15142400.0,70457.75192677924,0.0,132367.99855519808,505599.6087338325
F085,medium,9,9,1,0.0,0.0,0.0,0.0,0.0,0.0,45000.0,145000.0,0.0,48000.0,0.0,0.0,0.0,0.0,0.0,14560000.0,0.0,0.0,0.0,0.0
F085,medium,9,10,2,3217417.353652427,293573.9663615801,0.0,640490.3155896682,2283353.071701179,476207.69989196735,45000.0,145000.0,102927.4237654695,48000.0,0.0,1000335.1192958683,250083.77982396708,750251.3394719013,750251.3394719013,15142400.0,93943.66923570566,0.0,198551.99783279712,707839.4522273656
F086,medium,9,9,1,0.0,0.0,0.0,0.0,0.0,0.0,45000.0,145000.0,0.0,48000.0,0.0,0.0,0.0,0.0,0.0,14560000.0,0.0,0.0,0.0,0.0
F086,medium,9,10,2,3217417.353652427,293573.9663615801,0.0,640490.3155896682,2283353.071701179,476207.69989196735,45000.0,145000.0,102927.4237654695,48000.0,0.0,1000335.1192958683,250083.77982396708,750251.3394719013,750251.3394719013,15142400.0,93943.66923570566,0.0,198551.99783279712,707839.4522273656
F087,medium,9,9,1,0.0,0.0,0.0,0.0,0.0,0.0,45000.0,145000.0,0.0,48000.0,0.0,0.0,0.0,0.0,0.0,14560000.0,0.0,0.0,0.0,0.0
F087,medium,9,10,2,3217417.353652427,293573.9663615801,0.0,640490.3155896682,2283353.071701179,476207.69989196735,45000.0,145000.0,102927.4237654695,48000.0,0.0,1000335.1192958683,250083.77982396708,750251.3394719013,750251.3394719013,15142400.0,93943.66923570566,0.0,198551.99783279712,707839.4522273656
F088,high,9,9,1,0.0,0.0,0.0,0.0,0.0,0.0,45000.0,145000.0,0.0,48000.0,0.0,0.0,0.0,0.0,0.0,14560000.0,0.0,0.0,0.0,0.0
F088,high,9,10,2,4769777.768431596,440360.94954237016,0.0,1067483.8593161136,3261932.9595731124,704791.8266715782,45000.0,145000.0,153768.17164610903,48000.0,0.0,1483034.7177092186,370758.67942730465,1112276.0382819138,1112276.0382819138,15142400.0,140915.50385355848,0.0,330919.99638799514,1011199.217467665
F089,high,9,9,1,0.0,0.0,0.0,0.0,0.0,0.0,45000.0,145000.0,0.0,48000.0,0.0,0.0,0.0,0.0,0.0,14560000.0,0.0,0.0,0.0,0.0
F089,high,9,10,2,4769777.768431596,440360.94954237016,0.0,1067483.8593161136,3261932.9595731124,704791.8266715782,45000.0,145000.0,153768.17164610903,48000.0,0.0,1483034.7177092186,370758.67942730465,1112276.0382819138,1112276.0382819138,15142400.0,140915.50385355848,0.0,330919.99638799514,1011199.217467665
F090,high,9,9,1,0.0,0.0,0.0,0.0,0.0,0.0,45000.0,145000.0,0.0,48000.0,0.0,0.0,0.0,0.0,0.0,14560000.0,0.0,0.0,0.0,0.0
F090,high,9,10,2,4769777.768431596,440360.94954237016,0.0,1067483.8593161136,3261932.9595731124,704791.8266715782,45000.0,145000.0,153768.17164610903,48000.0,0.0,1483034.7177092186,370758.67942730465,1112276.0382819138,1112276.0382819138,15142400.0,140915.50385355848,0.0,330919.99638799514,1011199.217467665
F091,low,10,10,1,0.0,0.0,0.0,0.0,0.0,0.0,45000.0,145000.0,0.0,48000.0,0.0,0.0,0.0,0.0,0.0,14560000.0,0.0,0.0,0.0,0.0
F092,low,10,10,1,0.0,0.0,0.0,0.0,0.0,0.0,45000.0,145000.0,0.0,48000.0,0.0,0.0,0.0,0.0,0.0,14560000.0,0.0,0.0,0.0,0.0
F093,low,10,10,1,0.0,0.0,0.0,0.0,0.0,0.0,45000.0,145000.0,0.0,48000.0,0.0,0.0,0.0,0.0,0.0,14560000.0,0.0,0.0,0.0,0.0
F094,low,10,10,1,0.0,0.0,0.0,0.0,0.0,0.0,45000.0,145000.0,0.0,48000.0,0.0,0.0,0.0,0.0,0.0,14560000.0,0.0,0.0,0.0,0.0
F095,medium,10,10,1,0.0,0.0,0.0,0.0,0.0,0.0,45000.0,145000.0,0.0,48000.0,0.0,0.0,0.0,0.0,0.0,14560000.0,0.0,0.0,0.0,0.0
F096,medium,10,10,1,0.0,0.0,0.0,0.0,0.0,0.0,45000.0,145000.0,0.0,48000.0,0.0,0.0,0.0,0.0,0.0,14560000.0,0.0,0.0,0.0,0.0
F097,medium,10,10,1,0.0,0.0,0.0,0.0,0.0,0.0,45000.0,145000.0,0.0,48000.0,0.0,0.0,0.0,0.0,0.0,14560000.0,0.0,0.0,0.0,0.0
F098,high,10,10,1,0.0,0.0,0.0,0.0,0.0,0.0,45000.0,145000.0,0.0,48000.0,0.0,0.0,0.0,0.0,0.0,14560000.0,0.0,0.0,0.0,0.0
F099,high,10,10,1,0.0,0.0,0.0,0.0,0.0,0.0,45000.0,145000.0,0.0,48000.0,0.0,0.0,0.0,0.0,0.0,14560000.0,0.0,0.0,0.0,0.0
F100,high,10,10,1,0.0,0.0,0.0,0.0,0.0,0.0,45000.0,145000.0,0.0,48000.0,0.0,0.0,0.0,0.0,0.0,14560000.0,0.0,0.0,0.0,0.0
