year,farms_acquired,capital_raised,new_tokens,funding_source
1,10,140000000.0,140000000.0,initial_raise
2,10,140000000.0,134615384.6153846,equity
3,10,133733571.875,121089532.90575366,mixed
4,10,117004955.271875,95777628.25325434,mixed
5,10,89388029.95165625,63940532.9988499,mixed
6,10,50701055.54975562,30767569.673572164,mixed
7,10,1361809.038118571,683270.0355172233,mixed
8,10,0.0,0.0,treasury
9,10,0.0,0.0,treasury
10,10,0.0,0.0,treasury
