farm_id,farm_type,year,age,stream,gross_revenue,expert_cost,supplier_cost,operator_cost,operator_overflow_allocated,project_dev_cost,admin_cost,treasury_pretax_rate,treasury_pretax_base,treasury_pretax_total,net_profit_before_tax
F001,low,2,2,forestry,173812.5,15000.0,45000.0,3528.565890106792,0.0,26071.875,5214.375,0.32000000000000006,55620.00000000001,55620.00000000001,55620.00000000001
F001,low,2,2,biodiversity,312000.0,10000.0,35000.0,6333.908997991048,0.0,43680.00000000001,12480.0,0.30999999999999994,96719.99999999999,96719.99999999999,96719.99999999999
F001,low,2,2,beef,1287500.0,12000.0,40000.0,26137.52511190216,0.0,193125.0,38625.0,0.31000000000000005,399125.00000000006,399125.00000000006,399125.00000000006
F001,low,3,3,forestry,298378.125,15000.0,45000.0,3741.2871641947004,0.0,44756.71875,8951.34375,0.32000000000000006,95481.00000000001,95481.00000000001,95481.00000000001
F001,low,3,3,soil,596756.25,8000.0,25000.0,7482.574328389401,0.0,95481.0,11935.125,0.32999999999999996,196929.56249999997,196929.56249999997,196929.56249999997
F001,low,3,3,biodiversity,811200.0,10000.0,35000.0,10171.42978425359,0.0,113568.00000000001,32448.0,0.30999999999999994,251471.99999999994,251471.99999999994,251471.99999999994
F001,low,3,3,beef,2121799.9999999995,12000.0,40000.0,26604.708723162308,0.0,318269.99999999994,63653.999999999985,0.31000000000000005,657758.0,657758.0,657758.0
F001,low,4,4,forestry,491727.14999999997,15000.0,45000.0,4067.573016976887,0.0,73759.0725,14751.814499999999,0.32000000000000006,157352.68800000002,157352.68800000002,157352.68800000002
F001,low,4,4,soil,1229317.875,8000.0,25000.0,10168.932542442219,0.0,196690.86000000002,24586.357500000002,0.32999999999999996,405674.89874999993,405674.89874999993,405674.89874999993
F001,low,4,4,biodiversity,1349836.8,10000.0,35000.0,11165.866568487072,0.0,188977.15200000003,53993.472,0.30999999999999994,418449.40799999994,418449.40799999994,418449.40799999994
F001,low,4,4,beef,2731817.5,12000.0,40000.0,22597.62787209382,0.0,409772.625,81954.525,0.31000000000000005,846863.4250000002,846863.4250000002,846863.4250000002
F001,low,5,5,forestry,633098.7056250001,15000.0,45000.0,3965.2781053158164,0.0,94964.80584375,18992.96116875,0.32000000000000006,202591.58580000006,202591.58580000006,202591.58580000006
F001,low,5,5,soil,1899296.116875,8000.0,25000.0,11895.83431594745,0.0,303887.3787,37985.9223375,0.32999999999999996,626767.71856875,626767.71856875,626767.71856875
F001,low,5,5,biodiversity,1754787.8400000003,10000.0,35000.0,10990.73768371904,0.0,245670.29760000008,70191.51360000002,0.30999999999999994,543984.2304,543984.2304,543984.2304
F001,low,5,5,beef,3376526.43,12000.0,40000.0,21148.14989501769,0.0,506478.9645,101295.7929,0.31000000000000005,1046723.1933000003,1046723.1933000003,1046723.1933000003
F001,low,6,6,forestry,782510.0001525001,15000.0,45000.0,3896.9980753012783,0.0,117376.50002287501,23475.300004575,0.32000000000000006,250403.2000488001,250403.2000488001,250403.2000488001
F001,low,6,6,soil,2608366.667175,8000.0,25000.0,12989.993584337592,0.0,417338.666748,52167.3333435,0.32999999999999996,860761.0001677499,860761.0001677499,860761.0001677499
F001,low,6,6,biodiversity,2189975.22432,10000.0,35000.0,10906.351653613761,0.0,306596.5314048,87599.0089728,0.30999999999999994,678892.3195391999,678892.3195391999,678892.3195391999
F001,low,6,6,beef,4057459.2600500006,12000.0,40000.0,20206.656686747367,0.0,608618.8890075,121723.77780150001,0.31000000000000005,1257812.3706155005,1257812.3706155005,1257812.3706155005
F001,low,7,7,forestry,873150.7418368314,15000.0,45000.0,3799.590340701721,0.0,130972.61127552472,26194.52225510494,0.32000000000000006,279408.2373877861,279408.2373877861,279408.2373877861
F001,low,7,7,soil,3022444.8755890317,8000.0,25000.0,13152.428102429032,0.0,483591.18009424506,60448.89751178063,0.32999999999999996,997406.8089443804,997406.8089443804,997406.8089443804
F001,low,7,7,biodiversity,2657169.938841601,10000.0,35000.0,11562.902886604008,0.0,372003.79143782414,106286.79755366404,0.30999999999999994,823722.6810408961,823722.6810408961,823722.6810408961
F001,low,7,7,beef,4477696.111983751,12000.0,40000.0,19485.078670265233,0.0,671654.4167975626,134330.88335951252,0.31000000000000005,1388085.794714963,1388085.794714963,1388085.794714963
F001,low,8,8,forestry,968525.6690220853,15000.0,45000.0,3777.1900885349164,0.0,145278.8503533128,29055.77007066256,0.32000000000000006,309928.21408706735,309928.21408706735,309928.21408706735
F001,low,8,8,soil,3459020.2465074477,8000.0,25000.0,13489.964601910417,0.0,553443.2394411917,69180.40493014896,0.32999999999999996,1141476.6813474577,1141476.6813474577,1141476.6813474577
F001,low,8,8,biodiversity,2960846.5032806406,10000.0,35000.0,11547.117875726512,0.0,414518.5104592897,118433.86013122562,0.30999999999999994,917862.4160169984,917862.4160169984,917862.4160169984
F001,low,8,8,beef,4919495.461699481,12000.0,40000.0,19185.72743382815,0.0,737924.3192549221,147584.86385098443,0.31000000000000005,1525043.5931268395,1525043.5931268395,1525043.5931268395
F001,low,9,9,forestry,1068837.2561708014,15000.0,45000.0,3846.019980243128,0.0,160325.5884256202,32065.117685124038,0.32000000000000006,342027.9219746565,342027.9219746565,342027.9219746565
F001,low,9,9,soil,3919069.939292938,8000.0,25000.0,14102.073260891468,0.0,627051.1902868701,78381.39878585876,0.32999999999999996,1293293.0799666694,1293293.0799666694,1293293.0799666694
F001,low,9,9,biodiversity,3284565.720972657,10000.0,35000.0,11818.92314882391,0.0,459839.20093617204,131382.6288389063,0.30999999999999994,1018215.3735015235,1018215.3735015235,1018215.3735015235
F001,low,9,9,beef,5067080.325550465,12000.0,40000.0,18232.983610041494,0.0,760062.0488325697,152012.40976651394,0.31000000000000005,1570794.9009206444,1570794.9009206444,1570794.9009206444
F001,low,10,10,forestry,1100902.3738559254,15000.0,45000.0,3737.2690717643877,0.0,165135.3560783888,33027.07121567776,0.32000000000000006,352288.7596338962,352288.7596338962,352288.7596338962
F001,low,10,10,soil,4403609.495423702,8000.0,25000.0,14949.07628705755,0.0,704577.5192677922,88072.18990847403,0.32999999999999996,1453191.1334898213,1453191.1334898213,1453191.1334898213
F001,low,10,10,biodiversity,3415948.3498115637,10000.0,35000.0,11596.230893554306,0.0,478232.768973619,136637.93399246255,0.30999999999999994,1058943.9884415846,1058943.9884415846,1058943.9884415846
F001,low,10,10,beef,5219092.73531698,12000.0,40000.0,17717.423747623765,0.0,782863.9102975469,156572.7820595094,0.31000000000000005,1617918.747948264,1617918.747948264,1617918.747948264
F002,low,2,2,forestry,173812.5,15000.0,45000.0,3528.565890106792,0.0,26071.875,5214.375,0.32000000000000006,55620.00000000001,55620.00000000001,55620.00000000001
F002,low,2,2,biodiversity,312000.0,10000.0,35000.0,6333.908997991048,0.0,43680.00000000001,12480.0,0.30999999999999994,96719.99999999999,96719.99999999999,96719.99999999999
F002,low,2,2,beef,1287500.0,12000.0,40000.0,26137.52511190216,0.0,193125.0,38625.0,0.31000000000000005,399125.00000000006,399125.00000000006,399125.00000000006
F002,low,3,3,forestry,298378.125,15000.0,45000.0,3741.2871641947004,0.0,44756.71875,8951.34375,0.32000000000000006,95481.00000000001,95481.00000000001,95481.00000000001
F002,low,3,3,soil,596756.25,8000.0,25000.0,7482.574328389401,0.0,95481.0,11935.125,0.32999999999999996,196929.56249999997,196929.56249999997,196929.56249999997
F002,low,3,3,biodiversity,811200.0,10000.0,35000.0,10171.42978425359,0.0,113568.00000000001,32448.0,0.30999999999999994,251471.99999999994,251471.99999999994,251471.99999999994
F002,low,3,3,beef,2121799.9999999995,12000.0,40000.0,26604.708723162308,0.0,318269.99999999994,63653.999999999985,0.31000000000000005,657758.0,657758.0,657758.0
F002,low,4,4,forestry,491727.14999999997,15000.0,45000.0,4067.573016976887,0.0,73759.0725,14751.814499999999,0.32000000000000006,157352.68800000002,157352.68800000002,157352.68800000002
F002,low,4,4,soil,1229317.875,8000.0,25000.0,10168.932542442219,0.0,196690.86000000002,24586.357500000002,0.32999999999999996,405674.89874999993,405674.89874999993,405674.89874999993
F002,low,4,4,biodiversity,1349836.8,10000.0,35000.0,11165.866568487072,0.0,188977.15200000003,53993.472,0.30999999999999994,418449.40799999994,418449.40799999994,418449.40799999994
F002,low,4,4,beef,2731817.5,12000.0,40000.0,22597.62787209382,0.0,409772.625,81954.525,0.31000000000000005,846863.4250000002,846863.4250000002,846863.4250000002
F002,low,5,5,forestry,633098.7056250001,15000.0,45000.0,3965.2781053158164,0.0,94964.80584375,18992.96116875,0.32000000000000006,202591.58580000006,202591.58580000006,202591.58580000006
F002,low,5,5,soil,1899296.116875,8000.0,25000.0,11895.83431594745,0.0,303887.3787,37985.9223375,0.32999999999999996,626767.71856875,626767.71856875,626767.71856875
F002,low,5,5,biodiversity,1754787.8400000003,10000.0,35000.0,10990.73768371904,0.0,245670.29760000008,70191.51360000002,0.30999999999999994,543984.2304,543984.2304,543984.2304
F002,low,5,5,beef,3376526.43,12000.0,40000.0,21148.14989501769,0.0,506478.9645,101295.7929,0.31000000000000005,1046723.1933000003,1046723.1933000003,1046723.1933000003
F002,low,6,6,forestry,782510.0001525001,15000.0,45000.0,3896.9980753012783,0.0,117376.50002287501,23475.300004575,0.32000000000000006,250403.2000488001,250403.2000488001,250403.2000488001
F002,low,6,6,soil,2608366.667175,8000.0,25000.0,12989.993584337592,0.0,417338.666748,52167.3333435,0.32999999999999996,860761.0001677499,860761.0001677499,860761.0001677499
F002,low,6,6,biodiversity,2189975.22432,10000.0,35000.0,10906.351653613761,0.0,306596.5314048,87599.0089728,0.30999999999999994,678892.3195391999,678892.3195391999,678892.3195391999
F002,low,6,6,beef,4057459.2600500006,12000.0,40000.0,20206.656686747367,0.0,608618.8890075,121723.77780150001,0.31000000000000005,1257812.3706155005,1257812.3706155005,1257812.3706155005
F002,low,7,7,forestry,873150.7418368314,15000.0,45000.0,3799.590340701721,0.0,130972.61127552472,26194.52225510494,0.32000000000000006,279408.2373877861,279408.2373877861,279408.2373877861
F002,low,7,7,soil,3022444.8755890317,8000.0,25000.0,13152.428102429032,0.0,483591.18009424506,60448.89751178063,0.32999999999999996,997406.8089443804,997406.8089443804,997406.8089443804
F002,low,7,7,biodiversity,2657169.938841601,10000.0,35000.0,11562.902886604008,0.0,372003.79143782414,106286.79755366404,0.30999999999999994,823722.6810408961,823722.6810408961,823722.6810408961
F002,low,7,7,beef,4477696.111983751,12000.0,40000.0,19485.078670265233,0.0,671654.4167975626,134330.88335951252,0.31000000000000005,1388085.794714963,1388085.794714963,1388085.794714963
F002,low,8,8,forestry,968525.6690220853,15000.0,45000.0,3777.1900885349164,0.0,145278.8503533128,29055.77007066256,0.32000000000000006,309928.21408706735,309928.21408706735,309928.21408706735
F002,low,8,8,soil,3459020.2465074477,8000.0,25000.0,13489.964601910417,0.0,553443.2394411917,69180.40493014896,0.32999999999999996,1141476.6813474577,1141476.6813474577,1141476.6813474577
F002,low,8,8,biodiversity,2960846.5032806406,10000.0,35000.0,11547.117875726512,0.0,414518.5104592897,118433.86013122562,0.30999999999999994,917862.4160169984,917862.4160169984,917862.4160169984
F002,low,8,8,beef,4919495.461699481,12000.0,40000.0,19185.72743382815,0.0,737924.3192549221,147584.86385098443,0.31000000000000005,1525043.5931268395,1525043.5931268395,1525043.5931268395
F002,low,9,9,forestry,1068837.2561708014,15000.0,45000.0,3846.019980243128,0.0,160325.5884256202,32065.117685124038,0.32000000000000006,342027.9219746565,342027.9219746565,342027.9219746565
F002,low,9,9,soil,3919069.939292938,8000.0,25000.0,14102.073260891468,0.0,627051.1902868701,78381.39878585876,0.32999999999999996,1293293.0799666694,1293293.0799666694,1293293.0799666694
F002,low,9,9,biodiversity,3284565.720972657,10000.0,35000.0,11818.92314882391,0.0,459839.20093617204,131382.6288389063,0.30999999999999994,1018215.3735015235,1018215.3735015235,1018215.3735015235
F002,low,9,9,beef,5067080.325550465,12000.0,40000.0,18232.983610041494,0.0,760062.0488325697,152012.40976651394,0.31000000000000005,1570794.9009206444,1570794.9009206444,1570794.9009206444
F002,low,10,10,forestry,1100902.3738559254,15000.0,45000.0,3737.2690717643877,0.0,165135.3560783888,33027.07121567776,0.32000000000000006,352288.7596338962,352288.7596338962,352288.7596338962
F002,low,10,10,soil,4403609.495423702,8000.0,25000.0,14949.07628705755,0.0,704577.5192677922,88072.18990847403,0.32999999999999996,1453191.1334898213,1453191.1334898213,1453191.1334898213
F002,low,10,10,biodiversity,3415948.3498115637,10000.0,35000.0,11596.230893554306,0.0,478232.768973619,136637.93399246255,0.30999999999999994,1058943.9884415846,1058943.9884415846,1058943.9884415846
F002,low,10,10,beef,5219092.73531698,12000.0,40000.0,17717.423747623765,0.0,782863.9102975469,156572.7820595094,0.31000000000000005,1617918.747948264,1617918.747948264,1617918.747948264
F003,low,2,2,forestry,173812.5,15000.0,45000.0,3528.565890106792,0.0,26071.875,5214.375,0.32000000000000006,55620.00000000001,55620.00000000001,55620.00000000001
F003,low,2,2,biodiversity,312000.0,10000.0,35000.0,6333.908997991048,0.0,43680.00000000001,12480.0,0.30999999999999994,96719.99999999999,96719.99999999999,96719.99999999999
F003,low,2,2,beef,1287500.0,12000.0,40000.0,26137.52511190216,0.0,193125.0,38625.0,0.31000000000000005,399125.00000000006,399125.00000000006,399125.00000000006
F003,low,3,3,forestry,298378.125,15000.0,45000.0,3741.2871641947004,0.0,44756.71875,8951.34375,0.32000000000000006,95481.00000000001,95481.00000000001,95481.00000000001
F003,low,3,3,soil,596756.25,8000.0,25000.0,7482.574328389401,0.0,95481.0,11935.125,0.32999999999999996,196929.56249999997,196929.56249999997,196929.56249999997
F003,low,3,3,biodiversity,811200.0,10000.0,35000.0,10171.42978425359,0.0,113568.00000000001,32448.0,0.30999999999999994,251471.99999999994,251471.99999999994,251471.99999999994
F003,low,3,3,beef,2121799.9999999995,12000.0,40000.0,26604.708723162308,0.0,318269.99999999994,63653.999999999985,0.31000000000000005,657758.0,657758.0,657758.0
F003,low,4,4,forestry,491727.14999999997,15000.0,45000.0,4067.573016976887,0.0,73759.0725,14751.814499999999,0.32000000000000006,157352.68800000002,157352.68800000002,157352.68800000002
F003,low,4,4,soil,1229317.875,8000.0,25000.0,10168.932542442219,0.0,196690.86000000002,24586.357500000002,0.32999999999999996,405674.89874999993,405674.89874999993,405674.89874999993
F003,low,4,4,biodiversity,1349836.8,10000.0,35000.0,11165.866568487072,0.0,188977.15200000003,53993.472,0.30999999999999994,418449.40799999994,418449.40799999994,418449.40799999994
F003,low,4,4,beef,2731817.5,12000.0,40000.0,22597.62787209382,0.0,409772.625,81954.525,0.31000000000000005,846863.4250000002,846863.4250000002,846863.4250000002
F003,low,5,5,forestry,633098.7056250001,15000.0,45000.0,3965.2781053158164,0.0,94964.80584375,18992.96116875,0.32000000000000006,202591.58580000006,202591.58580000006,202591.58580000006
F003,low,5,5,soil,1899296.116875,8000.0,25000.0,11895.83431594745,0.0,303887.3787,37985.9223375,0.32999999999999996,626767.71856875,626767.71856875,626767.71856875
F003,low,5,5,biodiversity,1754787.8400000003,10000.0,35000.0,10990.73768371904,0.0,245670.29760000008,70191.51360000002,0.30999999999999994,543984.2304,543984.2304,543984.2304
F003,low,5,5,beef,3376526.43,12000.0,40000.0,21148.14989501769,0.0,506478.9645,101295.7929,0.31000000000000005,1046723.1933000003,1046723.1933000003,1046723.1933000003
F003,low,6,6,forestry,782510.0001525001,15000.0,45000.0,3896.9980753012783,0.0,117376.50002287501,23475.300004575,0.32000000000000006,250403.2000488001,250403.2000488001,250403.2000488001
F003,low,6,6,soil,2608366.667175,8000.0,25000.0,12989.993584337592,0.0,417338.666748,52167.3333435,0.32999999999999996,860761.0001677499,860761.0001677499,860761.0001677499
F003,low,6,6,biodiversity,2189975.22432,10000.0,35000.0,10906.351653613761,0.0,306596.5314048,87599.0089728,0.30999999999999994,678892.3195391999,678892.3195391999,678892.3195391999
F003,low,6,6,beef,4057459.2600500006,12000.0,40000.0,20206.656686747367,0.0,608618.8890075,121723.77780150001,0.31000000000000005,1257812.3706155005,1257812.3706155005,1257812.3706155005
F003,low,7,7,forestry,873150.7418368314,15000.0,45000.0,3799.590340701721,0.0,130972.61127552472,26194.52225510494,0.32000000000000006,279408.2373877861,279408.2373877861,279408.2373877861
F003,low,7,7,soil,3022444.8755890317,8000.0,25000.0,13152.428102429032,0.0,483591.18009424506,60448.89751178063,0.32999999999999996,997406.8089443804,997406.8089443804,997406.8089443804
F003,low,7,7,biodiversity,2657169.938841601,10000.0,35000.0,11562.902886604008,0.0,372003.79143782414,106286.79755366404,0.30999999999999994,823722.6810408961,823722.6810408961,823722.6810408961
F003,low,7,7,beef,4477696.111983751,12000.0,40000.0,19485.078670265233,0.0,671654.4167975626,134330.88335951252,0.31000000000000005,1388085.794714963,1388085.794714963,1388085.794714963
F003,low,8,8,forestry,968525.6690220853,15000.0,45000.0,3777.1900885349164,0.0,145278.8503533128,29055.77007066256,0.32000000000000006,309928.21408706735,309928.21408706735,309928.21408706735
F003,low,8,8,soil,3459020.2465074477,8000.0,25000.0,13489.964601910417,0.0,553443.2394411917,69180.40493014896,0.32999999999999996,1141476.6813474577,1141476.6813474577,1141476.6813474577
F003,low,8,8,biodiversity,2960846.5032806406,10000.0,35000.0,11547.117875726512,0.0,414518.5104592897,118433.86013122562,0.30999999999999994,917862.4160169984,917862.4160169984,917862.4160169984
F003,low,8,8,beef,4919495.461699481,12000.0,40000.0,19185.72743382815,0.0,737924.3192549221,147584.86385098443,0.31000000000000005,1525043.5931268395,1525043.5931268395,1525043.5931268395
F003,low,9,9,forestry,1068837.2561708014,15000.0,45000.0,3846.019980243128,0.0,160325.5884256202,32065.117685124038,0.32000000000000006,342027.9219746565,342027.9219746565,342027.9219746565
F003,low,9,9,soil,3919069.939292938,8000.0,25000.0,14102.073260891468,0.0,627051.1902868701,78381.39878585876,0.32999999999999996,1293293.0799666694,1293293.0799666694,1293293.0799666694
F003,low,9,9,biodiversity,3284565.720972657,10000.0,35000.0,11818.92314882391,0.0,459839.20093617204,131382.6288389063,0.30999999999999994,1018215.3735015235,1018215.3735015235,1018215.3735015235
F003,low,9,9,beef,5067080.325550465,12000.0,40000.0,18232.983610041494,0.0,760062.0488325697,152012.40976651394,0.31000000000000005,1570794.9009206444,1570794.9009206444,1570794.9009206444
F003,low,10,10,forestry,1100902.3738559254,15000.0,45000.0,3737.2690717643877,0.0,165135.3560783888,33027.07121567776,0.32000000000000006,352288.7596338962,352288.7596338962,352288.7596338962
F003,low,10,10,soil,4403609.495423702,8000.0,25000.0,14949.07628705755,0.0,704577.5192677922,88072.18990847403,0.32999999999999996,1453191.1334898213,1453191.1334898213,1453191.1334898213
F003,low,10,10,biodiversity,3415948.3498115637,10000.0,35000.0,11596.230893554306,0.0,478232.768973619,136637.93399246255,0.30999999999999994,1058943.9884415846,1058943.9884415846,1058943.9884415846
F003,low,10,10,beef,5219092.73531698,12000.0,40000.0,17717.423747623765,0.0,782863.9102975469,156572.7820595094,0.31000000000000005,1617918.747948264,1617918.747948264,1617918.747948264
F004,low,2,2,forestry,173812.5,15000.0,45000.0,3528.565890106792,0.0,26071.875,5214.375,0.32000000000000006,55620.00000000001,55620.00000000001,55620.00000000001
F004,low,2,2,biodiversity,312000.0,10000.0,35000.0,6333.908997991048,0.0,43680.00000000001,12480.0,0.30999999999999994,96719.99999999999,96719.99999999999,96719.99999999999
F004,low,2,2,beef,1287500.0,12000.0,40000.0,26137.52511190216,0.0,193125.0,38625.0,0.31000000000000005,399125.00000000006,399125.00000000006,399125.00000000006
F004,low,3,3,forestry,298378.125,15000.0,45000.0,3741.2871641947004,0.0,44756.71875,8951.34375,0.32000000000000006,95481.00000000001,95481.00000000001,95481.00000000001
F004,low,3,3,soil,596756.25,8000.0,25000.0,7482.574328389401,0.0,95481.0,11935.125,0.32999999999999996,196929.56249999997,196929.56249999997,196929.56249999997
F004,low,3,3,biodiversity,811200.0,10000.0,35000.0,10171.42978425359,0.0,113568.00000000001,32448.0,0.30999999999999994,251471.99999999994,251471.99999999994,251471.99999999994
F004,low,3,3,beef,2121799.9999999995,12000.0,40000.0,26604.708723162308,0.0,318269.99999999994,63653.999999999985,0.31000000000000005,657758.0,657758.0,657758.0
F004,low,4,4,forestry,491727.14999999997,15000.0,45000.0,4067.573016976887,0.0,73759.0725,14751.814499999999,0.32000000000000006,157352.68800000002,157352.68800000002,157352.68800000002
F004,low,4,4,soil,1229317.875,8000.0,25000.0,10168.932542442219,0.0,196690.86000000002,24586.357500000002,0.32999999999999996,405674.89874999993,405674.89874999993,405674.89874999993
F004,low,4,4,biodiversity,1349836.8,10000.0,35000.0,11165.866568487072,0.0,188977.15200000003,53993.472,0.30999999999999994,418449.40799999994,418449.40799999994,418449.40799999994
F004,low,4,4,beef,2731817.5,12000.0,40000.0,22597.62787209382,0.0,409772.625,81954.525,0.31000000000000005,846863.4250000002,846863.4250000002,846863.4250000002
F004,low,5,5,forestry,633098.7056250001,15000.0,45000.0,3965.2781053158164,0.0,94964.80584375,18992.96116875,0.32000000000000006,202591.58580000006,202591.58580000006,202591.58580000006
F004,low,5,5,soil,1899296.116875,8000.0,25000.0,11895.83431594745,0.0,303887.3787,37985.9223375,0.32999999999999996,626767.71856875,626767.71856875,626767.71856875
F004,low,5,5,biodiversity,1754787.8400000003,10000.0,35000.0,10990.73768371904,0.0,245670.29760000008,70191.51360000002,0.30999999999999994,543984.2304,543984.2304,543984.2304
F004,low,5,5,beef,3376526.43,12000.0,40000.0,21148.14989501769,0.0,506478.9645,101295.7929,0.31000000000000005,1046723.1933000003,1046723.1933000003,1046723.1933000003
F004,low,6,6,forestry,782510.0001525001,15000.0,45000.0,3896.9980753012783,0.0,117376.50002287501,23475.300004575,0.32000000000000006,250403.2000488001,250403.2000488001,250403.2000488001
F004,low,6,6,soil,2608366.667175,8000.0,25000.0,12989.993584337592,0.0,417338.666748,52167.3333435,0.32999999999999996,860761.0001677499,860761.0001677499,860761.0001677499
F004,low,6,6,biodiversity,2189975.22432,10000.0,35000.0,10906.351653613761,0.0,306596.5314048,87599.0089728,0.30999999999999994,678892.3195391999,678892.3195391999,678892.3195391999
F004,low,6,6,beef,4057459.2600500006,12000.0,40000.0,20206.656686747367,0.0,608618.8890075,121723.77780150001,0.31000000000000005,1257812.3706155005,1257812.3706155005,1257812.3706155005
F004,low,7,7,forestry,873150.7418368314,15000.0,45000.0,3799.590340701721,0.0,130972.61127552472,26194.52225510494,0.32000000000000006,279408.2373877861,279408.2373877861,279408.2373877861
F004,low,7,7,soil,3022444.8755890317,8000.0,25000.0,13152.428102429032,0.0,483591.18009424506,60448.89751178063,0.32999999999999996,997406.8089443804,997406.8089443804,997406.8089443804
F004,low,7,7,biodiversity,2657169.938841601,10000.0,35000.0,11562.902886604008,0.0,372003.79143782414,106286.79755366404,0.30999999999999994,823722.6810408961,823722.6810408961,823722.6810408961
F004,low,7,7,beef,4477696.111983751,12000.0,40000.0,19485.078670265233,0.0,671654.4167975626,134330.88335951252,0.31000000000000005,1388085.794714963,1388085.794714963,1388085.794714963
F004,low,8,8,forestry,968525.6690220853,15000.0,45000.0,3777.1900885349164,0.0,145278.8503533128,29055.77007066256,0.32000000000000006,309928.21408706735,309928.21408706735,309928.21408706735
F004,low,8,8,soil,3459020.2465074477,8000.0,25000.0,13489.964601910417,0.0,553443.2394411917,69180.40493014896,0.32999999999999996,1141476.6813474577,1141476.6813474577,1141476.6813474577
F004,low,8,8,biodiversity,2960846.5032806406,10000.0,35000.0,11547.117875726512,0.0,414518.5104592897,118433.86013122562,0.30999999999999994,917862.4160169984,917862.4160169984,917862.4160169984
F004,low,8,8,beef,4919495.461699481,12000.0,40000.0,19185.72743382815,0.0,737924.3192549221,147584.86385098443,0.31000000000000005,1525043.5931268395,1525043.5931268395,1525043.5931268395
F004,low,9,9,forestry,1068837.2561708014,15000.0,45000.0,3846.019980243128,0.0,160325.5884256202,32065.117685124038,0.32000000000000006,342027.9219746565,342027.9219746565,342027.9219746565
F004,low,9,9,soil,3919069.939292938,8000.0,25000.0,14102.073260891468,0.0,627051.1902868701,78381.39878585876,0.32999999999999996,1293293.0799666694,1293293.0799666694,1293293.0799666694
F004,low,9,9,biodiversity,3284565.720972657,10000.0,35000.0,11818.92314882391,0.0,459839.20093617204,131382.6288389063,0.30999999999999994,1018215.3735015235,1018215.3735015235,1018215.3735015235
F004,low,9,9,beef,5067080.325550465,12000.0,40000.0,18232.983610041494,0.0,760062.0488325697,152012.40976651394,0.31000000000000005,1570794.9009206444,1570794.9009206444,1570794.9009206444
F004,low,10,10,forestry,1100902.3738559254,15000.0,45000.0,3737.2690717643877,0.0,165135.3560783888,33027.07121567776,0.32000000000000006,352288.7596338962,352288.7596338962,352288.7596338962
F004,low,10,10,soil,4403609.495423702,8000.0,25000.0,14949.07628705755,0.0,704577.5192677922,88072.18990847403,0.32999999999999996,1453191.1334898213,1453191.1334898213,1453191.1334898213
F004,low,10,10,biodiversity,3415948.3498115637,10000.0,35000.0,11596.230893554306,0.0,478232.768973619,136637.93399246255,0.30999999999999994,1058943.9884415846,1058943.9884415846,1058943.9884415846
F004,low,10,10,beef,5219092.73531698,12000.0,40000.0,17717.423747623765,0.0,782863.9102975469,156572.7820595094,0.31000000000000005,1617918.747948264,1617918.747948264,1617918.747948264
F005,medium,2,2,forestry,231750.0,15000.0,45000.0,3334.199220701369,0.0,34762.5,6952.5,0.32000000000000006,74160.00000000001,74160.00000000001,74160.00000000001
F005,medium,2,2,biodiversity,468000.0,10000.0,35000.0,6733.140173843541,0.0,65520.00000000001,18720.0,0.30999999999999994,145079.99999999997,145079.99999999997,145079.99999999997
F005,medium,2,2,beef,1802500.0,12000.0,40000.0,25932.660605455094,0.0,270375.0,54075.0,0.31000000000000005,558775.0000000001,558775.0000000001,558775.0000000001
F005,medium,3,3,forestry,477405.0,15000.0,45000.0,3893.004321466113,0.0,71610.75,14322.15,0.32000000000000006,152769.60000000003,152769.60000000003,152769.60000000003
F005,medium,3,3,soil,1193512.5,8000.0,25000.0,9732.510803665282,0.0,190962.0,23870.25,0.32999999999999996,393859.12499999994,393859.12499999994,393859.12499999994
F005,medium,3,3,biodiversity,1297920.0,10000.0,35000.0,10583.902910353469,0.0,181708.80000000002,51916.8,0.30999999999999994,402355.19999999995,402355.19999999995,402355.19999999995
F005,medium,3,3,beef,2917474.9999999995,12000.0,40000.0,23790.58196451513,0.0,437621.24999999994,87524.24999999999,0.31000000000000005,904417.25,904417.25,904417.25
F005,medium,4,4,forestry,737590.725,15000.0,45000.0,3914.0182798708224,0.0,110638.60875,22127.721749999997,0.32000000000000006,236029.03200000004,236029.03200000004,236029.03200000004
F005,medium,4,4,soil,2458635.75,8000.0,25000.0,13046.727599569407,0.0,393381.72000000003,49172.715000000004,0.32999999999999996,811349.7974999999,811349.7974999999,811349.7974999999
F005,medium,4,4,biodiversity,2024755.2,10000.0,35000.0,10744.344521229577,0.0,283465.728,80990.208,0.30999999999999994,627674.1119999998,627674.1119999998,627674.1119999998
F005,medium,4,4,beef,3824544.5000000005,12000.0,40000.0,20294.90959933019,0.0,573681.675,114736.335,0.31000000000000005,1185608.7950000004,1185608.7950000004,1185608.7950000004
F005,medium,5,5,forestry,1012957.9290000001,15000.0,45000.0,3920.2981503908895,0.0,151943.68935,30388.73787,0.32000000000000006,324146.5372800001,324146.5372800001,324146.5372800001
F005,medium,5,5,soil,3798592.23375,8000.0,25000.0,14701.118063965832,0.0,607774.7574,75971.844675,0.32999999999999996,1253535.4371375,1253535.4371375,1253535.4371375
F005,medium,5,5,biodiversity,2807660.5440000007,10000.0,35000.0,10866.064742130748,0.0,393072.47616000014,112306.42176000003,0.30999999999999994,870374.76864,870374.76864,870374.76864
F005,medium,5,5,beef,4783412.4425,12000.0,40000.0,18512.51904351253,0.0,717511.866375,143502.373275,0.31000000000000005,1482857.8571750002,1482857.8571750002,1482857.8571750002
F005,medium,6,6,forestry,1238974.1669081252,15000.0,45000.0,3890.4939133624093,0.0,185846.12503621876,37169.22500724375,0.32000000000000006,396471.7334106001,396471.7334106001,396471.7334106001
F005,medium,6,6,soil,4890687.500953126,8000.0,25000.0,15357.212815904246,0.0,782510.0001525001,97813.75001906251,0.32999999999999996,1613926.8753145314,1613926.8753145314,1613926.8753145314
F005,medium,6,6,biodiversity,3649958.7072000005,10000.0,35000.0,11461.209211344862,0.0,510994.2190080001,145998.34828800004,0.30999999999999994,1131487.199232,1131487.199232,1131487.199232
F005,medium,6,6,beef,5506551.852925001,12000.0,40000.0,17291.084059388482,0.0,825982.7779387501,165196.55558775002,0.31000000000000005,1707031.0744067505,1707031.0744067505,1707031.0744067505
F005,medium,7,7,forestry,1410474.2752748814,15000.0,45000.0,3813.45354307777,0.0,211571.1412912322,42314.22825824644,0.32000000000000006,451351.7680879621,451351.7680879621,451351.7680879621
F005,medium,7,7,soil,5709062.542779283,8000.0,25000.0,15435.40719817193,0.0,913450.0068446853,114181.25085558566,0.32999999999999996,1883990.6391171631,1883990.6391171631,1883990.6391171631
F005,medium,7,7,biodiversity,4365350.613811201,10000.0,35000.0,11802.456845071329,0.0,611149.0859335683,174614.02455244807,0.30999999999999994,1353258.6902814722,1353258.6902814722,1353258.6902814722
F005,medium,7,7,beef,6268774.556777251,12000.0,40000.0,16948.68241367898,0.0,940316.1835165876,188063.23670331753,0.31000000000000005,1943320.1126009482,1943320.1126009482,1943320.1126009482
F005,medium,8,8,forestry,1521968.908463277,15000.0,45000.0,3756.5458292468466,0.0,228295.33626949153,45659.067253898305,0.32000000000000006,487030.0507082487,487030.0507082487,487030.0507082487
F005,medium,8,8,soil,6226236.443713405,8000.0,25000.0,15367.687483282554,0.0,996197.8309941449,124524.72887426811,0.32999999999999996,2054658.0264254236,2054658.0264254236,2054658.0264254236
F005,medium,8,8,biodiversity,4934744.172134401,10000.0,35000.0,12180.007446373504,0.0,690864.1840988162,197389.76688537607,0.30999999999999994,1529770.6933616642,1529770.6933616642,1529770.6933616642
F005,medium,8,8,beef,6764306.259836786,12000.0,40000.0,16695.759241097094,0.0,1014645.9389755179,202929.1877951036,0.31000000000000005,2096934.9405494041,2096934.9405494041,2096934.9405494041
F005,medium,9,9,forestry,1638883.7927952285,15000.0,45000.0,3797.954198976887,0.0,245832.56891928427,49166.513783856855,0.32000000000000006,524442.8136944732,524442.8136944732,524442.8136944732
F005,medium,9,9,soil,6769302.622415075,8000.0,25000.0,15687.202126208882,0.0,1083088.4195864121,135386.05244830152,0.32999999999999996,2233869.8653969746,2233869.8653969746,2233869.8653969746
F005,medium,9,9,biodiversity,5337419.296580568,10000.0,35000.0,12368.951427955966,0.0,747238.7015212796,213496.77186322273,0.30999999999999994,1654599.9819399759,1654599.9819399759,1654599.9819399759
F005,medium,9,9,beef,6967235.44763189,12000.0,40000.0,16145.892246858264,0.0,1045085.3171447834,209017.0634289567,0.31000000000000005,2159842.988765886,2159842.988765886,2159842.988765886
F005,medium,10,10,forestry,1761443.7981694806,15000.0,45000.0,3835.9214317155665,0.0,264216.5697254221,52843.31394508442,0.32000000000000006,563662.0154142339,563662.0154142339,563662.0154142339
F005,medium,10,10,soil,7339349.159039503,8000.0,25000.0,15983.00596548153,0.0,1174295.8654463205,146786.98318079006,0.32999999999999996,2421985.2224830356,2421985.2224830356,2421985.2224830356
F005,medium,10,10,biodiversity,5764412.840307014,10000.0,35000.0,12553.244547665408,0.0,807017.7976429821,230576.51361228057,0.30999999999999994,1786967.980495174,1786967.980495174,1786967.980495174
F005,medium,10,10,beef,7176252.511060848,12000.0,40000.0,15627.828055137497,0.0,1076437.8766591272,215287.57533182544,0.31000000000000005,2224638.2784288633,2224638.2784288633,2224638.2784288633
F006,medium,2,2,forestry,231750.0,15000.0,45000.0,3334.199220701369,0.0,34762.5,6952.5,0.32000000000000006,74160.00000000001,74160.00000000001,74160.00000000001
F006,medium,2,2,biodiversity,468000.0,10000.0,35000.0,6733.140173843541,0.0,65520.00000000001,18720.0,0.30999999999999994,145079.99999999997,145079.99999999997,145079.99999999997
F006,medium,2,2,beef,1802500.0,12000.0,40000.0,25932.660605455094,0.0,270375.0,54075.0,0.31000000000000005,558775.0000000001,558775.0000000001,558775.0000000001
F006,medium,3,3,forestry,477405.0,15000.0,45000.0,3893.004321466113,0.0,71610.75,14322.15,0.32000000000000006,152769.60000000003,152769.60000000003,152769.60000000003
F006,medium,3,3,soil,1193512.5,8000.0,25000.0,9732.510803665282,0.0,190962.0,23870.25,0.32999999999999996,393859.12499999994,393859.12499999994,393859.12499999994
F006,medium,3,3,biodiversity,1297920.0,10000.0,35000.0,10583.902910353469,0.0,181708.80000000002,51916.8,0.30999999999999994,402355.19999999995,402355.19999999995,402355.19999999995
F006,medium,3,3,beef,2917474.9999999995,12000.0,40000.0,23790.58196451513,0.0,437621.24999999994,87524.24999999999,0.31000000000000005,904417.25,904417.25,904417.25
F006,medium,4,4,forestry,737590.725,15000.0,45000.0,3914.0182798708224,0.0,110638.60875,22127.721749999997,0.32000000000000006,236029.03200000004,236029.03200000004,236029.03200000004
F006,medium,4,4,soil,2458635.75,8000.0,25000.0,13046.727599569407,0.0,393381.72000000003,49172.715000000004,0.32999999999999996,811349.7974999999,811349.7974999999,811349.7974999999
F006,medium,4,4,biodiversity,2024755.2,10000.0,35000.0,10744.344521229577,0.0,283465.728,80990.208,0.30999999999999994,627674.1119999998,627674.1119999998,627674.1119999998
F006,medium,4,4,beef,3824544.5000000005,12000.0,40000.0,20294.90959933019,0.0,573681.675,114736.335,0.31000000000000005,1185608.7950000004,1185608.7950000004,1185608.7950000004
F006,medium,5,5,forestry,1012957.9290000001,15000.0,45000.0,3920.2981503908895,0.0,151943.68935,30388.73787,0.32000000000000006,324146.5372800001,324146.5372800001,324146.5372800001
F006,medium,5,5,soil,3798592.23375,8000.0,25000.0,14701.118063965832,0.0,607774.7574,75971.844675,0.32999999999999996,1253535.4371375,1253535.4371375,1253535.4371375
F006,medium,5,5,biodiversity,2807660.5440000007,10000.0,35000.0,10866.064742130748,0.0,393072.47616000014,112306.42176000003,0.30999999999999994,870374.76864,870374.76864,870374.76864
F006,medium,5,5,beef,4783412.4425,12000.0,40000.0,18512.51904351253,0.0,717511.866375,143502.373275,0.31000000000000005,1482857.8571750002,1482857.8571750002,1482857.8571750002
F006,medium,6,6,forestry,1238974.1669081252,15000.0,45000.0,3890.4939133624093,0.0,185846.12503621876,37169.22500724375,0.32000000000000006,396471.7334106001,396471.7334106001,396471.7334106001
F006,medium,6,6,soil,4890687.500953126,8000.0,25000.0,15357.212815904246,0.0,782510.0001525001,97813.75001906251,0.32999999999999996,1613926.8753145314,1613926.8753145314,1613926.8753145314
F006,medium,6,6,biodiversity,3649958.7072000005,10000.0,35000.0,11461.209211344862,0.0,510994.2190080001,145998.34828800004,0.30999999999999994,1131487.199232,1131487.199232,1131487.199232
F006,medium,6,6,beef,5506551.852925001,12000.0,40000.0,17291.084059388482,0.0,825982.7779387501,165196.55558775002,0.31000000000000005,1707031.0744067505,1707031.0744067505,1707031.0744067505
F006,medium,7,7,forestry,1410474.2752748814,15000.0,45000.0,3813.45354307777,0.0,211571.1412912322,42314.22825824644,0.32000000000000006,451351.7680879621,451351.7680879621,451351.7680879621
F006,medium,7,7,soil,5709062.542779283,8000.0,25000.0,15435.40719817193,0.0,913450.0068446853,114181.25085558566,0.32999999999999996,1883990.6391171631,1883990.6391171631,1883990.6391171631
F006,medium,7,7,biodiversity,4365350.613811201,10000.0,35000.0,11802.456845071329,0.0,611149.0859335683,174614.02455244807,0.30999999999999994,1353258.6902814722,1353258.6902814722,1353258.6902814722
F006,medium,7,7,beef,6268774.556777251,12000.0,40000.0,16948.68241367898,0.0,940316.1835165876,188063.23670331753,0.31000000000000005,1943320.1126009482,1943320.1126009482,1943320.1126009482
F006,medium,8,8,forestry,1521968.908463277,15000.0,45000.0,3756.5458292468466,0.0,228295.33626949153,45659.067253898305,0.32000000000000006,487030.0507082487,487030.0507082487,487030.0507082487
F006,medium,8,8,soil,6226236.443713405,8000.0,25000.0,15367.687483282554,0.0,996197.8309941449,124524.72887426811,0.32999999999999996,2054658.0264254236,2054658.0264254236,2054658.0264254236
F006,medium,8,8,biodiversity,4934744.172134401,10000.0,35000.0,12180.007446373504,0.0,690864.1840988162,197389.76688537607,0.30999999999999994,1529770.6933616642,1529770.6933616642,1529770.6933616642
F006,medium,8,8,beef,6764306.259836786,12000.0,40000.0,16695.759241097094,0.0,1014645.9389755179,202929.1877951036,0.31000000000000005,2096934.9405494041,2096934.9405494041,2096934.9405494041
F006,medium,9,9,forestry,1638883.7927952285,15000.0,45000.0,3797.954198976887,0.0,245832.56891928427,49166.513783856855,0.32000000000000006,524442.8136944732,524442.8136944732,524442.8136944732
F006,medium,9,9,soil,6769302.622415075,8000.0,25000.0,15687.202126208882,0.0,1083088.4195864121,135386.05244830152,0.32999999999999996,2233869.8653969746,2233869.8653969746,2233869.8653969746
F006,medium,9,9,biodiversity,5337419.296580568,10000.0,35000.0,12368.951427955966,0.0,747238.7015212796,213496.77186322273,0.30999999999999994,1654599.9819399759,1654599.9819399759,1654599.9819399759
F006,medium,9,9,beef,6967235.44763189,12000.0,40000.0,16145.892246858264,0.0,1045085.3171447834,209017.0634289567,0.31000000000000005,2159842.988765886,2159842.988765886,2159842.988765886
F006,medium,10,10,forestry,1761443.7981694806,15000.0,45000.0,3835.9214317155665,0.0,264216.5697254221,52843.31394508442,0.32000000000000006,563662.0154142339,563662.0154142339,563662.0154142339
F006,medium,10,10,soil,7339349.159039503,8000.0,25000.0,15983.00596548153,0.0,1174295.8654463205,146786.98318079006,0.32999999999999996,2421985.2224830356,2421985.2224830356,2421985.2224830356
F006,medium,10,10,biodiversity,5764412.840307014,10000.0,35000.0,12553.244547665408,0.0,807017.7976429821,230576.51361228057,0.30999999999999994,1786967.980495174,1786967.980495174,1786967.980495174
F006,medium,10,10,beef,7176252.511060848,12000.0,40000.0,15627.828055137497,0.0,1076437.8766591272,215287.57533182544,0.31000000000000005,2224638.2784288633,2224638.2784288633,2224638.2784288633
F007,medium,2,2,forestry,231750.0,15000.0,45000.0,3334.199220701369,0.0,34762.5,6952.5,0.32000000000000006,74160.00000000001,74160.00000000001,74160.00000000001
F007,medium,2,2,biodiversity,468000.0,10000.0,35000.0,6733.140173843541,0.0,65520.00000000001,18720.0,0.30999999999999994,145079.99999999997,145079.99999999997,145079.99999999997
F007,medium,2,2,beef,1802500.0,12000.0,40000.0,25932.660605455094,0.0,270375.0,54075.0,0.31000000000000005,558775.0000000001,558775.0000000001,558775.0000000001
F007,medium,3,3,forestry,477405.0,15000.0,45000.0,3893.004321466113,0.0,71610.75,14322.15,0.32000000000000006,152769.60000000003,152769.60000000003,152769.60000000003
F007,medium,3,3,soil,1193512.5,8000.0,25000.0,9732.510803665282,0.0,190962.0,23870.25,0.32999999999999996,393859.12499999994,393859.12499999994,393859.12499999994
F007,medium,3,3,biodiversity,1297920.0,10000.0,35000.0,10583.902910353469,0.0,181708.80000000002,51916.8,0.30999999999999994,402355.19999999995,402355.19999999995,402355.19999999995
F007,medium,3,3,beef,2917474.9999999995,12000.0,40000.0,23790.58196451513,0.0,437621.24999999994,87524.24999999999,0.31000000000000005,904417.25,904417.25,904417.25
F007,medium,4,4,forestry,737590.725,15000.0,45000.0,3914.0182798708224,0.0,110638.60875,22127.721749999997,0.32000000000000006,236029.03200000004,236029.03200000004,236029.03200000004
F007,medium,4,4,soil,2458635.75,8000.0,25000.0,13046.727599569407,0.0,393381.72000000003,49172.715000000004,0.32999999999999996,811349.7974999999,811349.7974999999,811349.7974999999
F007,medium,4,4,biodiversity,2024755.2,10000.0,35000.0,10744.344521229577,0.0,283465.728,80990.208,0.30999999999999994,627674.1119999998,627674.1119999998,627674.1119999998
F007,medium,4,4,beef,3824544.5000000005,12000.0,40000.0,20294.90959933019,0.0,573681.675,114736.335,0.31000000000000005,1185608.7950000004,1185608.7950000004,1185608.7950000004
F007,medium,5,5,forestry,1012957.9290000001,15000.0,45000.0,3920.2981503908895,0.0,151943.68935,30388.73787,0.32000000000000006,324146.5372800001,324146.5372800001,324146.5372800001
F007,medium,5,5,soil,3798592.23375,8000.0,25000.0,14701.118063965832,0.0,607774.7574,75971.844675,0.32999999999999996,1253535.4371375,1253535.4371375,1253535.4371375
F007,medium,5,5,biodiversity,2807660.5440000007,10000.0,35000.0,10866.064742130748,0.0,393072.47616000014,112306.42176000003,0.30999999999999994,870374.76864,870374.76864,870374.76864
F007,medium,5,5,beef,4783412.4425,12000.0,40000.0,18512.51904351253,0.0,717511.866375,143502.373275,0.31000000000000005,1482857.8571750002,1482857.8571750002,1482857.8571750002
F007,medium,6,6,forestry,1238974.1669081252,15000.0,45000.0,3890.4939133624093,0.0,185846.12503621876,37169.22500724375,0.32000000000000006,396471.7334106001,396471.7334106001,396471.7334106001
F007,medium,6,6,soil,4890687.500953126,8000.0,25000.0,15357.212815904246,0.0,782510.0001525001,97813.75001906251,0.32999999999999996,1613926.8753145314,1613926.8753145314,1613926.8753145314
F007,medium,6,6,biodiversity,3649958.7072000005,10000.0,35000.0,11461.209211344862,0.0,510994.2190080001,145998.34828800004,0.30999999999999994,1131487.199232,1131487.199232,1131487.199232
F007,medium,6,6,beef,5506551.852925001,12000.0,40000.0,17291.084059388482,0.0,825982.7779387501,165196.55558775002,0.31000000000000005,1707031.0744067505,1707031.0744067505,1707031.0744067505
F007,medium,7,7,forestry,1410474.2752748814,15000.0,45000.0,3813.45354307777,0.0,211571.1412912322,42314.22825824644,0.32000000000000006,451351.7680879621,451351.7680879621,451351.7680879621
F007,medium,7,7,soil,5709062.542779283,8000.0,25000.0,15435.40719817193,0.0,913450.0068446853,114181.25085558566,0.32999999999999996,1883990.6391171631,1883990.6391171631,1883990.6391171631
F007,medium,7,7,biodiversity,4365350.613811201,10000.0,35000.0,11802.456845071329,0.0,611149.0859335683,174614.02455244807,0.30999999999999994,1353258.6902814722,1353258.6902814722,1353258.6902814722
F007,medium,7,7,beef,6268774.556777251,12000.0,40000.0,16948.68241367898,0.0,940316.1835165876,188063.23670331753,0.31000000000000005,1943320.1126009482,1943320.1126009482,1943320.1126009482
F007,medium,8,8,forestry,1521968.908463277,15000.0,45000.0,3756.5458292468466,0.0,228295.33626949153,45659.067253898305,0.32000000000000006,487030.0507082487,487030.0507082487,487030.0507082487
F007,medium,8,8,soil,6226236.443713405,8000.0,25000.0,15367.687483282554,0.0,996197.8309941449,124524.72887426811,0.32999999999999996,2054658.0264254236,2054658.0264254236,2054658.0264254236
F007,medium,8,8,biodiversity,4934744.172134401,10000.0,35000.0,12180.007446373504,0.0,690864.1840988162,197389.76688537607,0.30999999999999994,1529770.6933616642,1529770.6933616642,1529770.6933616642
F007,medium,8,8,beef,6764306.259836786,12000.0,40000.0,16695.759241097094,0.0,1014645.9389755179,202929.1877951036,0.31000000000000005,2096934.9405494041,2096934.9405494041,2096934.9405494041
F007,medium,9,9,forestry,1638883.7927952285,15000.0,45000.0,3797.954198976887,0.0,245832.56891928427,49166.513783856855,0.32000000000000006,524442.8136944732,524442.8136944732,524442.8136944732
F007,medium,9,9,soil,6769302.622415075,8000.0,25000.0,15687.202126208882,0.0,1083088.4195864121,135386.05244830152,0.32999999999999996,2233869.8653969746,2233869.8653969746,2233869.8653969746
F007,medium,9,9,biodiversity,5337419.296580568,10000.0,35000.0,12368.951427955966,0.0,747238.7015212796,213496.77186322273,0.30999999999999994,1654599.9819399759,1654599.9819399759,1654599.9819399759
F007,medium,9,9,beef,6967235.44763189,12000.0,40000.0,16145.892246858264,0.0,1045085.3171447834,209017.0634289567,0.31000000000000005,2159842.988765886,2159842.988765886,2159842.988765886
F007,medium,10,10,forestry,1761443.7981694806,15000.0,45000.0,3835.9214317155665,0.0,264216.5697254221,52843.31394508442,0.32000000000000006,563662.0154142339,563662.0154142339,563662.0154142339
F007,medium,10,10,soil,7339349.159039503,8000.0,25000.0,15983.00596548153,0.0,1174295.8654463205,146786.98318079006,0.32999999999999996,2421985.2224830356,2421985.2224830356,2421985.2224830356
F007,medium,10,10,biodiversity,5764412.840307014,10000.0,35000.0,12553.244547665408,0.0,807017.7976429821,230576.51361228057,0.30999999999999994,1786967.980495174,1786967.980495174,1786967.980495174
F007,medium,10,10,beef,7176252.511060848,12000.0,40000.0,15627.828055137497,0.0,1076437.8766591272,215287.57533182544,0.31000000000000005,2224638.2784288633,2224638.2784288633,2224638.2784288633
F008,high,2,2,forestry,347625.0,15000.0,45000.0,3379.8993956989975,0.0,52143.75,10428.75,0.32000000000000006,111240.00000000001,111240.00000000001,111240.00000000001
F008,high,2,2,biodiversity,780000.0,10000.0,35000.0,7583.8087843084295,0.0,109200.00000000001,31200.0,0.30999999999999994,241799.99999999994,241799.99999999994,241799.99999999994
F008,high,2,2,beef,2575000.0,12000.0,40000.0,25036.291819992573,0.0,386250.0,77250.0,0.31000000000000005,798250.0000000001,798250.0000000001,798250.0000000001
F008,high,3,3,forestry,716107.5,15000.0,45000.0,3952.36612080371,0.0,107416.125,21483.225,0.32000000000000006,229154.40000000005,229154.40000000005,229154.40000000005
F008,high,3,3,soil,1790268.75,8000.0,25000.0,9880.915302009274,0.0,286443.0,35805.375,0.32999999999999996,590788.6874999999,590788.6874999999,590788.6874999999
F008,high,3,3,biodiversity,1946880.0,10000.0,35000.0,10745.28971316503,0.0,272563.2,77875.2,0.30999999999999994,603532.7999999999,603532.7999999999,603532.7999999999
F008,high,3,3,beef,4243599.999999999,12000.0,40000.0,23421.42886402198,0.0,636539.9999999999,127307.99999999997,0.31000000000000005,1315516.0,1315516.0,1315516.0
F008,high,4,4,forestry,1106386.0875,15000.0,45000.0,3836.769383257053,0.0,165957.913125,33191.582624999995,0.32000000000000006,354043.54800000007,354043.54800000007,354043.54800000007
F008,high,4,4,soil,3687953.6249999995,8000.0,25000.0,12789.231277523508,0.0,590072.58,73759.0725,0.32999999999999996,1217024.6962499998,1217024.6962499998,1217024.6962499998
F008,high,4,4,biodiversity,3037132.7999999984,10000.0,35000.0,10532.289109181122,0.0,425198.59199999983,121485.31199999993,0.30999999999999994,941511.1679999994,941511.1679999994,941511.1679999994
F008,high,4,4,beef,6009998.500000001,12000.0,40000.0,20841.710230038316,0.0,901499.7750000001,180299.95500000002,0.31000000000000005,1863099.5350000006,1863099.5350000006,1863099.5350000006
F008,high,5,5,forestry,1519436.8935000002,15000.0,45000.0,3890.8741788500915,0.0,227915.53402500003,45583.106805,0.32000000000000006,486219.8059200002,486219.8059200002,486219.8059200002
F008,high,5,5,soil,5697888.350625001,8000.0,25000.0,14590.778170687841,0.0,911662.1361000001,113957.76701250001,0.32999999999999996,1880303.15570625,1880303.15570625,1880303.15570625
F008,high,5,5,biodiversity,4211490.816000001,10000.0,35000.0,10784.50901155422,0.0,589608.7142400001,168459.63264000003,0.30999999999999994,1305562.1529599999,1305562.1529599999,1305562.1529599999
F008,high,5,5,beef,7315807.265000001,12000.0,40000.0,18733.838638907848,0.0,1097371.08975,219474.21795000002,0.31000000000000005,2267900.2521500005,2267900.2521500005,2267900.2521500005
F008,high,6,6,forestry,1825856.6670225002,15000.0,45000.0,3782.7936564382467,0.0,273878.500053375,54775.700010675006,0.32000000000000006,584274.1334472002,584274.1334472002,584274.1334472002
F008,high,6,6,soil,7173008.334731251,8000.0,25000.0,14860.975078864542,0.0,1147681.3335570002,143460.16669462502,0.32999999999999996,2367092.7504613125,2367092.7504613125,2367092.7504613125
F008,high,6,6,biodiversity,5474938.060800001,10000.0,35000.0,11342.9281388008,0.0,766491.3285120003,218997.52243200006,0.30999999999999994,1697230.798848,1697230.798848,1697230.798848
F008,high,6,6,beef,8694555.55725,12000.0,40000.0,18013.303125896415,0.0,1304183.3335875,260836.66671750002,0.31000000000000005,2695312.2227475005,2695312.2227475005,2695312.2227475005
F008,high,7,7,forestry,2082128.6920724441,15000.0,45000.0,3773.773374997301,0.0,312319.3038108666,62463.860762173324,0.32000000000000006,666281.1814631822,666281.1814631822,666281.1814631822
F008,high,7,7,soil,8395680.209969534,8000.0,25000.0,15216.828124989119,0.0,1343308.8335951255,167913.60419939068,0.32999999999999996,2770574.469289946,2770574.469289946,2770574.469289946
F008,high,7,7,biodiversity,6453126.9943296015,10000.0,35000.0,11696.029611137072,0.0,903437.7792061443,258125.07977318406,0.30999999999999994,2000469.368242176,2000469.368242176,2000469.368242176
F008,high,7,7,beef,9552418.372232001,12000.0,40000.0,17313.368888876506,0.0,1432862.7558348002,286572.55116696004,0.31000000000000005,2961249.695391921,2961249.695391921,2961249.695391921
F008,high,8,8,forestry,2282953.3626949154,15000.0,45000.0,3769.298630744088,0.0,342443.0044042373,68488.60088084746,0.32000000000000006,730545.0760623731,730545.0760623731,730545.0760623731
F008,high,8,8,soil,9339354.665570108,8000.0,25000.0,15419.858034862178,0.0,1494296.7464912173,186787.09331140216,0.32999999999999996,3081987.039638135,3081987.039638135,3081987.039638135
F008,high,8,8,biodiversity,7303421.374758914,10000.0,35000.0,12058.404975531124,0.0,1022478.9924662481,292136.85499035654,0.30999999999999994,2264060.626175263,2264060.626175263,2264060.626175263
F008,high,8,8,beef,10146459.38975518,12000.0,40000.0,16752.43835886261,0.0,1521968.908463277,304393.7816926554,0.31000000000000005,3145402.4108241065,3145402.4108241065,3145402.4108241065
F008,high,9,9,forestry,2493953.5977318697,15000.0,45000.0,3763.8656213516338,0.0,374093.03965978045,74818.60793195608,0.32000000000000006,798065.1512741984,798065.1512741984,798065.1512741984
F008,high,9,9,soil,10332093.476317747,8000.0,25000.0,15593.157574171055,0.0,1653134.9562108396,206641.86952635495,0.32999999999999996,3409590.847184856,3409590.847184856,3409590.847184856
F008,high,9,9,biodiversity,8211414.302431644,10000.0,35000.0,12392.636344038512,0.0,1149598.0023404302,328456.57209726574,0.30999999999999994,2545538.433753809,2545538.433753809,2545538.433753809
F008,high,9,9,beef,10767545.691794738,12000.0,40000.0,16250.340460438796,0.0,1615131.8537692106,323026.3707538421,0.31000000000000005,3337939.1644563694,3337939.1644563694,3337939.1644563694
F008,high,10,10,forestry,2642165.697254221,15000.0,45000.0,3762.3590407368674,0.0,396324.8545881331,79264.97091762662,0.32000000000000006,845493.0231213509,845493.0231213509,845493.0231213509
F008,high,10,10,soil,11009023.738559254,8000.0,25000.0,15676.49600307028,0.0,1761443.7981694806,220180.47477118508,0.32999999999999996,3632977.833724553,3632977.833724553,3632977.833724553
F008,high,10,10,biodiversity,8966864.418255355,10000.0,35000.0,12768.52676050723,0.0,1255361.01855575,358674.57673021423,0.30999999999999994,2779727.9696591594,2779727.9696591594,2779727.9696591594
F008,high,10,10,beef,11090572.062548583,12000.0,40000.0,15792.618195685618,0.0,1663585.8093822876,332717.1618764575,0.31000000000000005,3438077.3393900613,3438077.3393900613,3438077.3393900613
F009,high,2,2,forestry,347625.0,15000.0,45000.0,3379.8993956989975,0.0,52143.75,10428.75,0.32000000000000006,111240.00000000001,111240.00000000001,111240.00000000001
F009,high,2,2,biodiversity,780000.0,10000.0,35000.0,7583.8087843084295,0.0,109200.00000000001,31200.0,0.30999999999999994,241799.99999999994,241799.99999999994,241799.99999999994
F009,high,2,2,beef,2575000.0,12000.0,40000.0,25036.291819992573,0.0,386250.0,77250.0,0.31000000000000005,798250.0000000001,798250.0000000001,798250.0000000001
F009,high,3,3,forestry,716107.5,15000.0,45000.0,3952.36612080371,0.0,107416.125,21483.225,0.32000000000000006,229154.40000000005,229154.40000000005,229154.40000000005
F009,high,3,3,soil,1790268.75,8000.0,25000.0,9880.915302009274,0.0,286443.0,35805.375,0.32999999999999996,590788.6874999999,590788.6874999999,590788.6874999999
F009,high,3,3,biodiversity,1946880.0,10000.0,35000.0,10745.28971316503,0.0,272563.2,77875.2,0.30999999999999994,603532.7999999999,603532.7999999999,603532.7999999999
F009,high,3,3,beef,4243599.999999999,12000.0,40000.0,23421.42886402198,0.0,636539.9999999999,127307.99999999997,0.31000000000000005,1315516.0,1315516.0,1315516.0
F009,high,4,4,forestry,1106386.0875,15000.0,45000.0,3836.769383257053,0.0,165957.913125,33191.582624999995,0.32000000000000006,354043.54800000007,354043.54800000007,354043.54800000007
F009,high,4,4,soil,3687953.6249999995,8000.0,25000.0,12789.231277523508,0.0,590072.58,73759.0725,0.32999999999999996,1217024.6962499998,1217024.6962499998,1217024.6962499998
F009,high,4,4,biodiversity,3037132.7999999984,10000.0,35000.0,10532.289109181122,0.0,425198.59199999983,121485.31199999993,0.30999999999999994,941511.1679999994,941511.1679999994,941511.1679999994
F009,high,4,4,beef,6009998.500000001,12000.0,40000.0,20841.710230038316,0.0,901499.7750000001,180299.95500000002,0.31000000000000005,1863099.5350000006,1863099.5350000006,1863099.5350000006
F009,high,5,5,forestry,1519436.8935000002,15000.0,45000.0,3890.8741788500915,0.0,227915.53402500003,45583.106805,0.32000000000000006,486219.8059200002,486219.8059200002,486219.8059200002
F009,high,5,5,soil,5697888.350625001,8000.0,25000.0,14590.778170687841,0.0,911662.1361000001,113957.76701250001,0.32999999999999996,1880303.15570625,1880303.15570625,1880303.15570625
F009,high,5,5,biodiversity,4211490.816000001,10000.0,35000.0,10784.50901155422,0.0,589608.7142400001,168459.63264000003,0.30999999999999994,1305562.1529599999,1305562.1529599999,1305562.1529599999
F009,high,5,5,beef,7315807.265000001,12000.0,40000.0,18733.838638907848,0.0,1097371.08975,219474.21795000002,0.31000000000000005,2267900.2521500005,2267900.2521500005,2267900.2521500005
F009,high,6,6,forestry,1825856.6670225002,15000.0,45000.0,3782.7936564382467,0.0,273878.500053375,54775.700010675006,0.32000000000000006,584274.1334472002,584274.1334472002,584274.1334472002
F009,high,6,6,soil,7173008.334731251,8000.0,25000.0,14860.975078864542,0.0,1147681.3335570002,143460.16669462502,0.32999999999999996,2367092.7504613125,2367092.7504613125,2367092.7504613125
F009,high,6,6,biodiversity,5474938.060800001,10000.0,35000.0,11342.9281388008,0.0,766491.3285120003,218997.52243200006,0.30999999999999994,1697230.798848,1697230.798848,1697230.798848
F009,high,6,6,beef,8694555.55725,12000.0,40000.0,18013.303125896415,0.0,1304183.3335875,260836.66671750002,0.31000000000000005,2695312.2227475005,2695312.2227475005,2695312.2227475005
F009,high,7,7,forestry,2082128.6920724441,15000.0,45000.0,3773.773374997301,0.0,312319.3038108666,62463.860762173324,0.32000000000000006,666281.1814631822,666281.1814631822,666281.1814631822
F009,high,7,7,soil,8395680.209969534,8000.0,25000.0,15216.828124989119,0.0,1343308.8335951255,167913.60419939068,0.32999999999999996,2770574.469289946,2770574.469289946,2770574.469289946
F009,high,7,7,biodiversity,6453126.9943296015,10000.0,35000.0,11696.029611137072,0.0,903437.7792061443,258125.07977318406,0.30999999999999994,2000469.368242176,2000469.368242176,2000469.368242176
F009,high,7,7,beef,9552418.372232001,12000.0,40000.0,17313.368888876506,0.0,1432862.7558348002,286572.55116696004,0.31000000000000005,2961249.695391921,2961249.695391921,2961249.695391921
F009,high,8,8,forestry,2282953.3626949154,15000.0,45000.0,3769.298630744088,0.0,342443.0044042373,68488.60088084746,0.32000000000000006,730545.0760623731,730545.0760623731,730545.0760623731
F009,high,8,8,soil,9339354.665570108,8000.0,25000.0,15419.858034862178,0.0,1494296.7464912173,186787.09331140216,0.32999999999999996,3081987.039638135,3081987.039638135,3081987.039638135
F009,high,8,8,biodiversity,7303421.374758914,10000.0,35000.0,12058.404975531124,0.0,1022478.9924662481,292136.85499035654,0.30999999999999994,2264060.626175263,2264060.626175263,2264060.626175263
F009,high,8,8,beef,10146459.38975518,12000.0,40000.0,16752.43835886261,0.0,1521968.908463277,304393.7816926554,0.31000000000000005,3145402.4108241065,3145402.4108241065,3145402.4108241065
F009,high,9,9,forestry,2493953.5977318697,15000.0,45000.0,3763.8656213516338,0.0,374093.03965978045,74818.60793195608,0.32000000000000006,798065.1512741984,798065.1512741984,798065.1512741984
F009,high,9,9,soil,10332093.476317747,8000.0,25000.0,15593.157574171055,0.0,1653134.9562108396,206641.86952635495,0.32999999999999996,3409590.847184856,3409590.847184856,3409590.847184856
F009,high,9,9,biodiversity,8211414.302431644,10000.0,35000.0,12392.636344038512,0.0,1149598.0023404302,328456.57209726574,0.30999999999999994,2545538.433753809,2545538.433753809,2545538.433753809
F009,high,9,9,beef,10767545.691794738,12000.0,40000.0,16250.340460438796,0.0,1615131.8537692106,323026.3707538421,0.31000000000000005,3337939.1644563694,3337939.1644563694,3337939.1644563694
F009,high,10,10,forestry,2642165.697254221,15000.0,45000.0,3762.3590407368674,0.0,396324.8545881331,79264.97091762662,0.32000000000000006,845493.0231213509,845493.0231213509,845493.0231213509
F009,high,10,10,soil,11009023.738559254,8000.0,25000.0,15676.49600307028,0.0,1761443.7981694806,220180.47477118508,0.32999999999999996,3632977.833724553,3632977.833724553,3632977.833724553
F009,high,10,10,biodiversity,8966864.418255355,10000.0,35000.0,12768.52676050723,0.0,1255361.01855575,358674.57673021423,0.30999999999999994,2779727.9696591594,2779727.9696591594,2779727.9696591594
F009,high,10,10,beef,11090572.062548583,12000.0,40000.0,15792.618195685618,0.0,1663585.8093822876,332717.1618764575,0.31000000000000005,3438077.3393900613,3438077.3393900613,3438077.3393900613
F010,high,2,2,forestry,347625.0,15000.0,45000.0,3379.8993956989975,0.0,52143.75,10428.75,0.32000000000000006,111240.00000000001,111240.00000000001,111240.00000000001
F010,high,2,2,biodiversity,780000.0,10000.0,35000.0,7583.8087843084295,0.0,109200.00000000001,31200.0,0.30999999999999994,241799.99999999994,241799.99999999994,241799.99999999994
F010,high,2,2,beef,2575000.0,12000.0,40000.0,25036.291819992573,0.0,386250.0,77250.0,0.31000000000000005,798250.0000000001,798250.0000000001,798250.0000000001
F010,high,3,3,forestry,716107.5,15000.0,45000.0,3952.36612080371,0.0,107416.125,21483.225,0.32000000000000006,229154.40000000005,229154.40000000005,229154.40000000005
F010,high,3,3,soil,1790268.75,8000.0,25000.0,9880.915302009274,0.0,286443.0,35805.375,0.32999999999999996,590788.6874999999,590788.6874999999,590788.6874999999
F010,high,3,3,biodiversity,1946880.0,10000.0,35000.0,10745.28971316503,0.0,272563.2,77875.2,0.30999999999999994,603532.7999999999,603532.7999999999,603532.7999999999
F010,high,3,3,beef,4243599.999999999,12000.0,40000.0,23421.42886402198,0.0,636539.9999999999,127307.99999999997,0.31000000000000005,1315516.0,1315516.0,1315516.0
F010,high,4,4,forestry,1106386.0875,15000.0,45000.0,3836.769383257053,0.0,165957.913125,33191.582624999995,0.32000000000000006,354043.54800000007,354043.54800000007,354043.54800000007
F010,high,4,4,soil,3687953.6249999995,8000.0,25000.0,12789.231277523508,0.0,590072.58,73759.0725,0.32999999999999996,1217024.6962499998,1217024.6962499998,1217024.6962499998
F010,high,4,4,biodiversity,3037132.7999999984,10000.0,35000.0,10532.289109181122,0.0,425198.59199999983,121485.31199999993,0.30999999999999994,941511.1679999994,941511.1679999994,941511.1679999994
F010,high,4,4,beef,6009998.500000001,12000.0,40000.0,20841.710230038316,0.0,901499.7750000001,180299.95500000002,0.31000000000000005,1863099.5350000006,1863099.5350000006,1863099.5350000006
F010,high,5,5,forestry,1519436.8935000002,15000.0,45000.0,3890.8741788500915,0.0,227915.53402500003,45583.106805,0.32000000000000006,486219.8059200002,486219.8059200002,486219.8059200002
F010,high,5,5,soil,5697888.350625001,8000.0,25000.0,14590.778170687841,0.0,911662.1361000001,113957.76701250001,0.32999999999999996,1880303.15570625,1880303.15570625,1880303.15570625
F010,high,5,5,biodiversity,4211490.816000001,10000.0,35000.0,10784.50901155422,0.0,589608.7142400001,168459.63264000003,0.30999999999999994,1305562.1529599999,1305562.1529599999,1305562.1529599999
F010,high,5,5,beef,7315807.265000001,12000.0,40000.0,18733.838638907848,0.0,1097371.08975,219474.21795000002,0.31000000000000005,2267900.2521500005,2267900.2521500005,2267900.2521500005
F010,high,6,6,forestry,1825856.6670225002,15000.0,45000.0,3782.7936564382467,0.0,273878.500053375,54775.700010675006,0.32000000000000006,584274.1334472002,584274.1334472002,584274.1334472002
F010,high,6,6,soil,7173008.334731251,8000.0,25000.0,14860.975078864542,0.0,1147681.3335570002,143460.16669462502,0.32999999999999996,2367092.7504613125,2367092.7504613125,2367092.7504613125
F010,high,6,6,biodiversity,5474938.060800001,10000.0,35000.0,11342.9281388008,0.0,766491.3285120003,218997.52243200006,0.30999999999999994,1697230.798848,1697230.798848,1697230.798848
F010,high,6,6,beef,8694555.55725,12000.0,40000.0,18013.303125896415,0.0,1304183.3335875,260836.66671750002,0.31000000000000005,2695312.2227475005,2695312.2227475005,2695312.2227475005
F010,high,7,7,forestry,2082128.6920724441,15000.0,45000.0,3773.773374997301,0.0,312319.3038108666,62463.860762173324,0.32000000000000006,666281.1814631822,666281.1814631822,666281.1814631822
F010,high,7,7,soil,8395680.209969534,8000.0,25000.0,15216.828124989119,0.0,1343308.8335951255,167913.60419939068,0.32999999999999996,2770574.469289946,2770574.469289946,2770574.469289946
F010,high,7,7,biodiversity,6453126.9943296015,10000.0,35000.0,11696.029611137072,0.0,903437.7792061443,258125.07977318406,0.30999999999999994,2000469.368242176,2000469.368242176,2000469.368242176
F010,high,7,7,beef,9552418.372232001,12000.0,40000.0,17313.368888876506,0.0,1432862.7558348002,286572.55116696004,0.31000000000000005,2961249.695391921,2961249.695391921,2961249.695391921
F010,high,8,8,forestry,2282953.3626949154,15000.0,45000.0,3769.298630744088,0.0,342443.0044042373,68488.60088084746,0.32000000000000006,730545.0760623731,730545.0760623731,730545.0760623731
F010,high,8,8,soil,9339354.665570108,8000.0,25000.0,15419.858034862178,0.0,1494296.7464912173,186787.09331140216,0.32999999999999996,3081987.039638135,3081987.039638135,3081987.039638135
F010,high,8,8,biodiversity,7303421.374758914,10000.0,35000.0,12058.404975531124,0.0,1022478.9924662481,292136.85499035654,0.30999999999999994,2264060.626175263,2264060.626175263,2264060.626175263
F010,high,8,8,beef,10146459.38975518,12000.0,40000.0,16752.43835886261,0.0,1521968.908463277,304393.7816926554,0.31000000000000005,3145402.4108241065,3145402.4108241065,3145402.4108241065
F010,high,9,9,forestry,2493953.5977318697,15000.0,45000.0,3763.8656213516338,0.0,374093.03965978045,74818.60793195608,0.32000000000000006,798065.1512741984,798065.1512741984,798065.1512741984
F010,high,9,9,soil,10332093.476317747,8000.0,25000.0,15593.157574171055,0.0,1653134.9562108396,206641.86952635495,0.32999999999999996,3409590.847184856,3409590.847184856,3409590.847184856
F010,high,9,9,biodiversity,8211414.302431644,10000.0,35000.0,12392.636344038512,0.0,1149598.0023404302,328456.57209726574,0.30999999999999994,2545538.433753809,2545538.433753809,2545538.433753809
F010,high,9,9,beef,10767545.691794738,12000.0,40000.0,16250.340460438796,0.0,1615131.8537692106,323026.3707538421,0.31000000000000005,3337939.1644563694,3337939.1644563694,3337939.1644563694
F010,high,10,10,forestry,2642165.697254221,15000.0,45000.0,3762.3590407368674,0.0,396324.8545881331,79264.97091762662,0.32000000000000006,845493.0231213509,845493.0231213509,845493.0231213509
F010,high,10,10,soil,11009023.738559254,8000.0,25000.0,15676.49600307028,0.0,1761443.7981694806,220180.47477118508,0.32999999999999996,3632977.833724553,3632977.833724553,3632977.833724553
F010,high,10,10,biodiversity,8966864.418255355,10000.0,35000.0,12768.52676050723,0.0,1255361.01855575,358674.57673021423,0.30999999999999994,2779727.9696591594,2779727.9696591594,2779727.9696591594
F010,high,10,10,beef,11090572.062548583,12000.0,40000.0,15792.618195685618,0.0,1663585.8093822876,332717.1618764575,0.31000000000000005,3438077.3393900613,3438077.3393900613,3438077.3393900613
F011,low,3,2,forestry,179026.875,15000.0,45000.0,3522.548764078567,0.0,26854.03125,5370.80625,0.32000000000000006,57288.60000000001,57288.60000000001,57288.60000000001
F011,low,3,2,biodiversity,324480.0,10000.0,35000.0,6384.497427932054,0.0,45427.200000000004,12979.2,0.30999999999999994,100588.79999999999,100588.79999999999,100588.79999999999
F011,low,3,2,beef,1326124.9999999998,12000.0,40000.0,26092.95380798938,0.0,198918.74999999997,39783.74999999999,0.31000000000000005,411098.75,411098.75,411098.75
F011,low,4,3,forestry,307329.46875,15000.0,45000.0,3733.6059120958007,0.0,46099.4203125,9219.8840625,0.32000000000000006,98345.43000000002,98345.43000000002,98345.43000000002
F011,low,4,3,soil,614658.9375,8000.0,25000.0,7467.211824191601,0.0,98345.43000000001,12293.178750000001,0.32999999999999996,202837.44937499997,202837.44937499997,202837.44937499997
F011,low,4,3,biodiversity,843648.0,10000.0,35000.0,10249.095777698012,0.0,118110.72000000002,33745.92,0.30999999999999994,261530.87999999995,261530.87999999995,261530.87999999995
F011,low,4,3,beef,2185454.0,12000.0,40000.0,26550.086486014585,0.0,327818.1,65563.62,0.31000000000000005,677490.7400000001,677490.7400000001,677490.7400000001
F011,low,5,4,forestry,506478.96450000006,15000.0,45000.0,4058.407233471725,0.0,75971.844675,15194.368935,0.32000000000000006,162073.26864000005,162073.26864000005,162073.26864000005
F011,low,5,4,soil,1266197.4112500001,8000.0,25000.0,10146.018083679312,0.0,202591.58580000003,25323.948225000004,0.32999999999999996,417845.1457125,417845.1457125,417845.1457125
F011,low,5,4,biodiversity,1403830.2720000003,10000.0,35000.0,11248.867830228277,0.0,196536.23808000007,56153.21088000001,0.30999999999999994,435187.38432,435187.38432,435187.38432
F011,low,5,4,beef,2813772.025,12000.0,40000.0,22546.70685262069,0.0,422065.80374999996,84413.16075,0.31000000000000005,872269.3277500002,872269.3277500002,872269.3277500002
F011,low,6,5,forestry,652091.66679375,15000.0,45000.0,3956.4826637487768,0.0,97813.7500190625,19562.7500038125,0.32000000000000006,208669.33337400004,208669.33337400004,208669.33337400004
F011,low,6,5,soil,1956275.0003812502,8000.0,25000.0,11869.447991246332,0.0,313004.00006100006,39125.50000762501,0.32999999999999996,645570.7501258125,645570.7501258125,645570.7501258125
F011,low,6,5,biodiversity,1824979.3536000003,10000.0,35000.0,11072.828471678078,0.0,255497.10950400005,72999.17414400002,0.30999999999999994,565743.599616,565743.599616,565743.599616
F011,low,6,5,beef,3477822.2229000004,12000.0,40000.0,21101.240873326813,0.0,521673.33343500004,104334.666687,0.31000000000000005,1078124.8890990003,1078124.8890990003,1078124.8890990003
F011,low,7,6,forestry,805985.3001570752,15000.0,45000.0,3888.4203084604355,0.0,120897.79502356127,24179.559004712253,0.32000000000000006,257915.2960502641,257915.2960502641,257915.2960502641
F011,low,7,6,soil,2686617.6671902505,8000.0,25000.0,12961.401028201451,0.0,429858.82675044006,53732.35334380501,0.32999999999999996,886583.8301727825,886583.8301727825,886583.8301727825
F011,low,7,6,biodiversity,2277574.233292801,10000.0,35000.0,10987.999286135851,0.0,318860.39266099216,91102.96933171204,0.30999999999999994,706048.0123207681,706048.0123207681,706048.0123207681
F011,low,7,6,beef,4179183.0378515003,12000.0,40000.0,20162.179377202254,0.0,626877.455677725,125375.491135545,0.31000000000000005,1295546.7417339652,1295546.7417339652,1295546.7417339652
F011,low,8,7,forestry,899345.2640919364,15000.0,45000.0,3790.724689113923,0.0,134901.78961379046,26980.357922758092,0.32000000000000006,287790.4845094197,287790.4845094197,287790.4845094197
F011,low,8,7,soil,3113118.2218567026,8000.0,25000.0,13121.73930847127,0.0,498098.91549707245,62262.364437134056,0.32999999999999996,1027329.0132127118,1027329.0132127118,1027329.0132127118
F011,low,8,7,biodiversity,2763456.7363952645,10000.0,35000.0,11647.922212086998,0.0,386883.9430953371,110538.26945581059,0.30999999999999994,856671.5882825318,856671.5882825318,856671.5882825318
F011,low,8,7,beef,4612026.995343263,12000.0,40000.0,19439.613790327807,0.0,691804.0493014895,138360.8098602979,0.31000000000000005,1429728.368556412,1429728.368556412,1429728.368556412
F011,low,9,8,forestry,997581.4390927479,15000.0,45000.0,3768.388707344532,0.0,149637.21586391216,29927.443172782434,0.32000000000000006,319226.0605096794,319226.0605096794,319226.0605096794
F011,low,9,8,soil,3562790.853902671,8000.0,25000.0,13458.531097659043,0.0,570046.5366244274,71255.81707805343,0.32999999999999996,1175720.9817878813,1175720.9817878813,1175720.9817878813
F011,low,9,8,biodiversity,3079280.363411866,10000.0,35000.0,11632.058189436897,0.0,431099.2508776613,123171.21453647465,0.30999999999999994,954576.9126576784,954576.9126576784,954576.9126576784
F011,low,9,8,beef,5067080.325550465,12000.0,40000.0,19141.022005559524,0.0,760062.0488325697,152012.40976651394,0.31000000000000005,1570794.9009206444,1570794.9009206444,1570794.9009206444
F011,low,10,9,forestry,1100902.3738559254,15000.0,45000.0,3836.847769700283,0.0,165135.3560783888,33027.07121567776,0.32000000000000006,352288.7596338962,352288.7596338962,352288.7596338962
F011,low,10,9,soil,4036642.0374717265,8000.0,25000.0,14068.441822234374,0.0,645862.7259954762,80732.84074943453,0.32999999999999996,1332091.8723656696,1332091.8723656696,1332091.8723656696
F011,low,10,9,biodiversity,3415948.3498115637,10000.0,35000.0,11905.209870226967,0.0,478232.768973619,136637.93399246255,0.30999999999999994,1058943.9884415846,1058943.9884415846,1058943.9884415846
F011,low,10,9,beef,5219092.73531698,12000.0,40000.0,18189.50053783838,0.0,782863.9102975469,156572.7820595094,0.31000000000000005,1617918.747948264,1617918.747948264,1617918.747948264
F012,low,3,2,forestry,179026.875,15000.0,45000.0,3522.548764078567,0.0,26854.03125,5370.80625,0.32000000000000006,57288.60000000001,57288.60000000001,57288.60000000001
F012,low,3,2,biodiversity,324480.0,10000.0,35000.0,6384.497427932054,0.0,45427.200000000004,12979.2,0.30999999999999994,100588.79999999999,100588.79999999999,100588.79999999999
F012,low,3,2,beef,1326124.9999999998,12000.0,40000.0,26092.95380798938,0.0,198918.74999999997,39783.74999999999,0.31000000000000005,411098.75,411098.75,411098.75
F012,low,4,3,forestry,307329.46875,15000.0,45000.0,3733.6059120958007,0.0,46099.4203125,9219.8840625,0.32000000000000006,98345.43000000002,98345.43000000002,98345.43000000002
F012,low,4,3,soil,614658.9375,8000.0,25000.0,7467.211824191601,0.0,98345.43000000001,12293.178750000001,0.32999999999999996,202837.44937499997,202837.44937499997,202837.44937499997
F012,low,4,3,biodiversity,843648.0,10000.0,35000.0,10249.095777698012,0.0,118110.72000000002,33745.92,0.30999999999999994,261530.87999999995,261530.87999999995,261530.87999999995
F012,low,4,3,beef,2185454.0,12000.0,40000.0,26550.086486014585,0.0,327818.1,65563.62,0.31000000000000005,677490.7400000001,677490.7400000001,677490.7400000001
F012,low,5,4,forestry,506478.96450000006,15000.0,45000.0,4058.407233471725,0.0,75971.844675,15194.368935,0.32000000000000006,162073.26864000005,162073.26864000005,162073.26864000005
F012,low,5,4,soil,1266197.4112500001,8000.0,25000.0,10146.018083679312,0.0,202591.58580000003,25323.948225000004,0.32999999999999996,417845.1457125,417845.1457125,417845.1457125
F012,low,5,4,biodiversity,1403830.2720000003,10000.0,35000.0,11248.867830228277,0.0,196536.23808000007,56153.21088000001,0.30999999999999994,435187.38432,435187.38432,435187.38432
F012,low,5,4,beef,2813772.025,12000.0,40000.0,22546.70685262069,0.0,422065.80374999996,84413.16075,0.31000000000000005,872269.3277500002,872269.3277500002,872269.3277500002
F012,low,6,5,forestry,652091.66679375,15000.0,45000.0,3956.4826637487768,0.0,97813.7500190625,19562.7500038125,0.32000000000000006,208669.33337400004,208669.33337400004,208669.33337400004
F012,low,6,5,soil,1956275.0003812502,8000.0,25000.0,11869.447991246332,0.0,313004.00006100006,39125.50000762501,0.32999999999999996,645570.7501258125,645570.7501258125,645570.7501258125
F012,low,6,5,biodiversity,1824979.3536000003,10000.0,35000.0,11072.828471678078,0.0,255497.10950400005,72999.17414400002,0.30999999999999994,565743.599616,565743.599616,565743.599616
F012,low,6,5,beef,3477822.2229000004,12000.0,40000.0,21101.240873326813,0.0,521673.33343500004,104334.666687,0.31000000000000005,1078124.8890990003,1078124.8890990003,1078124.8890990003
F012,low,7,6,forestry,805985.3001570752,15000.0,45000.0,3888.4203084604355,0.0,120897.79502356127,24179.559004712253,0.32000000000000006,257915.2960502641,257915.2960502641,257915.2960502641
F012,low,7,6,soil,2686617.6671902505,8000.0,25000.0,12961.401028201451,0.0,429858.82675044006,53732.35334380501,0.32999999999999996,886583.8301727825,886583.8301727825,886583.8301727825
F012,low,7,6,biodiversity,2277574.233292801,10000.0,35000.0,10987.999286135851,0.0,318860.39266099216,91102.96933171204,0.30999999999999994,706048.0123207681,706048.0123207681,706048.0123207681
F012,low,7,6,beef,4179183.0378515003,12000.0,40000.0,20162.179377202254,0.0,626877.455677725,125375.491135545,0.31000000000000005,1295546.7417339652,1295546.7417339652,1295546.7417339652
F012,low,8,7,forestry,899345.2640919364,15000.0,45000.0,3790.724689113923,0.0,134901.78961379046,26980.357922758092,0.32000000000000006,287790.4845094197,287790.4845094197,287790.4845094197
F012,low,8,7,soil,3113118.2218567026,8000.0,25000.0,13121.73930847127,0.0,498098.91549707245,62262.364437134056,0.32999999999999996,1027329.0132127118,1027329.0132127118,1027329.0132127118
F012,low,8,7,biodiversity,2763456.7363952645,10000.0,35000.0,11647.922212086998,0.0,386883.9430953371,110538.26945581059,0.30999999999999994,856671.5882825318,856671.5882825318,856671.5882825318
F012,low,8,7,beef,4612026.995343263,12000.0,40000.0,19439.613790327807,0.0,691804.0493014895,138360.8098602979,0.31000000000000005,1429728.368556412,1429728.368556412,1429728.368556412
F012,low,9,8,forestry,997581.4390927479,15000.0,45000.0,3768.388707344532,0.0,149637.21586391216,29927.443172782434,0.32000000000000006,319226.0605096794,319226.0605096794,319226.0605096794
F012,low,9,8,soil,3562790.853902671,8000.0,25000.0,13458.531097659043,0.0,570046.5366244274,71255.81707805343,0.32999999999999996,1175720.9817878813,1175720.9817878813,1175720.9817878813
F012,low,9,8,biodiversity,3079280.363411866,10000.0,35000.0,11632.058189436897,0.0,431099.2508776613,123171.21453647465,0.30999999999999994,954576.9126576784,954576.9126576784,954576.9126576784
F012,low,9,8,beef,5067080.325550465,12000.0,40000.0,19141.022005559524,0.0,760062.0488325697,152012.40976651394,0.31000000000000005,1570794.9009206444,1570794.9009206444,1570794.9009206444
F012,low,10,9,forestry,1100902.3738559254,15000.0,45000.0,3836.847769700283,0.0,165135.3560783888,33027.07121567776,0.32000000000000006,352288.7596338962,352288.7596338962,352288.7596338962
F012,low,10,9,soil,4036642.0374717265,8000.0,25000.0,14068.441822234374,0.0,645862.7259954762,80732.84074943453,0.32999999999999996,1332091.8723656696,1332091.8723656696,1332091.8723656696
F012,low,10,9,biodiversity,3415948.3498115637,10000.0,35000.0,11905.209870226967,0.0,478232.768973619,136637.93399246255,0.30999999999999994,1058943.9884415846,1058943.9884415846,1058943.9884415846
F012,low,10,9,beef,5219092.73531698,12000.0,40000.0,18189.50053783838,0.0,782863.9102975469,156572.7820595094,0.31000000000000005,1617918.747948264,1617918.747948264,1617918.747948264
F013,low,3,2,forestry,179026.875,15000.0,45000.0,3522.548764078567,0.0,26854.03125,5370.80625,0.32000000000000006,57288.60000000001,57288.60000000001,57288.60000000001
F013,low,3,2,biodiversity,324480.0,10000.0,35000.0,6384.497427932054,0.0,45427.200000000004,12979.2,0.30999999999999994,100588.79999999999,100588.79999999999,100588.79999999999
F013,low,3,2,beef,1326124.9999999998,12000.0,40000.0,26092.95380798938,0.0,198918.74999999997,39783.74999999999,0.31000000000000005,411098.75,411098.75,411098.75
F013,low,4,3,forestry,307329.46875,15000.0,45000.0,3733.6059120958007,0.0,46099.4203125,9219.8840625,0.32000000000000006,98345.43000000002,98345.43000000002,98345.43000000002
F013,low,4,3,soil,614658.9375,8000.0,25000.0,7467.211824191601,0.0,98345.43000000001,12293.178750000001,0.32999999999999996,202837.44937499997,202837.44937499997,202837.44937499997
F013,low,4,3,biodiversity,843648.0,10000.0,35000.0,10249.095777698012,0.0,118110.72000000002,33745.92,0.30999999999999994,261530.87999999995,261530.87999999995,261530.87999999995
F013,low,4,3,beef,2185454.0,12000.0,40000.0,26550.086486014585,0.0,327818.1,65563.62,0.31000000000000005,677490.7400000001,677490.7400000001,677490.7400000001
F013,low,5,4,forestry,506478.96450000006,15000.0,45000.0,4058.407233471725,0.0,75971.844675,15194.368935,0.32000000000000006,162073.26864000005,162073.26864000005,162073.26864000005
F013,low,5,4,soil,1266197.4112500001,8000.0,25000.0,10146.018083679312,0.0,202591.58580000003,25323.948225000004,0.32999999999999996,417845.1457125,417845.1457125,417845.1457125
F013,low,5,4,biodiversity,1403830.2720000003,10000.0,35000.0,11248.867830228277,0.0,196536.23808000007,56153.21088000001,0.30999999999999994,435187.38432,435187.38432,435187.38432
F013,low,5,4,beef,2813772.025,12000.0,40000.0,22546.70685262069,0.0,422065.80374999996,84413.16075,0.31000000000000005,872269.3277500002,872269.3277500002,872269.3277500002
F013,low,6,5,forestry,652091.66679375,15000.0,45000.0,3956.4826637487768,0.0,97813.7500190625,19562.7500038125,0.32000000000000006,208669.33337400004,208669.33337400004,208669.33337400004
F013,low,6,5,soil,1956275.0003812502,8000.0,25000.0,11869.447991246332,0.0,313004.00006100006,39125.50000762501,0.32999999999999996,645570.7501258125,645570.7501258125,645570.7501258125
F013,low,6,5,biodiversity,1824979.3536000003,10000.0,35000.0,11072.828471678078,0.0,255497.10950400005,72999.17414400002,0.30999999999999994,565743.599616,565743.599616,565743.599616
F013,low,6,5,beef,3477822.2229000004,12000.0,40000.0,21101.240873326813,0.0,521673.33343500004,104334.666687,0.31000000000000005,1078124.8890990003,1078124.8890990003,1078124.8890990003
F013,low,7,6,forestry,805985.3001570752,15000.0,45000.0,3888.4203084604355,0.0,120897.79502356127,24179.559004712253,0.32000000000000006,257915.2960502641,257915.2960502641,257915.2960502641
F013,low,7,6,soil,2686617.6671902505,8000.0,25000.0,12961.401028201451,0.0,429858.82675044006,53732.35334380501,0.32999999999999996,886583.8301727825,886583.8301727825,886583.8301727825
F013,low,7,6,biodiversity,2277574.233292801,10000.0,35000.0,10987.999286135851,0.0,318860.39266099216,91102.96933171204,0.30999999999999994,706048.0123207681,706048.0123207681,706048.0123207681
F013,low,7,6,beef,4179183.0378515003,12000.0,40000.0,20162.179377202254,0.0,626877.455677725,125375.491135545,0.31000000000000005,1295546.7417339652,1295546.7417339652,1295546.7417339652
F013,low,8,7,forestry,899345.2640919364,15000.0,45000.0,3790.724689113923,0.0,134901.78961379046,26980.357922758092,0.32000000000000006,287790.4845094197,287790.4845094197,287790.4845094197
F013,low,8,7,soil,3113118.2218567026,8000.0,25000.0,13121.73930847127,0.0,498098.91549707245,62262.364437134056,0.32999999999999996,1027329.0132127118,1027329.0132127118,1027329.0132127118
F013,low,8,7,biodiversity,2763456.7363952645,10000.0,35000.0,11647.922212086998,0.0,386883.9430953371,110538.26945581059,0.30999999999999994,856671.5882825318,856671.5882825318,856671.5882825318
F013,low,8,7,beef,4612026.995343263,12000.0,40000.0,19439.613790327807,0.0,691804.0493014895,138360.8098602979,0.31000000000000005,1429728.368556412,1429728.368556412,1429728.368556412
F013,low,9,8,forestry,997581.4390927479,15000.0,45000.0,3768.388707344532,0.0,149637.21586391216,29927.443172782434,0.32000000000000006,319226.0605096794,319226.0605096794,319226.0605096794
F013,low,9,8,soil,3562790.853902671,8000.0,25000.0,13458.531097659043,0.0,570046.5366244274,71255.81707805343,0.32999999999999996,1175720.9817878813,1175720.9817878813,1175720.9817878813
F013,low,9,8,biodiversity,3079280.363411866,10000.0,35000.0,11632.058189436897,0.0,431099.2508776613,123171.21453647465,0.30999999999999994,954576.9126576784,954576.9126576784,954576.9126576784
F013,low,9,8,beef,5067080.325550465,12000.0,40000.0,19141.022005559524,0.0,760062.0488325697,152012.40976651394,0.31000000000000005,1570794.9009206444,1570794.9009206444,1570794.9009206444
F013,low,10,9,forestry,1100902.3738559254,15000.0,45000.0,3836.847769700283,0.0,165135.3560783888,33027.07121567776,0.32000000000000006,352288.7596338962,352288.7596338962,352288.7596338962
F013,low,10,9,soil,4036642.0374717265,8000.0,25000.0,14068.441822234374,0.0,645862.7259954762,80732.84074943453,0.32999999999999996,1332091.8723656696,1332091.8723656696,1332091.8723656696
F013,low,10,9,biodiversity,3415948.3498115637,10000.0,35000.0,11905.209870226967,0.0,478232.768973619,136637.93399246255,0.30999999999999994,1058943.9884415846,1058943.9884415846,1058943.9884415846
F013,low,10,9,beef,5219092.73531698,12000.0,40000.0,18189.50053783838,0.0,782863.9102975469,156572.7820595094,0.31000000000000005,1617918.747948264,1617918.747948264,1617918.747948264
F014,low,3,2,forestry,179026.875,15000.0,45000.0,3522.548764078567,0.0,26854.03125,5370.80625,0.32000000000000006,57288.60000000001,57288.60000000001,57288.60000000001
F014,low,3,2,biodiversity,324480.0,10000.0,35000.0,6384.497427932054,0.0,45427.200000000004,12979.2,0.30999999999999994,100588.79999999999,100588.79999999999,100588.79999999999
F014,low,3,2,beef,1326124.9999999998,12000.0,40000.0,26092.95380798938,0.0,198918.74999999997,39783.74999999999,0.31000000000000005,411098.75,411098.75,411098.75
F014,low,4,3,forestry,307329.46875,15000.0,45000.0,3733.6059120958007,0.0,46099.4203125,9219.8840625,0.32000000000000006,98345.43000000002,98345.43000000002,98345.43000000002
F014,low,4,3,soil,614658.9375,8000.0,25000.0,7467.211824191601,0.0,98345.43000000001,12293.178750000001,0.32999999999999996,202837.44937499997,202837.44937499997,202837.44937499997
F014,low,4,3,biodiversity,843648.0,10000.0,35000.0,10249.095777698012,0.0,118110.72000000002,33745.92,0.30999999999999994,261530.87999999995,261530.87999999995,261530.87999999995
F014,low,4,3,beef,2185454.0,12000.0,40000.0,26550.086486014585,0.0,327818.1,65563.62,0.31000000000000005,677490.7400000001,677490.7400000001,677490.7400000001
F014,low,5,4,forestry,506478.96450000006,15000.0,45000.0,4058.407233471725,0.0,75971.844675,15194.368935,0.32000000000000006,162073.26864000005,162073.26864000005,162073.26864000005
F014,low,5,4,soil,1266197.4112500001,8000.0,25000.0,10146.018083679312,0.0,202591.58580000003,25323.948225000004,0.32999999999999996,417845.1457125,417845.1457125,417845.1457125
F014,low,5,4,biodiversity,1403830.2720000003,10000.0,35000.0,11248.867830228277,0.0,196536.23808000007,56153.21088000001,0.30999999999999994,435187.38432,435187.38432,435187.38432
F014,low,5,4,beef,2813772.025,12000.0,40000.0,22546.70685262069,0.0,422065.80374999996,84413.16075,0.31000000000000005,872269.3277500002,872269.3277500002,872269.3277500002
F014,low,6,5,forestry,652091.66679375,15000.0,45000.0,3956.4826637487768,0.0,97813.7500190625,19562.7500038125,0.32000000000000006,208669.33337400004,208669.33337400004,208669.33337400004
F014,low,6,5,soil,1956275.0003812502,8000.0,25000.0,11869.447991246332,0.0,313004.00006100006,39125.50000762501,0.32999999999999996,645570.7501258125,645570.7501258125,645570.7501258125
F014,low,6,5,biodiversity,1824979.3536000003,10000.0,35000.0,11072.828471678078,0.0,255497.10950400005,72999.17414400002,0.30999999999999994,565743.599616,565743.599616,565743.599616
F014,low,6,5,beef,3477822.2229000004,12000.0,40000.0,21101.240873326813,0.0,521673.33343500004,104334.666687,0.31000000000000005,1078124.8890990003,1078124.8890990003,1078124.8890990003
F014,low,7,6,forestry,805985.3001570752,15000.0,45000.0,3888.4203084604355,0.0,120897.79502356127,24179.559004712253,0.32000000000000006,257915.2960502641,257915.2960502641,257915.2960502641
F014,low,7,6,soil,2686617.6671902505,8000.0,25000.0,12961.401028201451,0.0,429858.82675044006,53732.35334380501,0.32999999999999996,886583.8301727825,886583.8301727825,886583.8301727825
F014,low,7,6,biodiversity,2277574.233292801,10000.0,35000.0,10987.999286135851,0.0,318860.39266099216,91102.96933171204,0.30999999999999994,706048.0123207681,706048.0123207681,706048.0123207681
F014,low,7,6,beef,4179183.0378515003,12000.0,40000.0,20162.179377202254,0.0,626877.455677725,125375.491135545,0.31000000000000005,1295546.7417339652,1295546.7417339652,1295546.7417339652
F014,low,8,7,forestry,899345.2640919364,15000.0,45000.0,3790.724689113923,0.0,134901.78961379046,26980.357922758092,0.32000000000000006,287790.4845094197,287790.4845094197,287790.4845094197
F014,low,8,7,soil,3113118.2218567026,8000.0,25000.0,13121.73930847127,0.0,498098.91549707245,62262.364437134056,0.32999999999999996,1027329.0132127118,1027329.0132127118,1027329.0132127118
F014,low,8,7,biodiversity,2763456.7363952645,10000.0,35000.0,11647.922212086998,0.0,386883.9430953371,110538.26945581059,0.30999999999999994,856671.5882825318,856671.5882825318,856671.5882825318
F014,low,8,7,beef,4612026.995343263,12000.0,40000.0,19439.613790327807,0.0,691804.0493014895,138360.8098602979,0.31000000000000005,1429728.368556412,1429728.368556412,1429728.368556412
F014,low,9,8,forestry,997581.4390927479,15000.0,45000.0,3768.388707344532,0.0,149637.21586391216,29927.443172782434,0.32000000000000006,319226.0605096794,319226.0605096794,319226.0605096794
F014,low,9,8,soil,3562790.853902671,8000.0,25000.0,13458.531097659043,0.0,570046.5366244274,71255.81707805343,0.32999999999999996,1175720.9817878813,1175720.9817878813,1175720.9817878813
F014,low,9,8,biodiversity,3079280.363411866,10000.0,35000.0,11632.058189436897,0.0,431099.2508776613,123171.21453647465,0.30999999999999994,954576.9126576784,954576.9126576784,954576.9126576784
F014,low,9,8,beef,5067080.325550465,12000.0,40000.0,19141.022005559524,0.0,760062.0488325697,152012.40976651394,0.31000000000000005,1570794.9009206444,1570794.9009206444,1570794.9009206444
F014,low,10,9,forestry,1100902.3738559254,15000.0,45000.0,3836.847769700283,0.0,165135.3560783888,33027.07121567776,0.32000000000000006,352288.7596338962,352288.7596338962,352288.7596338962
F014,low,10,9,soil,4036642.0374717265,8000.0,25000.0,14068.441822234374,0.0,645862.7259954762,80732.84074943453,0.32999999999999996,1332091.8723656696,1332091.8723656696,1332091.8723656696
F014,low,10,9,biodiversity,3415948.3498115637,10000.0,35000.0,11905.209870226967,0.0,478232.768973619,136637.93399246255,0.30999999999999994,1058943.9884415846,1058943.9884415846,1058943.9884415846
F014,low,10,9,beef,5219092.73531698,12000.0,40000.0,18189.50053783838,0.0,782863.9102975469,156572.7820595094,0.31000000000000005,1617918.747948264,1617918.747948264,1617918.747948264
F015,medium,3,2,forestry,238702.5,15000.0,45000.0,3328.155817346841,0.0,35805.375,7161.075,0.32000000000000006,76384.80000000002,76384.80000000002,76384.80000000002
F015,medium,3,2,biodiversity,486720.0,10000.0,35000.0,6786.187825511062,0.0,68140.8,19468.8,0.30999999999999994,150883.19999999998,150883.19999999998,150883.19999999998
F015,medium,3,2,beef,1856574.9999999998,12000.0,40000.0,25885.656357142096,0.0,278486.24999999994,55697.24999999999,0.31000000000000005,575538.25,575538.25,575538.25
F015,medium,4,3,forestry,491727.14999999997,15000.0,45000.0,3884.6881478831438,0.0,73759.0725,14751.814499999999,0.32000000000000006,157352.68800000002,157352.68800000002,157352.68800000002
F015,medium,4,3,soil,1229317.875,8000.0,25000.0,9711.72036970786,0.0,196690.86000000002,24586.357500000002,0.32999999999999996,405674.89874999993,405674.89874999993,405674.89874999993
F015,medium,4,3,biodiversity,1349836.8,10000.0,35000.0,10663.830578678662,0.0,188977.15200000003,53993.472,0.30999999999999994,418449.40799999994,418449.40799999994,418449.40799999994
F015,medium,4,3,beef,3004999.2500000005,12000.0,40000.0,23739.76090373033,0.0,450749.88750000007,90149.97750000001,0.31000000000000005,931549.7675000003,931549.7675000003,931549.7675000003
F015,medium,5,4,forestry,759718.4467500001,15000.0,45000.0,3905.530745916054,0.0,113957.76701250001,22791.5534025,0.32000000000000006,243109.9029600001,243109.9029600001,243109.9029600001
F015,medium,5,4,soil,2532394.8225000002,8000.0,25000.0,13018.435819720178,0.0,405183.17160000006,50647.89645000001,0.32999999999999996,835690.291425,835690.291425,835690.291425
F015,medium,5,4,biodiversity,2105745.4080000003,10000.0,35000.0,10825.133270354601,0.0,294804.35712000006,84229.81632000001,0.30999999999999994,652781.0764799999,652781.0764799999,652781.0764799999
F015,medium,5,4,beef,3939280.835,12000.0,40000.0,20250.900164009166,0.0,590892.1252499999,118178.42504999999,0.31000000000000005,1221177.0588500001,1221177.0588500001,1221177.0588500001
F015,medium,6,5,forestry,1043346.6668700001,15000.0,45000.0,3911.7009021597564,0.0,156502.0000305,31300.4000061,0.32000000000000006,333870.9333984001,333870.9333984001,333870.9333984001
F015,medium,6,5,soil,3912550.0007625003,8000.0,25000.0,14668.878383099089,0.0,626008.0001220001,78251.00001525001,0.32999999999999996,1291141.500251625,1291141.500251625,1291141.500251625
F015,medium,6,5,biodiversity,2919966.9657600005,10000.0,35000.0,10947.499787875639,0.0,408795.3752064001,116798.67863040003,0.30999999999999994,905189.7593856,905189.7593856,905189.7593856
F015,medium,6,5,beef,4926914.8157750005,12000.0,40000.0,18471.920926865518,0.0,739037.22236625,147807.44447325,0.31000000000000005,1527343.5928902505,1527343.5928902505,1527343.5928902505
F015,medium,7,6,forestry,1276143.391915369,15000.0,45000.0,3881.4958074759934,0.0,191421.50878730536,38284.30175746107,0.32000000000000006,408365.8854129182,408365.8854129182,408365.8854129182
F015,medium,7,6,soil,5037408.125981719,8000.0,25000.0,15321.693976878918,0.0,805985.300157075,100748.16251963438,0.32999999999999996,1662344.6815739672,1662344.6815739672,1662344.6815739672
F015,medium,7,6,biodiversity,3795957.055488001,10000.0,35000.0,11545.717737974008,0.0,531433.9877683203,151838.28221952004,0.30999999999999994,1176746.6872012801,1176746.6872012801,1176746.6872012801
F015,medium,7,6,beef,5671748.408512751,12000.0,40000.0,17251.092477671078,0.0,850762.2612769125,170152.45225538252,0.31000000000000005,1758242.006638953,1758242.006638953,1758242.006638953
F015,medium,8,7,forestry,1452788.503533128,15000.0,45000.0,3804.371639336693,0.0,217918.2755299692,43583.655105993836,0.32000000000000006,464892.32113060105,464892.32113060105,464892.32113060105
F015,medium,8,7,soil,5880334.419062661,8000.0,25000.0,15398.6471116009,0.0,940853.5070500257,117606.68838125322,0.32999999999999996,1940510.358290678,1940510.358290678,1940510.358290678
F015,medium,8,7,biodiversity,4539964.638363649,10000.0,35000.0,11888.662852010437,0.0,635595.049370911,181598.58553454597,0.30999999999999994,1407389.037892731,1407389.037892731,1407389.037892731
F015,medium,8,7,beef,6456837.793480569,12000.0,40000.0,16908.318397051968,0.0,968525.6690220853,193705.13380441704,0.31000000000000005,2001619.7159789766,2001619.7159789766,2001619.7159789766
F015,medium,9,8,forestry,1567627.9757171753,15000.0,45000.0,3747.313970011685,0.0,235144.1963575763,47028.83927151526,0.32000000000000006,501640.9522294962,501640.9522294962,501640.9522294962
F015,medium,9,8,soil,6413023.537024808,8000.0,25000.0,15329.920786411438,0.0,1026083.7659239693,128260.47074049617,0.32999999999999996,2116297.7672181865,2116297.7672181865,2116297.7672181865
F015,medium,9,8,biodiversity,5132133.939019777,10000.0,35000.0,12268.036487969395,0.0,718498.7514627689,205285.35756079108,0.30999999999999994,1590961.5210961306,1590961.5210961306,1590961.5210961306
F015,medium,9,8,beef,6967235.44763189,12000.0,40000.0,16654.728755607488,0.0,1045085.3171447834,209017.0634289567,0.31000000000000005,2159842.988765886,2159842.988765886,2159842.988765886
F015,medium,10,9,forestry,1688050.3065790855,15000.0,45000.0,3788.476149325395,0.0,253207.54598686282,50641.509197372565,0.32000000000000006,540176.0981053074,540176.0981053074,540176.0981053074
F015,medium,10,9,soil,6972381.701087528,8000.0,25000.0,15648.053660257068,0.0,1115581.0721740045,139447.63402175056,0.32999999999999996,2300885.961358884,2300885.961358884,2300885.961358884
F015,medium,10,9,biodiversity,5550916.068443791,10000.0,35000.0,12457.871101497978,0.0,777128.2495821308,222036.64273775165,0.30999999999999994,1720783.9812175748,1720783.9812175748,1720783.9812175748
F015,medium,10,9,beef,7176252.511060848,12000.0,40000.0,16105.599088919558,0.0,1076437.8766591272,215287.57533182544,0.31000000000000005,2224638.2784288633,2224638.2784288633,2224638.2784288633
F016,medium,3,2,forestry,238702.5,15000.0,45000.0,3328.155817346841,0.0,35805.375,7161.075,0.32000000000000006,76384.80000000002,76384.80000000002,76384.80000000002
F016,medium,3,2,biodiversity,486720.0,10000.0,35000.0,6786.187825511062,0.0,68140.8,19468.8,0.30999999999999994,150883.19999999998,150883.19999999998,150883.19999999998
F016,medium,3,2,beef,1856574.9999999998,12000.0,40000.0,25885.656357142096,0.0,278486.24999999994,55697.24999999999,0.31000000000000005,575538.25,575538.25,575538.25
F016,medium,4,3,forestry,491727.14999999997,15000.0,45000.0,3884.6881478831438,0.0,73759.0725,14751.814499999999,0.32000000000000006,157352.68800000002,157352.68800000002,157352.68800000002
F016,medium,4,3,soil,1229317.875,8000.0,25000.0,9711.72036970786,0.0,196690.86000000002,24586.357500000002,0.32999999999999996,405674.89874999993,405674.89874999993,405674.89874999993
F016,medium,4,3,biodiversity,1349836.8,10000.0,35000.0,10663.830578678662,0.0,188977.15200000003,53993.472,0.30999999999999994,418449.40799999994,418449.40799999994,418449.40799999994
F016,medium,4,3,beef,3004999.2500000005,12000.0,40000.0,23739.76090373033,0.0,450749.88750000007,90149.97750000001,0.31000000000000005,931549.7675000003,931549.7675000003,931549.7675000003
F016,medium,5,4,forestry,759718.4467500001,15000.0,45000.0,3905.530745916054,0.0,113957.76701250001,22791.5534025,0.32000000000000006,243109.9029600001,243109.9029600001,243109.9029600001
F016,medium,5,4,soil,2532394.8225000002,8000.0,25000.0,13018.435819720178,0.0,405183.17160000006,50647.89645000001,0.32999999999999996,835690.291425,835690.291425,835690.291425
F016,medium,5,4,biodiversity,2105745.4080000003,10000.0,35000.0,10825.133270354601,0.0,294804.35712000006,84229.81632000001,0.30999999999999994,652781.0764799999,652781.0764799999,652781.0764799999
F016,medium,5,4,beef,3939280.835,12000.0,40000.0,20250.900164009166,0.0,590892.1252499999,118178.42504999999,0.31000000000000005,1221177.0588500001,1221177.0588500001,1221177.0588500001
F016,medium,6,5,forestry,1043346.6668700001,15000.0,45000.0,3911.7009021597564,0.0,156502.0000305,31300.4000061,0.32000000000000006,333870.9333984001,333870.9333984001,333870.9333984001
F016,medium,6,5,soil,3912550.0007625003,8000.0,25000.0,14668.878383099089,0.0,626008.0001220001,78251.00001525001,0.32999999999999996,1291141.500251625,1291141.500251625,1291141.500251625
F016,medium,6,5,biodiversity,2919966.9657600005,10000.0,35000.0,10947.499787875639,0.0,408795.3752064001,116798.67863040003,0.30999999999999994,905189.7593856,905189.7593856,905189.7593856
F016,medium,6,5,beef,4926914.8157750005,12000.0,40000.0,18471.920926865518,0.0,739037.22236625,147807.44447325,0.31000000000000005,1527343.5928902505,1527343.5928902505,1527343.5928902505
F016,medium,7,6,forestry,1276143.391915369,15000.0,45000.0,3881.4958074759934,0.0,191421.50878730536,38284.30175746107,0.32000000000000006,408365.8854129182,408365.8854129182,408365.8854129182
F016,medium,7,6,soil,5037408.125981719,8000.0,25000.0,15321.693976878918,0.0,805985.300157075,100748.16251963438,0.32999999999999996,1662344.6815739672,1662344.6815739672,1662344.6815739672
F016,medium,7,6,biodiversity,3795957.055488001,10000.0,35000.0,11545.717737974008,0.0,531433.9877683203,151838.28221952004,0.30999999999999994,1176746.6872012801,1176746.6872012801,1176746.6872012801
F016,medium,7,6,beef,5671748.408512751,12000.0,40000.0,17251.092477671078,0.0,850762.2612769125,170152.45225538252,0.31000000000000005,1758242.006638953,1758242.006638953,1758242.006638953
F016,medium,8,7,forestry,1452788.503533128,15000.0,45000.0,3804.371639336693,0.0,217918.2755299692,43583.655105993836,0.32000000000000006,464892.32113060105,464892.32113060105,464892.32113060105
F016,medium,8,7,soil,5880334.419062661,8000.0,25000.0,15398.6471116009,0.0,940853.5070500257,117606.68838125322,0.32999999999999996,1940510.358290678,1940510.358290678,1940510.358290678
F016,medium,8,7,biodiversity,4539964.638363649,10000.0,35000.0,11888.662852010437,0.0,635595.049370911,181598.58553454597,0.30999999999999994,1407389.037892731,1407389.037892731,1407389.037892731
F016,medium,8,7,beef,6456837.793480569,12000.0,40000.0,16908.318397051968,0.0,968525.6690220853,193705.13380441704,0.31000000000000005,2001619.7159789766,2001619.7159789766,2001619.7159789766
F016,medium,9,8,forestry,1567627.9757171753,15000.0,45000.0,3747.313970011685,0.0,235144.1963575763,47028.83927151526,0.32000000000000006,501640.9522294962,501640.9522294962,501640.9522294962
F016,medium,9,8,soil,6413023.537024808,8000.0,25000.0,15329.920786411438,0.0,1026083.7659239693,128260.47074049617,0.32999999999999996,2116297.7672181865,2116297.7672181865,2116297.7672181865
F016,medium,9,8,biodiversity,5132133.939019777,10000.0,35000.0,12268.036487969395,0.0,718498.7514627689,205285.35756079108,0.30999999999999994,1590961.5210961306,1590961.5210961306,1590961.5210961306
F016,medium,9,8,beef,6967235.44763189,12000.0,40000.0,16654.728755607488,0.0,1045085.3171447834,209017.0634289567,0.31000000000000005,2159842.988765886,2159842.988765886,2159842.988765886
F016,medium,10,9,forestry,1688050.3065790855,15000.0,45000.0,3788.476149325395,0.0,253207.54598686282,50641.509197372565,0.32000000000000006,540176.0981053074,540176.0981053074,540176.0981053074
F016,medium,10,9,soil,6972381.701087528,8000.0,25000.0,15648.053660257068,0.0,1115581.0721740045,139447.63402175056,0.32999999999999996,2300885.961358884,2300885.961358884,2300885.961358884
F016,medium,10,9,biodiversity,5550916.068443791,10000.0,35000.0,12457.871101497978,0.0,777128.2495821308,222036.64273775165,0.30999999999999994,1720783.9812175748,1720783.9812175748,1720783.9812175748
F016,medium,10,9,beef,7176252.511060848,12000.0,40000.0,16105.599088919558,0.0,1076437.8766591272,215287.57533182544,0.31000000000000005,2224638.2784288633,2224638.2784288633,2224638.2784288633
F017,medium,3,2,forestry,238702.5,15000.0,45000.0,3328.155817346841,0.0,35805.375,7161.075,0.32000000000000006,76384.80000000002,76384.80000000002,76384.80000000002
F017,medium,3,2,biodiversity,486720.0,10000.0,35000.0,6786.187825511062,0.0,68140.8,19468.8,0.30999999999999994,150883.19999999998,150883.19999999998,150883.19999999998
F017,medium,3,2,beef,1856574.9999999998,12000.0,40000.0,25885.656357142096,0.0,278486.24999999994,55697.24999999999,0.31000000000000005,575538.25,575538.25,575538.25
F017,medium,4,3,forestry,491727.14999999997,15000.0,45000.0,3884.6881478831438,0.0,73759.0725,14751.814499999999,0.32000000000000006,157352.68800000002,157352.68800000002,157352.68800000002
F017,medium,4,3,soil,1229317.875,8000.0,25000.0,9711.72036970786,0.0,196690.86000000002,24586.357500000002,0.32999999999999996,405674.89874999993,405674.89874999993,405674.89874999993
F017,medium,4,3,biodiversity,1349836.8,10000.0,35000.0,10663.830578678662,0.0,188977.15200000003,53993.472,0.30999999999999994,418449.40799999994,418449.40799999994,418449.40799999994
F017,medium,4,3,beef,3004999.2500000005,12000.0,40000.0,23739.76090373033,0.0,450749.88750000007,90149.97750000001,0.31000000000000005,931549.7675000003,931549.7675000003,931549.7675000003
F017,medium,5,4,forestry,759718.4467500001,15000.0,45000.0,3905.530745916054,0.0,113957.76701250001,22791.5534025,0.32000000000000006,243109.9029600001,243109.9029600001,243109.9029600001
F017,medium,5,4,soil,2532394.8225000002,8000.0,25000.0,13018.435819720178,0.0,405183.17160000006,50647.89645000001,0.32999999999999996,835690.291425,835690.291425,835690.291425
F017,medium,5,4,biodiversity,2105745.4080000003,10000.0,35000.0,10825.133270354601,0.0,294804.35712000006,84229.81632000001,0.30999999999999994,652781.0764799999,652781.0764799999,652781.0764799999
F017,medium,5,4,beef,3939280.835,12000.0,40000.0,20250.900164009166,0.0,590892.1252499999,118178.42504999999,0.31000000000000005,1221177.0588500001,1221177.0588500001,1221177.0588500001
F017,medium,6,5,forestry,1043346.6668700001,15000.0,45000.0,3911.7009021597564,0.0,156502.0000305,31300.4000061,0.32000000000000006,333870.9333984001,333870.9333984001,333870.9333984001
F017,medium,6,5,soil,3912550.0007625003,8000.0,25000.0,14668.878383099089,0.0,626008.0001220001,78251.00001525001,0.32999999999999996,1291141.500251625,1291141.500251625,1291141.500251625
F017,medium,6,5,biodiversity,2919966.9657600005,10000.0,35000.0,10947.499787875639,0.0,408795.3752064001,116798.67863040003,0.30999999999999994,905189.7593856,905189.7593856,905189.7593856
F017,medium,6,5,beef,4926914.8157750005,12000.0,40000.0,18471.920926865518,0.0,739037.22236625,147807.44447325,0.31000000000000005,1527343.5928902505,1527343.5928902505,1527343.5928902505
F017,medium,7,6,forestry,1276143.391915369,15000.0,45000.0,3881.4958074759934,0.0,191421.50878730536,38284.30175746107,0.32000000000000006,408365.8854129182,408365.8854129182,408365.8854129182
F017,medium,7,6,soil,5037408.125981719,8000.0,25000.0,15321.693976878918,0.0,805985.300157075,100748.16251963438,0.32999999999999996,1662344.6815739672,1662344.6815739672,1662344.6815739672
F017,medium,7,6,biodiversity,3795957.055488001,10000.0,35000.0,11545.717737974008,0.0,531433.9877683203,151838.28221952004,0.30999999999999994,1176746.6872012801,1176746.6872012801,1176746.6872012801
F017,medium,7,6,beef,5671748.408512751,12000.0,40000.0,17251.092477671078,0.0,850762.2612769125,170152.45225538252,0.31000000000000005,1758242.006638953,1758242.006638953,1758242.006638953
F017,medium,8,7,forestry,1452788.503533128,15000.0,45000.0,3804.371639336693,0.0,217918.2755299692,43583.655105993836,0.32000000000000006,464892.32113060105,464892.32113060105,464892.32113060105
F017,medium,8,7,soil,5880334.419062661,8000.0,25000.0,15398.6471116009,0.0,940853.5070500257,117606.68838125322,0.32999999999999996,1940510.358290678,1940510.358290678,1940510.358290678
F017,medium,8,7,biodiversity,4539964.638363649,10000.0,35000.0,11888.662852010437,0.0,635595.049370911,181598.58553454597,0.30999999999999994,1407389.037892731,1407389.037892731,1407389.037892731
F017,medium,8,7,beef,6456837.793480569,12000.0,40000.0,16908.318397051968,0.0,968525.6690220853,193705.13380441704,0.31000000000000005,2001619.7159789766,2001619.7159789766,2001619.7159789766
F017,medium,9,8,forestry,1567627.9757171753,15000.0,45000.0,3747.313970011685,0.0,235144.1963575763,47028.83927151526,0.32000000000000006,501640.9522294962,501640.9522294962,501640.9522294962
F017,medium,9,8,soil,6413023.537024808,8000.0,25000.0,15329.920786411438,0.0,1026083.7659239693,128260.47074049617,0.32999999999999996,2116297.7672181865,2116297.7672181865,2116297.7672181865
F017,medium,9,8,biodiversity,5132133.939019777,10000.0,35000.0,12268.036487969395,0.0,718498.7514627689,205285.35756079108,0.30999999999999994,1590961.5210961306,1590961.5210961306,1590961.5210961306
F017,medium,9,8,beef,6967235.44763189,12000.0,40000.0,16654.728755607488,0.0,1045085.3171447834,209017.0634289567,0.31000000000000005,2159842.988765886,2159842.988765886,2159842.988765886
F017,medium,10,9,forestry,1688050.3065790855,15000.0,45000.0,3788.476149325395,0.0,253207.54598686282,50641.509197372565,0.32000000000000006,540176.0981053074,540176.0981053074,540176.0981053074
F017,medium,10,9,soil,6972381.701087528,8000.0,25000.0,15648.053660257068,0.0,1115581.0721740045,139447.63402175056,0.32999999999999996,2300885.961358884,2300885.961358884,2300885.961358884
F017,medium,10,9,biodiversity,5550916.068443791,10000.0,35000.0,12457.871101497978,0.0,777128.2495821308,222036.64273775165,0.30999999999999994,1720783.9812175748,1720783.9812175748,1720783.9812175748
F017,medium,10,9,beef,7176252.511060848,12000.0,40000.0,16105.599088919558,0.0,1076437.8766591272,215287.57533182544,0.31000000000000005,2224638.2784288633,2224638.2784288633,2224638.2784288633
F018,high,3,2,forestry,358053.75,15000.0,45000.0,3373.0007461068176,0.0,53708.0625,10741.6125,0.32000000000000006,114577.20000000003,114577.20000000003,114577.20000000003
F018,high,3,2,biodiversity,811200.0,10000.0,35000.0,7641.808541990834,0.0,113568.00000000001,32448.0,0.30999999999999994,251471.99999999994,251471.99999999994,251471.99999999994
F018,high,3,2,beef,2652249.9999999995,12000.0,40000.0,24985.190711902345,0.0,397837.49999999994,79567.49999999999,0.31000000000000005,822197.5,822197.5,822197.5
F018,high,4,3,forestry,737590.725,15000.0,45000.0,3943.7946773616604,0.0,110638.60875,22127.721749999997,0.32000000000000006,236029.03200000004,236029.03200000004,236029.03200000004
F018,high,4,3,soil,1843976.8124999998,8000.0,25000.0,9859.486693404151,0.0,295036.29,36879.53625,0.32999999999999996,608512.3481249999,608512.3481249999,608512.3481249999
F018,high,4,3,biodiversity,2024755.2,10000.0,35000.0,10826.083504128044,0.0,283465.728,80990.208,0.30999999999999994,627674.1119999998,627674.1119999998,627674.1119999998
F018,high,4,3,beef,4370908.0,12000.0,40000.0,23370.63512510614,0.0,655636.2,131127.24,0.31000000000000005,1354981.4800000002,1354981.4800000002,1354981.4800000002
F018,high,5,4,forestry,1139577.6701250002,15000.0,45000.0,3828.613221982548,0.0,170936.65051875002,34187.330103750006,0.32000000000000006,364664.85444000014,364664.85444000014,364664.85444000014
F018,high,5,4,soil,3798592.23375,8000.0,25000.0,12762.04407327516,0.0,607774.7574,75971.844675,0.32999999999999996,1253535.4371375,1253535.4371375,1253535.4371375
F018,high,5,4,biodiversity,3158618.1119999993,10000.0,35000.0,10611.937548293883,0.0,442206.5356799999,126344.72447999998,0.30999999999999994,979171.6147199996,979171.6147199996,979171.6147199996
F018,high,5,4,beef,6190298.455,12000.0,40000.0,20797.405156448407,0.0,928544.76825,185708.95364999998,0.31000000000000005,1918992.5210500003,1918992.5210500003,1918992.5210500003
F018,high,6,5,forestry,1565020.0003050002,15000.0,45000.0,3882.405360969452,0.0,234753.00004575003,46950.60000915,0.32000000000000006,500806.4000976002,500806.4000976002,500806.4000976002
F018,high,6,5,soil,5868825.001143751,8000.0,25000.0,14559.020103635443,0.0,939012.0001830001,117376.50002287501,0.32999999999999996,1936712.2503774376,1936712.2503774376,1936712.2503774376
F018,high,6,5,biodiversity,4379950.44864,10000.0,35000.0,10865.511686282929,0.0,613193.0628096,175198.0179456,0.30999999999999994,1357784.6390783999,1357784.6390783999,1357784.6390783999
F018,high,6,5,beef,7535281.482950001,12000.0,40000.0,18693.062849112175,0.0,1130292.2224425,226058.4444885,0.31000000000000005,2335937.2597145005,2335937.2597145005,2335937.2597145005
F018,high,7,6,forestry,1880632.3670331754,15000.0,45000.0,3774.1347286443215,0.0,282094.8550549763,56418.97101099526,0.32000000000000006,601802.3574506162,601802.3574506162,601802.3574506162
F018,high,7,6,soil,7388198.584773188,8000.0,25000.0,14826.957862531264,0.0,1182111.7735637103,147763.97169546378,0.32999999999999996,2438105.5329751517,2438105.5329751517,2438105.5329751517
F018,high,7,6,biodiversity,5693935.583232001,10000.0,35000.0,11426.837272422881,0.0,797150.9816524803,227757.42332928005,0.30999999999999994,1765120.0308019202,1765120.0308019202,1765120.0308019202
F018,high,7,6,beef,8955392.223967502,12000.0,40000.0,17972.070136401533,0.0,1343308.8335951252,268661.76671902504,0.31000000000000005,2776171.589429926,2776171.589429926,2776171.589429926
F018,high,8,7,forestry,2144592.5528346174,15000.0,45000.0,3764.8668228447973,0.0,321688.8829251926,64337.77658503852,0.32000000000000006,686269.6169070777,686269.6169070777,686269.6169070777
F018,high,8,7,soil,8647550.616268618,8000.0,25000.0,15180.91460824515,0.0,1383608.098602979,172951.01232537237,0.32999999999999996,2853691.7033686438,2853691.7033686438,2853691.7033686438
F018,high,8,7,biodiversity,6711252.074102785,10000.0,35000.0,11781.711281306683,0.0,939575.2903743901,268450.0829641114,0.30999999999999994,2080488.142971863,2080488.142971863,2080488.142971863
F018,high,8,7,beef,9838990.923398962,12000.0,40000.0,17272.507287603374,0.0,1475848.6385098442,295169.72770196886,0.31000000000000005,3050087.186253679,3050087.186253679,3050087.186253679
F018,high,9,8,forestry,2351441.9635757627,15000.0,45000.0,3760.127687698381,0.0,352716.2945363644,70543.25890727287,0.32000000000000006,752461.4283442443,752461.4283442443,752461.4283442443
F018,high,9,8,soil,9619535.30553721,8000.0,25000.0,15382.340540584284,0.0,1539125.6488859537,192390.7061107442,0.32999999999999996,3174446.6508272793,3174446.6508272793,3174446.6508272793
F018,high,9,8,biodiversity,7595558.229749271,10000.0,35000.0,12145.853159724531,0.0,1063378.152164898,303822.32918997086,0.30999999999999994,2354623.0512222736,2354623.0512222736,2354623.0512222736
F018,high,9,8,beef,10450853.171447834,12000.0,40000.0,16711.6786119928,0.0,1567627.975717175,313525.595143435,0.31000000000000005,3239764.483148829,3239764.483148829,3239764.483148829
F018,high,10,9,forestry,2568772.205663826,15000.0,45000.0,3754.4547006850166,0.0,385315.8308495739,77063.16616991477,0.32000000000000006,822007.1058124244,822007.1058124244,822007.1058124244
F018,high,10,9,soil,10642056.28060728,8000.0,25000.0,15554.169474266499,0.0,1702729.0048971646,212841.12561214558,0.32999999999999996,3511878.572600402,3511878.572600402,3511878.572600402
F018,high,10,9,biodiversity,8539870.87452891,10000.0,35000.0,12481.66664113857,0.0,1195581.9224340473,341594.8349811564,0.30999999999999994,2647359.971103961,2647359.971103961,2647359.971103961
F018,high,10,9,beef,11090572.062548583,12000.0,40000.0,16209.709183909914,0.0,1663585.8093822876,332717.1618764575,0.31000000000000005,3438077.3393900613,3438077.3393900613,3438077.3393900613
F019,high,3,2,forestry,358053.75,15000.0,45000.0,3373.0007461068176,0.0,53708.0625,10741.6125,0.32000000000000006,114577.20000000003,114577.20000000003,114577.20000000003
F019,high,3,2,biodiversity,811200.0,10000.0,35000.0,7641.808541990834,0.0,113568.00000000001,32448.0,0.30999999999999994,251471.99999999994,251471.99999999994,251471.99999999994
F019,high,3,2,beef,2652249.9999999995,12000.0,40000.0,24985.190711902345,0.0,397837.49999999994,79567.49999999999,0.31000000000000005,822197.5,822197.5,822197.5
F019,high,4,3,forestry,737590.725,15000.0,45000.0,3943.7946773616604,0.0,110638.60875,22127.721749999997,0.32000000000000006,236029.03200000004,236029.03200000004,236029.03200000004
F019,high,4,3,soil,1843976.8124999998,8000.0,25000.0,9859.486693404151,0.0,295036.29,36879.53625,0.32999999999999996,608512.3481249999,608512.3481249999,608512.3481249999
F019,high,4,3,biodiversity,2024755.2,10000.0,35000.0,10826.083504128044,0.0,283465.728,80990.208,0.30999999999999994,627674.1119999998,627674.1119999998,627674.1119999998
F019,high,4,3,beef,4370908.0,12000.0,40000.0,23370.63512510614,0.0,655636.2,131127.24,0.31000000000000005,1354981.4800000002,1354981.4800000002,1354981.4800000002
F019,high,5,4,forestry,1139577.6701250002,15000.0,45000.0,3828.613221982548,0.0,170936.65051875002,34187.330103750006,0.32000000000000006,364664.85444000014,364664.85444000014,364664.85444000014
F019,high,5,4,soil,3798592.23375,8000.0,25000.0,12762.04407327516,0.0,607774.7574,75971.844675,0.32999999999999996,1253535.4371375,1253535.4371375,1253535.4371375
F019,high,5,4,biodiversity,3158618.1119999993,10000.0,35000.0,10611.937548293883,0.0,442206.5356799999,126344.72447999998,0.30999999999999994,979171.6147199996,979171.6147199996,979171.6147199996
F019,high,5,4,beef,6190298.455,12000.0,40000.0,20797.405156448407,0.0,928544.76825,185708.95364999998,0.31000000000000005,1918992.5210500003,1918992.5210500003,1918992.5210500003
F019,high,6,5,forestry,1565020.0003050002,15000.0,45000.0,3882.405360969452,0.0,234753.00004575003,46950.60000915,0.32000000000000006,500806.4000976002,500806.4000976002,500806.4000976002
F019,high,6,5,soil,5868825.001143751,8000.0,25000.0,14559.020103635443,0.0,939012.0001830001,117376.50002287501,0.32999999999999996,1936712.2503774376,1936712.2503774376,1936712.2503774376
F019,high,6,5,biodiversity,4379950.44864,10000.0,35000.0,10865.511686282929,0.0,613193.0628096,175198.0179456,0.30999999999999994,1357784.6390783999,1357784.6390783999,1357784.6390783999
F019,high,6,5,beef,7535281.482950001,12000.0,40000.0,18693.062849112175,0.0,1130292.2224425,226058.4444885,0.31000000000000005,2335937.2597145005,2335937.2597145005,2335937.2597145005
F019,high,7,6,forestry,1880632.3670331754,15000.0,45000.0,3774.1347286443215,0.0,282094.8550549763,56418.97101099526,0.32000000000000006,601802.3574506162,601802.3574506162,601802.3574506162
F019,high,7,6,soil,7388198.584773188,8000.0,25000.0,14826.957862531264,0.0,1182111.7735637103,147763.97169546378,0.32999999999999996,2438105.5329751517,2438105.5329751517,2438105.5329751517
F019,high,7,6,biodiversity,5693935.583232001,10000.0,35000.0,11426.837272422881,0.0,797150.9816524803,227757.42332928005,0.30999999999999994,1765120.0308019202,1765120.0308019202,1765120.0308019202
F019,high,7,6,beef,8955392.223967502,12000.0,40000.0,17972.070136401533,0.0,1343308.8335951252,268661.76671902504,0.31000000000000005,2776171.589429926,2776171.589429926,2776171.589429926
F019,high,8,7,forestry,2144592.5528346174,15000.0,45000.0,3764.8668228447973,0.0,321688.8829251926,64337.77658503852,0.32000000000000006,686269.6169070777,686269.6169070777,686269.6169070777
F019,high,8,7,soil,8647550.616268618,8000.0,25000.0,15180.91460824515,0.0,1383608.098602979,172951.01232537237,0.32999999999999996,2853691.7033686438,2853691.7033686438,2853691.7033686438
F019,high,8,7,biodiversity,6711252.074102785,10000.0,35000.0,11781.711281306683,0.0,939575.2903743901,268450.0829641114,0.30999999999999994,2080488.142971863,2080488.142971863,2080488.142971863
F019,high,8,7,beef,9838990.923398962,12000.0,40000.0,17272.507287603374,0.0,1475848.6385098442,295169.72770196886,0.31000000000000005,3050087.186253679,3050087.186253679,3050087.186253679
F019,high,9,8,forestry,2351441.9635757627,15000.0,45000.0,3760.127687698381,0.0,352716.2945363644,70543.25890727287,0.32000000000000006,752461.4283442443,752461.4283442443,752461.4283442443
F019,high,9,8,soil,9619535.30553721,8000.0,25000.0,15382.340540584284,0.0,1539125.6488859537,192390.7061107442,0.32999999999999996,3174446.6508272793,3174446.6508272793,3174446.6508272793
F019,high,9,8,biodiversity,7595558.229749271,10000.0,35000.0,12145.853159724531,0.0,1063378.152164898,303822.32918997086,0.30999999999999994,2354623.0512222736,2354623.0512222736,2354623.0512222736
F019,high,9,8,beef,10450853.171447834,12000.0,40000.0,16711.6786119928,0.0,1567627.975717175,313525.595143435,0.31000000000000005,3239764.483148829,3239764.483148829,3239764.483148829
F019,high,10,9,forestry,2568772.205663826,15000.0,45000.0,3754.4547006850166,0.0,385315.8308495739,77063.16616991477,0.32000000000000006,822007.1058124244,822007.1058124244,822007.1058124244
F019,high,10,9,soil,10642056.28060728,8000.0,25000.0,15554.169474266499,0.0,1702729.0048971646,212841.12561214558,0.32999999999999996,3511878.572600402,3511878.572600402,3511878.572600402
F019,high,10,9,biodiversity,8539870.87452891,10000.0,35000.0,12481.66664113857,0.0,1195581.9224340473,341594.8349811564,0.30999999999999994,2647359.971103961,2647359.971103961,2647359.971103961
F019,high,10,9,beef,11090572.062548583,12000.0,40000.0,16209.709183909914,0.0,1663585.8093822876,332717.1618764575,0.31000000000000005,3438077.3393900613,3438077.3393900613,3438077.3393900613
F020,high,3,2,forestry,358053.75,15000.0,45000.0,3373.0007461068176,0.0,53708.0625,10741.6125,0.32000000000000006,114577.20000000003,114577.20000000003,114577.20000000003
F020,high,3,2,biodiversity,811200.0,10000.0,35000.0,7641.808541990834,0.0,113568.00000000001,32448.0,0.30999999999999994,251471.99999999994,251471.99999999994,251471.99999999994
F020,high,3,2,beef,2652249.9999999995,12000.0,40000.0,24985.190711902345,0.0,397837.49999999994,79567.49999999999,0.31000000000000005,822197.5,822197.5,822197.5
F020,high,4,3,forestry,737590.725,15000.0,45000.0,3943.7946773616604,0.0,110638.60875,22127.721749999997,0.32000000000000006,236029.03200000004,236029.03200000004,236029.03200000004
F020,high,4,3,soil,1843976.8124999998,8000.0,25000.0,9859.486693404151,0.0,295036.29,36879.53625,0.32999999999999996,608512.3481249999,608512.3481249999,608512.3481249999
F020,high,4,3,biodiversity,2024755.2,10000.0,35000.0,10826.083504128044,0.0,283465.728,80990.208,0.30999999999999994,627674.1119999998,627674.1119999998,627674.1119999998
F020,high,4,3,beef,4370908.0,12000.0,40000.0,23370.63512510614,0.0,655636.2,131127.24,0.31000000000000005,1354981.4800000002,1354981.4800000002,1354981.4800000002
F020,high,5,4,forestry,1139577.6701250002,15000.0,45000.0,3828.613221982548,0.0,170936.65051875002,34187.330103750006,0.32000000000000006,364664.85444000014,364664.85444000014,364664.85444000014
F020,high,5,4,soil,3798592.23375,8000.0,25000.0,12762.04407327516,0.0,607774.7574,75971.844675,0.32999999999999996,1253535.4371375,1253535.4371375,1253535.4371375
F020,high,5,4,biodiversity,3158618.1119999993,10000.0,35000.0,10611.937548293883,0.0,442206.5356799999,126344.72447999998,0.30999999999999994,979171.6147199996,979171.6147199996,979171.6147199996
F020,high,5,4,beef,6190298.455,12000.0,40000.0,20797.405156448407,0.0,928544.76825,185708.95364999998,0.31000000000000005,1918992.5210500003,1918992.5210500003,1918992.5210500003
F020,high,6,5,forestry,1565020.0003050002,15000.0,45000.0,3882.405360969452,0.0,234753.00004575003,46950.60000915,0.32000000000000006,500806.4000976002,500806.4000976002,500806.4000976002
F020,high,6,5,soil,5868825.001143751,8000.0,25000.0,14559.020103635443,0.0,939012.0001830001,117376.50002287501,0.32999999999999996,1936712.2503774376,1936712.2503774376,1936712.2503774376
F020,high,6,5,biodiversity,4379950.44864,10000.0,35000.0,10865.511686282929,0.0,613193.0628096,175198.0179456,0.30999999999999994,1357784.6390783999,1357784.6390783999,1357784.6390783999
F020,high,6,5,beef,7535281.482950001,12000.0,40000.0,18693.062849112175,0.0,1130292.2224425,226058.4444885,0.31000000000000005,2335937.2597145005,2335937.2597145005,2335937.2597145005
F020,high,7,6,forestry,1880632.3670331754,15000.0,45000.0,3774.1347286443215,0.0,282094.8550549763,56418.97101099526,0.32000000000000006,601802.3574506162,601802.3574506162,601802.3574506162
F020,high,7,6,soil,7388198.584773188,8000.0,25000.0,14826.957862531264,0.0,1182111.7735637103,147763.97169546378,0.32999999999999996,2438105.5329751517,2438105.5329751517,2438105.5329751517
F020,high,7,6,biodiversity,5693935.583232001,10000.0,35000.0,11426.837272422881,0.0,797150.9816524803,227757.42332928005,0.30999999999999994,1765120.0308019202,1765120.0308019202,1765120.0308019202
F020,high,7,6,beef,8955392.223967502,12000.0,40000.0,17972.070136401533,0.0,1343308.8335951252,268661.76671902504,0.31000000000000005,2776171.589429926,2776171.589429926,2776171.589429926
F020,high,8,7,forestry,2144592.5528346174,15000.0,45000.0,3764.8668228447973,0.0,321688.8829251926,64337.77658503852,0.32000000000000006,686269.6169070777,686269.6169070777,686269.6169070777
F020,high,8,7,soil,8647550.616268618,8000.0,25000.0,15180.91460824515,0.0,1383608.098602979,172951.01232537237,0.32999999999999996,2853691.7033686438,2853691.7033686438,2853691.7033686438
F020,high,8,7,biodiversity,6711252.074102785,10000.0,35000.0,11781.711281306683,0.0,939575.2903743901,268450.0829641114,0.30999999999999994,2080488.142971863,2080488.142971863,2080488.142971863
F020,high,8,7,beef,9838990.923398962,12000.0,40000.0,17272.507287603374,0.0,1475848.6385098442,295169.72770196886,0.31000000000000005,3050087.186253679,3050087.186253679,3050087.186253679
F020,high,9,8,forestry,2351441.9635757627,15000.0,45000.0,3760.127687698381,0.0,352716.2945363644,70543.25890727287,0.32000000000000006,752461.4283442443,752461.4283442443,752461.4283442443
F020,high,9,8,soil,9619535.30553721,8000.0,25000.0,15382.340540584284,0.0,1539125.6488859537,192390.7061107442,0.32999999999999996,3174446.6508272793,3174446.6508272793,3174446.6508272793
F020,high,9,8,biodiversity,7595558.229749271,10000.0,35000.0,12145.853159724531,0.0,1063378.152164898,303822.32918997086,0.30999999999999994,2354623.0512222736,2354623.0512222736,2354623.0512222736
F020,high,9,8,beef,10450853.171447834,12000.0,40000.0,16711.6786119928,0.0,1567627.975717175,313525.595143435,0.31000000000000005,3239764.483148829,3239764.483148829,3239764.483148829
F020,high,10,9,forestry,2568772.205663826,15000.0,45000.0,3754.4547006850166,0.0,385315.8308495739,77063.16616991477,0.32000000000000006,822007.1058124244,822007.1058124244,822007.1058124244
F020,high,10,9,soil,10642056.28060728,8000.0,25000.0,15554.169474266499,0.0,1702729.0048971646,212841.12561214558,0.32999999999999996,3511878.572600402,3511878.572600402,3511878.572600402
F020,high,10,9,biodiversity,8539870.87452891,10000.0,35000.0,12481.66664113857,0.0,1195581.9224340473,341594.8349811564,0.30999999999999994,2647359.971103961,2647359.971103961,2647359.971103961
F020,high,10,9,beef,11090572.062548583,12000.0,40000.0,16209.709183909914,0.0,1663585.8093822876,332717.1618764575,0.31000000000000005,3438077.3393900613,3438077.3393900613,3438077.3393900613
F021,low,4,2,forestry,184397.68125,15000.0,45000.0,3516.494004928134,0.0,27659.6521875,5531.930437499999,0.32000000000000006,59007.25800000001,59007.25800000001,59007.25800000001
F021,low,4,2,biodiversity,337459.2,10000.0,35000.0,6435.402254863463,0.0,47244.28800000001,13498.368,0.30999999999999994,104612.35199999998,104612.35199999998,104612.35199999998
F021,low,4,2,beef,1365908.75,12000.0,40000.0,26048.1037402084,0.0,204886.3125,40977.2625,0.31000000000000005,423431.7125000001,423431.7125000001,423431.7125000001
F021,low,5,3,forestry,316549.35281250003,15000.0,45000.0,3725.8820201700073,0.0,47482.402921875,9496.480584375,0.32000000000000006,101295.79290000003,101295.79290000003,101295.79290000003
F021,low,5,3,soil,633098.7056250001,8000.0,25000.0,7451.764040340015,0.0,101295.79290000001,12661.974112500002,0.32999999999999996,208922.57285625,208922.57285625,208922.57285625
F021,low,5,3,biodiversity,877393.9200000002,10000.0,35000.0,10327.19290716993,0.0,122835.14880000004,35095.75680000001,0.30999999999999994,271992.1152,271992.1152,271992.1152
F021,low,5,3,beef,2251017.62,12000.0,40000.0,26495.16103232005,0.0,337652.643,67530.5286,0.31000000000000005,697815.4622000002,697815.4622000002,697815.4622000002
F021,low,6,4,forestry,521673.33343500004,15000.0,45000.0,4049.194278121097,0.0,78251.00001525,15650.20000305,0.32000000000000006,166935.46669920004,166935.46669920004,166935.46669920004
F021,low,6,4,soil,1304183.3335875,8000.0,25000.0,10122.985695302743,0.0,208669.333374,26083.66667175,0.32999999999999996,430380.50008387497,430380.50008387497,430380.50008387497
F021,low,6,4,biodiversity,1459983.4828800003,10000.0,35000.0,11332.296259236733,0.0,204397.68760320006,58399.33931520001,0.30999999999999994,452594.8796928,452594.8796928,452594.8796928
F021,low,6,4,beef,2898185.1857500006,12000.0,40000.0,22495.523767339433,0.0,434727.7778625001,86945.55557250002,0.31000000000000005,898437.4075825004,898437.4075825004,898437.4075825004
F021,low,7,5,forestry,671654.4167975626,15000.0,45000.0,3947.6413297455456,0.0,100748.1625196344,20149.632503926878,0.32000000000000006,214929.4133752201,214929.4133752201,214929.4133752201
F021,low,7,5,soil,2014963.2503926877,8000.0,25000.0,11842.923989236635,0.0,322394.12006283004,40299.265007853755,0.32999999999999996,664937.8726295868,664937.8726295868,664937.8726295868
F021,low,7,5,biodiversity,1897978.5277440005,10000.0,35000.0,11155.34758904158,0.0,265716.9938841601,75919.14110976002,0.30999999999999994,588373.3436006401,588373.3436006401,588373.3436006401
F021,low,7,5,beef,3582156.8895870005,12000.0,40000.0,21054.087091976242,0.0,537323.5334380501,107464.70668761001,0.31000000000000005,1110468.6357719703,1110468.6357719703,1110468.6357719703
F021,low,8,6,forestry,830164.8591617874,15000.0,45000.0,3879.7974904879775,0.0,124524.72887426811,24904.945774853622,0.32000000000000006,265652.754931772,265652.754931772,265652.754931772
F021,low,8,6,soil,2767216.197205958,8000.0,25000.0,12932.65830162659,0.0,442754.5915529533,55344.32394411916,0.32999999999999996,913181.345077966,913181.345077966,913181.345077966
F021,low,8,6,biodiversity,2368677.2026245124,10000.0,35000.0,11070.075738688507,0.0,331614.80836743175,94747.0881049805,0.30999999999999994,734289.9328135987,734289.9328135987,734289.9328135987
F021,low,8,6,beef,4304558.528987045,12000.0,40000.0,20117.468469196916,0.0,645683.7793480568,129136.75586961136,0.31000000000000005,1334413.1439859844,1334413.1439859844,1334413.1439859844
F021,low,9,7,forestry,926325.6220146944,15000.0,45000.0,3781.8148418044852,0.0,138948.84330220416,27789.76866044083,0.32000000000000006,296424.1990447023,296424.1990447023,296424.1990447023
F021,low,9,7,soil,3206511.768512404,8000.0,25000.0,13090.89752932322,0.0,513041.88296198467,64130.23537024808,0.32999999999999996,1058148.8836090933,1058148.8836090933,1058148.8836090933
F021,low,9,7,biodiversity,2873995.005851075,10000.0,35000.0,11733.365363208262,0.0,402359.3008191505,114959.80023404301,0.30999999999999994,890938.4518138331,890938.4518138331,890938.4518138331
F021,low,9,7,beef,4750387.805203561,12000.0,40000.0,19393.922265664027,0.0,712558.170780534,142511.63415610683,0.31000000000000005,1472620.2196131041,1472620.2196131041,1472620.2196131041
F021,low,10,8,forestry,1027508.8822655304,15000.0,45000.0,3759.5433943330845,0.0,154126.33233982956,30825.26646796591,0.32000000000000006,328802.84232496977,328802.84232496977,328802.84232496977
F021,low,10,8,soil,3669674.5795197515,8000.0,25000.0,13426.94069404673,0.0,587147.9327231603,73393.49159039503,0.32999999999999996,1210992.6112415178,1210992.6112415178,1210992.6112415178
F021,low,10,8,biodiversity,3202451.577948341,10000.0,35000.0,11717.422480087054,0.0,448343.2209127678,128098.06311793365,0.30999999999999994,992759.9891639856,992759.9891639856,992759.9891639856
F021,low,10,8,beef,5219092.73531698,12000.0,40000.0,19096.09343153313,0.0,782863.9102975469,156572.7820595094,0.31000000000000005,1617918.747948264,1617918.747948264,1617918.747948264
F022,low,4,2,forestry,184397.68125,15000.0,45000.0,3516.494004928134,0.0,27659.6521875,5531.930437499999,0.32000000000000006,59007.25800000001,59007.25800000001,59007.25800000001
F022,low,4,2,biodiversity,337459.2,10000.0,35000.0,6435.402254863463,0.0,47244.28800000001,13498.368,0.30999999999999994,104612.35199999998,104612.35199999998,104612.35199999998
F022,low,4,2,beef,1365908.75,12000.0,40000.0,26048.1037402084,0.0,204886.3125,40977.2625,0.31000000000000005,423431.7125000001,423431.7125000001,423431.7125000001
F022,low,5,3,forestry,316549.35281250003,15000.0,45000.0,3725.8820201700073,0.0,47482.402921875,9496.480584375,0.32000000000000006,101295.79290000003,101295.79290000003,101295.79290000003
F022,low,5,3,soil,633098.7056250001,8000.0,25000.0,7451.764040340015,0.0,101295.79290000001,12661.974112500002,0.32999999999999996,208922.57285625,208922.57285625,208922.57285625
F022,low,5,3,biodiversity,877393.9200000002,10000.0,35000.0,10327.19290716993,0.0,122835.14880000004,35095.75680000001,0.30999999999999994,271992.1152,271992.1152,271992.1152
F022,low,5,3,beef,2251017.62,12000.0,40000.0,26495.16103232005,0.0,337652.643,67530.5286,0.31000000000000005,697815.4622000002,697815.4622000002,697815.4622000002
F022,low,6,4,forestry,521673.33343500004,15000.0,45000.0,4049.194278121097,0.0,78251.00001525,15650.20000305,0.32000000000000006,166935.46669920004,166935.46669920004,166935.46669920004
F022,low,6,4,soil,1304183.3335875,8000.0,25000.0,10122.985695302743,0.0,208669.333374,26083.66667175,0.32999999999999996,430380.50008387497,430380.50008387497,430380.50008387497
F022,low,6,4,biodiversity,1459983.4828800003,10000.0,35000.0,11332.296259236733,0.0,204397.68760320006,58399.33931520001,0.30999999999999994,452594.8796928,452594.8796928,452594.8796928
F022,low,6,4,beef,2898185.1857500006,12000.0,40000.0,22495.523767339433,0.0,434727.7778625001,86945.55557250002,0.31000000000000005,898437.4075825004,898437.4075825004,898437.4075825004
F022,low,7,5,forestry,671654.4167975626,15000.0,45000.0,3947.6413297455456,0.0,100748.1625196344,20149.632503926878,0.32000000000000006,214929.4133752201,214929.4133752201,214929.4133752201
F022,low,7,5,soil,2014963.2503926877,8000.0,25000.0,11842.923989236635,0.0,322394.12006283004,40299.265007853755,0.32999999999999996,664937.8726295868,664937.8726295868,664937.8726295868
F022,low,7,5,biodiversity,1897978.5277440005,10000.0,35000.0,11155.34758904158,0.0,265716.9938841601,75919.14110976002,0.30999999999999994,588373.3436006401,588373.3436006401,588373.3436006401
F022,low,7,5,beef,3582156.8895870005,12000.0,40000.0,21054.087091976242,0.0,537323.5334380501,107464.70668761001,0.31000000000000005,1110468.6357719703,1110468.6357719703,1110468.6357719703
F022,low,8,6,forestry,830164.8591617874,15000.0,45000.0,3879.7974904879775,0.0,124524.72887426811,24904.945774853622,0.32000000000000006,265652.754931772,265652.754931772,265652.754931772
F022,low,8,6,soil,2767216.197205958,8000.0,25000.0,12932.65830162659,0.0,442754.5915529533,55344.32394411916,0.32999999999999996,913181.345077966,913181.345077966,913181.345077966
F022,low,8,6,biodiversity,2368677.2026245124,10000.0,35000.0,11070.075738688507,0.0,331614.80836743175,94747.0881049805,0.30999999999999994,734289.9328135987,734289.9328135987,734289.9328135987
F022,low,8,6,beef,4304558.528987045,12000.0,40000.0,20117.468469196916,0.0,645683.7793480568,129136.75586961136,0.31000000000000005,1334413.1439859844,1334413.1439859844,1334413.1439859844
F022,low,9,7,forestry,926325.6220146944,15000.0,45000.0,3781.8148418044852,0.0,138948.84330220416,27789.76866044083,0.32000000000000006,296424.1990447023,296424.1990447023,296424.1990447023
F022,low,9,7,soil,3206511.768512404,8000.0,25000.0,13090.89752932322,0.0,513041.88296198467,64130.23537024808,0.32999999999999996,1058148.8836090933,1058148.8836090933,1058148.8836090933
F022,low,9,7,biodiversity,2873995.005851075,10000.0,35000.0,11733.365363208262,0.0,402359.3008191505,114959.80023404301,0.30999999999999994,890938.4518138331,890938.4518138331,890938.4518138331
F022,low,9,7,beef,4750387.805203561,12000.0,40000.0,19393.922265664027,0.0,712558.170780534,142511.63415610683,0.31000000000000005,1472620.2196131041,1472620.2196131041,1472620.2196131041
F022,low,10,8,forestry,1027508.8822655304,15000.0,45000.0,3759.5433943330845,0.0,154126.33233982956,30825.26646796591,0.32000000000000006,328802.84232496977,328802.84232496977,328802.84232496977
F022,low,10,8,soil,3669674.5795197515,8000.0,25000.0,13426.94069404673,0.0,587147.9327231603,73393.49159039503,0.32999999999999996,1210992.6112415178,1210992.6112415178,1210992.6112415178
F022,low,10,8,biodiversity,3202451.577948341,10000.0,35000.0,11717.422480087054,0.0,448343.2209127678,128098.06311793365,0.30999999999999994,992759.9891639856,992759.9891639856,992759.9891639856
F022,low,10,8,beef,5219092.73531698,12000.0,40000.0,19096.09343153313,0.0,782863.9102975469,156572.7820595094,0.31000000000000005,1617918.747948264,1617918.747948264,1617918.747948264
F023,low,4,2,forestry,184397.68125,15000.0,45000.0,3516.494004928134,0.0,27659.6521875,5531.930437499999,0.32000000000000006,59007.25800000001,59007.25800000001,59007.25800000001
F023,low,4,2,biodiversity,337459.2,10000.0,35000.0,6435.402254863463,0.0,47244.28800000001,13498.368,0.30999999999999994,104612.35199999998,104612.35199999998,104612.35199999998
F023,low,4,2,beef,1365908.75,12000.0,40000.0,26048.1037402084,0.0,204886.3125,40977.2625,0.31000000000000005,423431.7125000001,423431.7125000001,423431.7125000001
F023,low,5,3,forestry,316549.35281250003,15000.0,45000.0,3725.8820201700073,0.0,47482.402921875,9496.480584375,0.32000000000000006,101295.79290000003,101295.79290000003,101295.79290000003
F023,low,5,3,soil,633098.7056250001,8000.0,25000.0,7451.764040340015,0.0,101295.79290000001,12661.974112500002,0.32999999999999996,208922.57285625,208922.57285625,208922.57285625
F023,low,5,3,biodiversity,877393.9200000002,10000.0,35000.0,10327.19290716993,0.0,122835.14880000004,35095.75680000001,0.30999999999999994,271992.1152,271992.1152,271992.1152
F023,low,5,3,beef,2251017.62,12000.0,40000.0,26495.16103232005,0.0,337652.643,67530.5286,0.31000000000000005,697815.4622000002,697815.4622000002,697815.4622000002
F023,low,6,4,forestry,521673.33343500004,15000.0,45000.0,4049.194278121097,0.0,78251.00001525,15650.20000305,0.32000000000000006,166935.46669920004,166935.46669920004,166935.46669920004
F023,low,6,4,soil,1304183.3335875,8000.0,25000.0,10122.985695302743,0.0,208669.333374,26083.66667175,0.32999999999999996,430380.50008387497,430380.50008387497,430380.50008387497
F023,low,6,4,biodiversity,1459983.4828800003,10000.0,35000.0,11332.296259236733,0.0,204397.68760320006,58399.33931520001,0.30999999999999994,452594.8796928,452594.8796928,452594.8796928
F023,low,6,4,beef,2898185.1857500006,12000.0,40000.0,22495.523767339433,0.0,434727.7778625001,86945.55557250002,0.31000000000000005,898437.4075825004,898437.4075825004,898437.4075825004
F023,low,7,5,forestry,671654.4167975626,15000.0,45000.0,3947.6413297455456,0.0,100748.1625196344,20149.632503926878,0.32000000000000006,214929.4133752201,214929.4133752201,214929.4133752201
F023,low,7,5,soil,2014963.2503926877,8000.0,25000.0,11842.923989236635,0.0,322394.12006283004,40299.265007853755,0.32999999999999996,664937.8726295868,664937.8726295868,664937.8726295868
F023,low,7,5,biodiversity,1897978.5277440005,10000.0,35000.0,11155.34758904158,0.0,265716.9938841601,75919.14110976002,0.30999999999999994,588373.3436006401,588373.3436006401,588373.3436006401
F023,low,7,5,beef,3582156.8895870005,12000.0,40000.0,21054.087091976242,0.0,537323.5334380501,107464.70668761001,0.31000000000000005,1110468.6357719703,1110468.6357719703,1110468.6357719703
F023,low,8,6,forestry,830164.8591617874,15000.0,45000.0,3879.7974904879775,0.0,124524.72887426811,24904.945774853622,0.32000000000000006,265652.754931772,265652.754931772,265652.754931772
F023,low,8,6,soil,2767216.197205958,8000.0,25000.0,12932.65830162659,0.0,442754.5915529533,55344.32394411916,0.32999999999999996,913181.345077966,913181.345077966,913181.345077966
F023,low,8,6,biodiversity,2368677.2026245124,10000.0,35000.0,11070.075738688507,0.0,331614.80836743175,94747.0881049805,0.30999999999999994,734289.9328135987,734289.9328135987,734289.9328135987
F023,low,8,6,beef,4304558.528987045,12000.0,40000.0,20117.468469196916,0.0,645683.7793480568,129136.75586961136,0.31000000000000005,1334413.1439859844,1334413.1439859844,1334413.1439859844
F023,low,9,7,forestry,926325.6220146944,15000.0,45000.0,3781.8148418044852,0.0,138948.84330220416,27789.76866044083,0.32000000000000006,296424.1990447023,296424.1990447023,296424.1990447023
F023,low,9,7,soil,3206511.768512404,8000.0,25000.0,13090.89752932322,0.0,513041.88296198467,64130.23537024808,0.32999999999999996,1058148.8836090933,1058148.8836090933,1058148.8836090933
F023,low,9,7,biodiversity,2873995.005851075,10000.0,35000.0,11733.365363208262,0.0,402359.3008191505,114959.80023404301,0.30999999999999994,890938.4518138331,890938.4518138331,890938.4518138331
F023,low,9,7,beef,4750387.805203561,12000.0,40000.0,19393.922265664027,0.0,712558.170780534,142511.63415610683,0.31000000000000005,1472620.2196131041,1472620.2196131041,1472620.2196131041
F023,low,10,8,forestry,1027508.8822655304,15000.0,45000.0,3759.5433943330845,0.0,154126.33233982956,30825.26646796591,0.32000000000000006,328802.84232496977,328802.84232496977,328802.84232496977
F023,low,10,8,soil,3669674.5795197515,8000.0,25000.0,13426.94069404673,0.0,587147.9327231603,73393.49159039503,0.32999999999999996,1210992.6112415178,1210992.6112415178,1210992.6112415178
F023,low,10,8,biodiversity,3202451.577948341,10000.0,35000.0,11717.422480087054,0.0,448343.2209127678,128098.06311793365,0.30999999999999994,992759.9891639856,992759.9891639856,992759.9891639856
F023,low,10,8,beef,5219092.73531698,12000.0,40000.0,19096.09343153313,0.0,782863.9102975469,156572.7820595094,0.31000000000000005,1617918.747948264,1617918.747948264,1617918.747948264
F024,low,4,2,forestry,184397.68125,15000.0,45000.0,3516.494004928134,0.0,27659.6521875,5531.930437499999,0.32000000000000006,59007.25800000001,59007.25800000001,59007.25800000001
F024,low,4,2,biodiversity,337459.2,10000.0,35000.0,6435.402254863463,0.0,47244.28800000001,13498.368,0.30999999999999994,104612.35199999998,104612.35199999998,104612.35199999998
F024,low,4,2,beef,1365908.75,12000.0,40000.0,26048.1037402084,0.0,204886.3125,40977.2625,0.31000000000000005,423431.7125000001,423431.7125000001,423431.7125000001
F024,low,5,3,forestry,316549.35281250003,15000.0,45000.0,3725.8820201700073,0.0,47482.402921875,9496.480584375,0.32000000000000006,101295.79290000003,101295.79290000003,101295.79290000003
F024,low,5,3,soil,633098.7056250001,8000.0,25000.0,7451.764040340015,0.0,101295.79290000001,12661.974112500002,0.32999999999999996,208922.57285625,208922.57285625,208922.57285625
F024,low,5,3,biodiversity,877393.9200000002,10000.0,35000.0,10327.19290716993,0.0,122835.14880000004,35095.75680000001,0.30999999999999994,271992.1152,271992.1152,271992.1152
F024,low,5,3,beef,2251017.62,12000.0,40000.0,26495.16103232005,0.0,337652.643,67530.5286,0.31000000000000005,697815.4622000002,697815.4622000002,697815.4622000002
F024,low,6,4,forestry,521673.33343500004,15000.0,45000.0,4049.194278121097,0.0,78251.00001525,15650.20000305,0.32000000000000006,166935.46669920004,166935.46669920004,166935.46669920004
F024,low,6,4,soil,1304183.3335875,8000.0,25000.0,10122.985695302743,0.0,208669.333374,26083.66667175,0.32999999999999996,430380.50008387497,430380.50008387497,430380.50008387497
F024,low,6,4,biodiversity,1459983.4828800003,10000.0,35000.0,11332.296259236733,0.0,204397.68760320006,58399.33931520001,0.30999999999999994,452594.8796928,452594.8796928,452594.8796928
F024,low,6,4,beef,2898185.1857500006,12000.0,40000.0,22495.523767339433,0.0,434727.7778625001,86945.55557250002,0.31000000000000005,898437.4075825004,898437.4075825004,898437.4075825004
F024,low,7,5,forestry,671654.4167975626,15000.0,45000.0,3947.6413297455456,0.0,100748.1625196344,20149.632503926878,0.32000000000000006,214929.4133752201,214929.4133752201,214929.4133752201
F024,low,7,5,soil,2014963.2503926877,8000.0,25000.0,11842.923989236635,0.0,322394.12006283004,40299.265007853755,0.32999999999999996,664937.8726295868,664937.8726295868,664937.8726295868
F024,low,7,5,biodiversity,1897978.5277440005,10000.0,35000.0,11155.34758904158,0.0,265716.9938841601,75919.14110976002,0.30999999999999994,588373.3436006401,588373.3436006401,588373.3436006401
F024,low,7,5,beef,3582156.8895870005,12000.0,40000.0,21054.087091976242,0.0,537323.5334380501,107464.70668761001,0.31000000000000005,1110468.6357719703,1110468.6357719703,1110468.6357719703
F024,low,8,6,forestry,830164.8591617874,15000.0,45000.0,3879.7974904879775,0.0,124524.72887426811,24904.945774853622,0.32000000000000006,265652.754931772,265652.754931772,265652.754931772
F024,low,8,6,soil,2767216.197205958,8000.0,25000.0,12932.65830162659,0.0,442754.5915529533,55344.32394411916,0.32999999999999996,913181.345077966,913181.345077966,913181.345077966
F024,low,8,6,biodiversity,2368677.2026245124,10000.0,35000.0,11070.075738688507,0.0,331614.80836743175,94747.0881049805,0.30999999999999994,734289.9328135987,734289.9328135987,734289.9328135987
F024,low,8,6,beef,4304558.528987045,12000.0,40000.0,20117.468469196916,0.0,645683.7793480568,129136.75586961136,0.31000000000000005,1334413.1439859844,1334413.1439859844,1334413.1439859844
F024,low,9,7,forestry,926325.6220146944,15000.0,45000.0,3781.8148418044852,0.0,138948.84330220416,27789.76866044083,0.32000000000000006,296424.1990447023,296424.1990447023,296424.1990447023
F024,low,9,7,soil,3206511.768512404,8000.0,25000.0,13090.89752932322,0.0,513041.88296198467,64130.23537024808,0.32999999999999996,1058148.8836090933,1058148.8836090933,1058148.8836090933
F024,low,9,7,biodiversity,2873995.005851075,10000.0,35000.0,11733.365363208262,0.0,402359.3008191505,114959.80023404301,0.30999999999999994,890938.4518138331,890938.4518138331,890938.4518138331
F024,low,9,7,beef,4750387.805203561,12000.0,40000.0,19393.922265664027,0.0,712558.170780534,142511.63415610683,0.31000000000000005,1472620.2196131041,1472620.2196131041,1472620.2196131041
F024,low,10,8,forestry,1027508.8822655304,15000.0,45000.0,3759.5433943330845,0.0,154126.33233982956,30825.26646796591,0.32000000000000006,328802.84232496977,328802.84232496977,328802.84232496977
F024,low,10,8,soil,3669674.5795197515,8000.0,25000.0,13426.94069404673,0.0,587147.9327231603,73393.49159039503,0.32999999999999996,1210992.6112415178,1210992.6112415178,1210992.6112415178
F024,low,10,8,biodiversity,3202451.577948341,10000.0,35000.0,11717.422480087054,0.0,448343.2209127678,128098.06311793365,0.30999999999999994,992759.9891639856,992759.9891639856,992759.9891639856
F024,low,10,8,beef,5219092.73531698,12000.0,40000.0,19096.09343153313,0.0,782863.9102975469,156572.7820595094,0.31000000000000005,1617918.747948264,1617918.747948264,1617918.747948264
F025,medium,4,2,forestry,245863.57499999998,15000.0,45000.0,3322.0759275908426,0.0,36879.53625,7375.907249999999,0.32000000000000006,78676.34400000001,78676.34400000001,78676.34400000001
F025,medium,4,2,biodiversity,506188.8,10000.0,35000.0,6839.5557467026,0.0,70866.432,20247.552,0.30999999999999994,156918.52799999996,156918.52799999996,156918.52799999996
F025,medium,4,2,beef,1912272.2500000002,12000.0,40000.0,25838.36832570656,0.0,286840.8375,57368.1675,0.31000000000000005,592804.3975000002,592804.3975000002,592804.3975000002
F025,medium,5,3,forestry,506478.96450000006,15000.0,45000.0,3876.327206015735,0.0,75971.844675,15194.368935,0.32000000000000006,162073.26864000005,162073.26864000005,162073.26864000005
F025,medium,5,3,soil,1266197.4112500001,8000.0,25000.0,9690.818015039338,0.0,202591.58580000003,25323.948225000004,0.32999999999999996,417845.1457125,417845.1457125,417845.1457125
F025,medium,5,3,biodiversity,1403830.2720000003,10000.0,35000.0,10744.188519959884,0.0,196536.23808000007,56153.21088000001,0.30999999999999994,435187.38432,435187.38432,435187.38432
F025,medium,5,3,beef,3095149.2275,12000.0,40000.0,23688.666258985042,0.0,464272.384125,92854.47682499999,0.31000000000000005,959496.2605250002,959496.2605250002,959496.2605250002
F025,medium,6,4,forestry,782510.0001525001,15000.0,45000.0,3896.9980753012783,0.0,117376.50002287501,23475.300004575,0.32000000000000006,250403.2000488001,250403.2000488001,250403.2000488001
F025,medium,6,4,soil,2608366.667175,8000.0,25000.0,12989.993584337592,0.0,417338.666748,52167.3333435,0.32999999999999996,860761.0001677499,860761.0001677499,860761.0001677499
F025,medium,6,4,biodiversity,2189975.22432,10000.0,35000.0,10906.351653613761,0.0,306596.5314048,87599.0089728,0.30999999999999994,678892.3195391999,678892.3195391999,678892.3195391999
F025,medium,6,4,beef,4057459.2600500006,12000.0,40000.0,20206.656686747367,0.0,608618.8890075,121723.77780150001,0.31000000000000005,1257812.3706155005,1257812.3706155005,1257812.3706155005
F025,medium,7,5,forestry,1074647.0668761001,15000.0,45000.0,3903.0583595700605,0.0,161197.06003141502,32239.412006283004,0.32000000000000006,343887.0614003521,343887.0614003521,343887.0614003521
F025,medium,7,5,soil,4029926.5007853755,8000.0,25000.0,14636.468848387723,0.0,644788.2401256601,80598.53001570751,0.32999999999999996,1329875.7452591737,1329875.7452591737,1329875.7452591737
F025,medium,7,5,biodiversity,3036765.644390401,10000.0,35000.0,11029.363871850266,0.0,425147.1902146562,121470.62577561603,0.30999999999999994,941397.3497610241,941397.3497610241,941397.3497610241
F025,medium,7,5,beef,5074722.26024825,12000.0,40000.0,18431.10892019195,0.0,761208.3390372376,152241.6678074475,0.31000000000000005,1573163.9006769578,1573163.9006769578,1573163.9006769578
F025,medium,8,6,forestry,1314427.69367283,15000.0,45000.0,3872.452473492848,0.0,197164.1540509245,39432.830810184896,0.32000000000000006,420616.86197530566,420616.86197530566,420616.86197530566
F025,medium,8,6,soil,5188530.369761172,8000.0,25000.0,15285.996605892824,0.0,830164.8591617875,103770.60739522344,0.32999999999999996,1712215.0220211865,1712215.0220211865,1712215.0220211865
F025,medium,8,6,biodiversity,3947795.337707521,10000.0,35000.0,11630.651038423894,0.0,552691.347279053,157911.81350830084,0.30999999999999994,1223816.5546893312,1223816.5546893312,1223816.5546893312
F025,medium,8,6,beef,5841900.860768134,12000.0,40000.0,17210.89988219044,0.0,876285.12911522,175257.025823044,0.31000000000000005,1810989.2668381217,1810989.2668381217,1810989.2668381217
F025,medium,9,7,forestry,1496372.1586391218,15000.0,45000.0,3795.2453463828483,0.0,224455.82379586826,44891.164759173655,0.32000000000000006,478839.09076451906,478839.09076451906,478839.09076451906
F025,medium,9,7,soil,6056744.45163454,8000.0,25000.0,15361.707354406766,0.0,969079.1122615264,121134.8890326908,0.32999999999999996,1998725.669039398,1998725.669039398,1998725.669039398
F025,medium,9,7,biodiversity,4721563.223898195,10000.0,35000.0,11975.2902041755,0.0,661018.8513457474,188862.5289559278,0.30999999999999994,1463684.59940844,1463684.59940844,1463684.59940844
F025,medium,9,7,beef,6650542.927284986,12000.0,40000.0,16867.75709503488,0.0,997581.4390927479,199516.28781854958,0.31000000000000005,2061668.307458346,2061668.307458346,2061668.307458346
F025,medium,10,8,forestry,1614656.8149886907,15000.0,45000.0,3738.038405377662,0.0,242198.52224830358,48439.70444966072,0.32000000000000006,516690.1807963811,516690.1807963811,516690.1807963811
F025,medium,10,8,soil,6605414.243135553,8000.0,25000.0,15291.975294726799,0.0,1056866.2789016885,132108.28486271107,0.32999999999999996,2179786.700234732,2179786.700234732,2179786.700234732
F025,medium,10,8,biodiversity,5337419.296580569,10000.0,35000.0,12356.482275994813,0.0,747238.7015212798,213496.77186322276,0.30999999999999994,1654599.981939976,1654599.981939976,1654599.981939976
F025,medium,10,8,beef,7176252.511060848,12000.0,40000.0,16613.50402390072,0.0,1076437.8766591272,215287.57533182544,0.31000000000000005,2224638.2784288633,2224638.2784288633,2224638.2784288633
F026,medium,4,2,forestry,245863.57499999998,15000.0,45000.0,3322.0759275908426,0.0,36879.53625,7375.907249999999,0.32000000000000006,78676.34400000001,78676.34400000001,78676.34400000001
F026,medium,4,2,biodiversity,506188.8,10000.0,35000.0,6839.5557467026,0.0,70866.432,20247.552,0.30999999999999994,156918.52799999996,156918.52799999996,156918.52799999996
F026,medium,4,2,beef,1912272.2500000002,12000.0,40000.0,25838.36832570656,0.0,286840.8375,57368.1675,0.31000000000000005,592804.3975000002,592804.3975000002,592804.3975000002
F026,medium,5,3,forestry,506478.96450000006,15000.0,45000.0,3876.327206015735,0.0,75971.844675,15194.368935,0.32000000000000006,162073.26864000005,162073.26864000005,162073.26864000005
F026,medium,5,3,soil,1266197.4112500001,8000.0,25000.0,9690.818015039338,0.0,202591.58580000003,25323.948225000004,0.32999999999999996,417845.1457125,417845.1457125,417845.1457125
F026,medium,5,3,biodiversity,1403830.2720000003,10000.0,35000.0,10744.188519959884,0.0,196536.23808000007,56153.21088000001,0.30999999999999994,435187.38432,435187.38432,435187.38432
F026,medium,5,3,beef,3095149.2275,12000.0,40000.0,23688.666258985042,0.0,464272.384125,92854.47682499999,0.31000000000000005,959496.2605250002,959496.2605250002,959496.2605250002
F026,medium,6,4,forestry,782510.0001525001,15000.0,45000.0,3896.9980753012783,0.0,117376.50002287501,23475.300004575,0.32000000000000006,250403.2000488001,250403.2000488001,250403.2000488001
F026,medium,6,4,soil,2608366.667175,8000.0,25000.0,12989.993584337592,0.0,417338.666748,52167.3333435,0.32999999999999996,860761.0001677499,860761.0001677499,860761.0001677499
F026,medium,6,4,biodiversity,2189975.22432,10000.0,35000.0,10906.351653613761,0.0,306596.5314048,87599.0089728,0.30999999999999994,678892.3195391999,678892.3195391999,678892.3195391999
F026,medium,6,4,beef,4057459.2600500006,12000.0,40000.0,20206.656686747367,0.0,608618.8890075,121723.77780150001,0.31000000000000005,1257812.3706155005,1257812.3706155005,1257812.3706155005
F026,medium,7,5,forestry,1074647.0668761001,15000.0,45000.0,3903.0583595700605,0.0,161197.06003141502,32239.412006283004,0.32000000000000006,343887.0614003521,343887.0614003521,343887.0614003521
F026,medium,7,5,soil,4029926.5007853755,8000.0,25000.0,14636.468848387723,0.0,644788.2401256601,80598.53001570751,0.32999999999999996,1329875.7452591737,1329875.7452591737,1329875.7452591737
F026,medium,7,5,biodiversity,3036765.644390401,10000.0,35000.0,11029.363871850266,0.0,425147.1902146562,121470.62577561603,0.30999999999999994,941397.3497610241,941397.3497610241,941397.3497610241
F026,medium,7,5,beef,5074722.26024825,12000.0,40000.0,18431.10892019195,0.0,761208.3390372376,152241.6678074475,0.31000000000000005,1573163.9006769578,1573163.9006769578,1573163.9006769578
F026,medium,8,6,forestry,1314427.69367283,15000.0,45000.0,3872.452473492848,0.0,197164.1540509245,39432.830810184896,0.32000000000000006,420616.86197530566,420616.86197530566,420616.86197530566
F026,medium,8,6,soil,5188530.369761172,8000.0,25000.0,15285.996605892824,0.0,830164.8591617875,103770.60739522344,0.32999999999999996,1712215.0220211865,1712215.0220211865,1712215.0220211865
F026,medium,8,6,biodiversity,3947795.337707521,10000.0,35000.0,11630.651038423894,0.0,552691.347279053,157911.81350830084,0.30999999999999994,1223816.5546893312,1223816.5546893312,1223816.5546893312
F026,medium,8,6,beef,5841900.860768134,12000.0,40000.0,17210.89988219044,0.0,876285.12911522,175257.025823044,0.31000000000000005,1810989.2668381217,1810989.2668381217,1810989.2668381217
F026,medium,9,7,forestry,1496372.1586391218,15000.0,45000.0,3795.2453463828483,0.0,224455.82379586826,44891.164759173655,0.32000000000000006,478839.09076451906,478839.09076451906,478839.09076451906
F026,medium,9,7,soil,6056744.45163454,8000.0,25000.0,15361.707354406766,0.0,969079.1122615264,121134.8890326908,0.32999999999999996,1998725.669039398,1998725.669039398,1998725.669039398
F026,medium,9,7,biodiversity,4721563.223898195,10000.0,35000.0,11975.2902041755,0.0,661018.8513457474,188862.5289559278,0.30999999999999994,1463684.59940844,1463684.59940844,1463684.59940844
F026,medium,9,7,beef,6650542.927284986,12000.0,40000.0,16867.75709503488,0.0,997581.4390927479,199516.28781854958,0.31000000000000005,2061668.307458346,2061668.307458346,2061668.307458346
F026,medium,10,8,forestry,1614656.8149886907,15000.0,45000.0,3738.038405377662,0.0,242198.52224830358,48439.70444966072,0.32000000000000006,516690.1807963811,516690.1807963811,516690.1807963811
F026,medium,10,8,soil,6605414.243135553,8000.0,25000.0,15291.975294726799,0.0,1056866.2789016885,132108.28486271107,0.32999999999999996,2179786.700234732,2179786.700234732,2179786.700234732
F026,medium,10,8,biodiversity,5337419.296580569,10000.0,35000.0,12356.482275994813,0.0,747238.7015212798,213496.77186322276,0.30999999999999994,1654599.981939976,1654599.981939976,1654599.981939976
F026,medium,10,8,beef,7176252.511060848,12000.0,40000.0,16613.50402390072,0.0,1076437.8766591272,215287.57533182544,0.31000000000000005,2224638.2784288633,2224638.2784288633,2224638.2784288633
F027,medium,4,2,forestry,245863.57499999998,15000.0,45000.0,3322.0759275908426,0.0,36879.53625,7375.907249999999,0.32000000000000006,78676.34400000001,78676.34400000001,78676.34400000001
F027,medium,4,2,biodiversity,506188.8,10000.0,35000.0,6839.5557467026,0.0,70866.432,20247.552,0.30999999999999994,156918.52799999996,156918.52799999996,156918.52799999996
F027,medium,4,2,beef,1912272.2500000002,12000.0,40000.0,25838.36832570656,0.0,286840.8375,57368.1675,0.31000000000000005,592804.3975000002,592804.3975000002,592804.3975000002
F027,medium,5,3,forestry,506478.96450000006,15000.0,45000.0,3876.327206015735,0.0,75971.844675,15194.368935,0.32000000000000006,162073.26864000005,162073.26864000005,162073.26864000005
F027,medium,5,3,soil,1266197.4112500001,8000.0,25000.0,9690.818015039338,0.0,202591.58580000003,25323.948225000004,0.32999999999999996,417845.1457125,417845.1457125,417845.1457125
F027,medium,5,3,biodiversity,1403830.2720000003,10000.0,35000.0,10744.188519959884,0.0,196536.23808000007,56153.21088000001,0.30999999999999994,435187.38432,435187.38432,435187.38432
F027,medium,5,3,beef,3095149.2275,12000.0,40000.0,23688.666258985042,0.0,464272.384125,92854.47682499999,0.31000000000000005,959496.2605250002,959496.2605250002,959496.2605250002
F027,medium,6,4,forestry,782510.0001525001,15000.0,45000.0,3896.9980753012783,0.0,117376.50002287501,23475.300004575,0.32000000000000006,250403.2000488001,250403.2000488001,250403.2000488001
F027,medium,6,4,soil,2608366.667175,8000.0,25000.0,12989.993584337592,0.0,417338.666748,52167.3333435,0.32999999999999996,860761.0001677499,860761.0001677499,860761.0001677499
F027,medium,6,4,biodiversity,2189975.22432,10000.0,35000.0,10906.351653613761,0.0,306596.5314048,87599.0089728,0.30999999999999994,678892.3195391999,678892.3195391999,678892.3195391999
F027,medium,6,4,beef,4057459.2600500006,12000.0,40000.0,20206.656686747367,0.0,608618.8890075,121723.77780150001,0.31000000000000005,1257812.3706155005,1257812.3706155005,1257812.3706155005
F027,medium,7,5,forestry,1074647.0668761001,15000.0,45000.0,3903.0583595700605,0.0,161197.06003141502,32239.412006283004,0.32000000000000006,343887.0614003521,343887.0614003521,343887.0614003521
F027,medium,7,5,soil,4029926.5007853755,8000.0,25000.0,14636.468848387723,0.0,644788.2401256601,80598.53001570751,0.32999999999999996,1329875.7452591737,1329875.7452591737,1329875.7452591737
F027,medium,7,5,biodiversity,3036765.644390401,10000.0,35000.0,11029.363871850266,0.0,425147.1902146562,121470.62577561603,0.30999999999999994,941397.3497610241,941397.3497610241,941397.3497610241
F027,medium,7,5,beef,5074722.26024825,12000.0,40000.0,18431.10892019195,0.0,761208.3390372376,152241.6678074475,0.31000000000000005,1573163.9006769578,1573163.9006769578,1573163.9006769578
F027,medium,8,6,forestry,1314427.69367283,15000.0,45000.0,3872.452473492848,0.0,197164.1540509245,39432.830810184896,0.32000000000000006,420616.86197530566,420616.86197530566,420616.86197530566
F027,medium,8,6,soil,5188530.369761172,8000.0,25000.0,15285.996605892824,0.0,830164.8591617875,103770.60739522344,0.32999999999999996,1712215.0220211865,1712215.0220211865,1712215.0220211865
F027,medium,8,6,biodiversity,3947795.337707521,10000.0,35000.0,11630.651038423894,0.0,552691.347279053,157911.81350830084,0.30999999999999994,1223816.5546893312,1223816.5546893312,1223816.5546893312
F027,medium,8,6,beef,5841900.860768134,12000.0,40000.0,17210.89988219044,0.0,876285.12911522,175257.025823044,0.31000000000000005,1810989.2668381217,1810989.2668381217,1810989.2668381217
F027,medium,9,7,forestry,1496372.1586391218,15000.0,45000.0,3795.2453463828483,0.0,224455.82379586826,44891.164759173655,0.32000000000000006,478839.09076451906,478839.09076451906,478839.09076451906
F027,medium,9,7,soil,6056744.45163454,8000.0,25000.0,15361.707354406766,0.0,969079.1122615264,121134.8890326908,0.32999999999999996,1998725.669039398,1998725.669039398,1998725.669039398
F027,medium,9,7,biodiversity,4721563.223898195,10000.0,35000.0,11975.2902041755,0.0,661018.8513457474,188862.5289559278,0.30999999999999994,1463684.59940844,1463684.59940844,1463684.59940844
F027,medium,9,7,beef,6650542.927284986,12000.0,40000.0,16867.75709503488,0.0,997581.4390927479,199516.28781854958,0.31000000000000005,2061668.307458346,2061668.307458346,2061668.307458346
F027,medium,10,8,forestry,1614656.8149886907,15000.0,45000.0,3738.038405377662,0.0,242198.52224830358,48439.70444966072,0.32000000000000006,516690.1807963811,516690.1807963811,516690.1807963811
F027,medium,10,8,soil,6605414.243135553,8000.0,25000.0,15291.975294726799,0.0,1056866.2789016885,132108.28486271107,0.32999999999999996,2179786.700234732,2179786.700234732,2179786.700234732
F027,medium,10,8,biodiversity,5337419.296580569,10000.0,35000.0,12356.482275994813,0.0,747238.7015212798,213496.77186322276,0.30999999999999994,1654599.981939976,1654599.981939976,1654599.981939976
F027,medium,10,8,beef,7176252.511060848,12000.0,40000.0,16613.50402390072,0.0,1076437.8766591272,215287.57533182544,0.31000000000000005,2224638.2784288633,2224638.2784288633,2224638.2784288633
F028,high,4,2,forestry,368795.3625,15000.0,45000.0,3366.0636334242968,0.0,55319.304375,11063.860874999998,0.32000000000000006,118014.51600000002,118014.51600000002,118014.51600000002
F028,high,4,2,biodiversity,843648.0,10000.0,35000.0,7700.131674543877,0.0,118110.72000000002,33745.92,0.30999999999999994,261530.87999999995,261530.87999999995,261530.87999999995
F028,high,4,2,beef,2731817.5,12000.0,40000.0,24933.804692031827,0.0,409772.625,81954.525,0.31000000000000005,846863.4250000002,846863.4250000002,846863.4250000002
F028,high,5,3,forestry,759718.4467500001,15000.0,45000.0,3935.177654325798,0.0,113957.76701250001,22791.5534025,0.32000000000000006,243109.9029600001,243109.9029600001,243109.9029600001
F028,high,5,3,soil,1899296.116875,8000.0,25000.0,9837.944135814494,0.0,303887.3787,37985.9223375,0.32999999999999996,626767.71856875,626767.71856875,626767.71856875
F028,high,5,3,biodiversity,2105745.4080000003,10000.0,35000.0,10907.306924966095,0.0,294804.35712000006,84229.81632000001,0.30999999999999994,652781.0764799999,652781.0764799999,652781.0764799999
F028,high,5,3,beef,4502035.24,12000.0,40000.0,23319.571284893613,0.0,675305.286,135061.0572,0.31000000000000005,1395630.9244000004,1395630.9244000004,1395630.9244000004
F028,high,6,4,forestry,1173765.00022875,15000.0,45000.0,3820.412982504589,0.0,176064.7500343125,35212.9500068625,0.32000000000000006,375604.8000732001,375604.8000732001,375604.8000732001
F028,high,6,4,soil,3912550.0007625003,8000.0,25000.0,12734.709941681964,0.0,626008.0001220001,78251.00001525001,0.32999999999999996,1291141.500251625,1291141.500251625,1291141.500251625
F028,high,6,4,biodiversity,3284962.8364799987,10000.0,35000.0,10692.016430109508,0.0,459894.79710719985,131398.51345919995,0.30999999999999994,1018338.4793087994,1018338.4793087994,1018338.4793087994
F028,high,6,4,beef,6376007.408650001,12000.0,40000.0,20752.86064570394,0.0,956401.1112975001,191280.2222595,0.31000000000000005,1976562.2966815005,1976562.2966815005,1976562.2966815005
F028,high,7,5,forestry,1611970.6003141503,15000.0,45000.0,3873.8916443567596,0.0,241795.59004712253,48359.11800942451,0.32000000000000006,515830.5921005282,515830.5921005282,515830.5921005282
F028,high,7,5,soil,6044889.751178063,8000.0,25000.0,14527.093666337845,0.0,967182.3601884901,120897.79502356127,0.32999999999999996,1994813.6178887608,1994813.6178887608,1994813.6178887608
F028,high,7,5,biodiversity,4555148.466585602,10000.0,35000.0,10946.94380906915,0.0,637720.7853219843,182205.93866342408,0.30999999999999994,1412096.0246415362,1412096.0246415362,1412096.0246415362
F028,high,7,5,beef,7761339.927438501,12000.0,40000.0,18652.07088023625,0.0,1164200.989115775,232840.19782315503,0.31000000000000005,2406015.3775059357,2406015.3775059357,2406015.3775059357
F028,high,8,6,forestry,1937051.3380441705,15000.0,45000.0,3765.4318611003914,0.0,290557.7007066256,58111.54014132512,0.32000000000000006,619856.4281741347,619856.4281741347,619856.4281741347
F028,high,8,6,soil,7609844.542316385,8000.0,25000.0,14792.768025751539,0.0,1217575.1267706216,152196.8908463277,0.32999999999999996,2511248.6989644067,2511248.6989644067,2511248.6989644067
F028,high,8,6,biodiversity,5921693.006561281,10000.0,35000.0,11511.172203146205,0.0,829037.0209185794,236867.72026245124,0.30999999999999994,1835724.8320339967,1835724.8320339967,1835724.8320339967
F028,high,8,6,beef,9224053.990686527,12000.0,40000.0,17930.627910001866,0.0,1383608.098602979,276721.6197205958,0.31000000000000005,2859456.737112824,2859456.737112824,2859456.737112824
F028,high,9,7,forestry,2208930.329419656,15000.0,45000.0,3755.916353170486,0.0,331339.5494129484,66267.90988258968,0.32000000000000006,706857.7054142901,706857.7054142901,706857.7054142901
F028,high,9,7,soil,8906977.134756677,8000.0,25000.0,15144.824004719703,0.0,1425116.3415610683,178139.54269513354,0.32999999999999996,2939302.454469703,2939302.454469703,2939302.454469703
F028,high,9,7,biodiversity,6979702.1570668975,10000.0,35000.0,11867.815441184282,0.0,977158.3019893657,279188.0862826759,0.30999999999999994,2163707.668690738,2163707.668690738,2163707.668690738
F028,high,9,7,beef,10134160.65110093,12000.0,40000.0,17231.44420092553,0.0,1520124.0976651395,304024.8195330279,0.31000000000000005,3141589.801841289,3141589.801841289,3141589.801841289
F028,high,10,8,forestry,2421985.222483036,15000.0,45000.0,3750.9128743918914,0.0,363297.7833724554,72659.55667449108,0.32000000000000006,775035.2711945717,775035.2711945717,775035.2711945717
F028,high,10,8,soil,9908121.36470333,8000.0,25000.0,15344.643577057735,0.0,1585299.4183525327,198162.42729406658,0.32999999999999996,3269680.0503520984,3269680.0503520984,3269680.0503520984
F028,high,10,8,biodiversity,7899380.558939241,10000.0,35000.0,12233.719662364183,0.0,1105913.2782514938,315975.22235756967,0.30999999999999994,2448807.973271164,2448807.973271164,2448807.973271164
F028,high,10,8,beef,10764378.766591271,12000.0,40000.0,16670.723886186184,0.0,1614656.8149886907,322931.3629977381,0.31000000000000005,3336957.4176432947,3336957.4176432947,3336957.4176432947
F029,high,4,2,forestry,368795.3625,15000.0,45000.0,3366.0636334242968,0.0,55319.304375,11063.860874999998,0.32000000000000006,118014.51600000002,118014.51600000002,118014.51600000002
F029,high,4,2,biodiversity,843648.0,10000.0,35000.0,7700.131674543877,0.0,118110.72000000002,33745.92,0.30999999999999994,261530.87999999995,261530.87999999995,261530.87999999995
F029,high,4,2,beef,2731817.5,12000.0,40000.0,24933.804692031827,0.0,409772.625,81954.525,0.31000000000000005,846863.4250000002,846863.4250000002,846863.4250000002
F029,high,5,3,forestry,759718.4467500001,15000.0,45000.0,3935.177654325798,0.0,113957.76701250001,22791.5534025,0.32000000000000006,243109.9029600001,243109.9029600001,243109.9029600001
F029,high,5,3,soil,1899296.116875,8000.0,25000.0,9837.944135814494,0.0,303887.3787,37985.9223375,0.32999999999999996,626767.71856875,626767.71856875,626767.71856875
F029,high,5,3,biodiversity,2105745.4080000003,10000.0,35000.0,10907.306924966095,0.0,294804.35712000006,84229.81632000001,0.30999999999999994,652781.0764799999,652781.0764799999,652781.0764799999
F029,high,5,3,beef,4502035.24,12000.0,40000.0,23319.571284893613,0.0,675305.286,135061.0572,0.31000000000000005,1395630.9244000004,1395630.9244000004,1395630.9244000004
F029,high,6,4,forestry,1173765.00022875,15000.0,45000.0,3820.412982504589,0.0,176064.7500343125,35212.9500068625,0.32000000000000006,375604.8000732001,375604.8000732001,375604.8000732001
F029,high,6,4,soil,3912550.0007625003,8000.0,25000.0,12734.709941681964,0.0,626008.0001220001,78251.00001525001,0.32999999999999996,1291141.500251625,1291141.500251625,1291141.500251625
F029,high,6,4,biodiversity,3284962.8364799987,10000.0,35000.0,10692.016430109508,0.0,459894.79710719985,131398.51345919995,0.30999999999999994,1018338.4793087994,1018338.4793087994,1018338.4793087994
F029,high,6,4,beef,6376007.408650001,12000.0,40000.0,20752.86064570394,0.0,956401.1112975001,191280.2222595,0.31000000000000005,1976562.2966815005,1976562.2966815005,1976562.2966815005
F029,high,7,5,forestry,1611970.6003141503,15000.0,45000.0,3873.8916443567596,0.0,241795.59004712253,48359.11800942451,0.32000000000000006,515830.5921005282,515830.5921005282,515830.5921005282
F029,high,7,5,soil,6044889.751178063,8000.0,25000.0,14527.093666337845,0.0,967182.3601884901,120897.79502356127,0.32999999999999996,1994813.6178887608,1994813.6178887608,1994813.6178887608
F029,high,7,5,biodiversity,4555148.466585602,10000.0,35000.0,10946.94380906915,0.0,637720.7853219843,182205.93866342408,0.30999999999999994,1412096.0246415362,1412096.0246415362,1412096.0246415362
F029,high,7,5,beef,7761339.927438501,12000.0,40000.0,18652.07088023625,0.0,1164200.989115775,232840.19782315503,0.31000000000000005,2406015.3775059357,2406015.3775059357,2406015.3775059357
F029,high,8,6,forestry,1937051.3380441705,15000.0,45000.0,3765.4318611003914,0.0,290557.7007066256,58111.54014132512,0.32000000000000006,619856.4281741347,619856.4281741347,619856.4281741347
F029,high,8,6,soil,7609844.542316385,8000.0,25000.0,14792.768025751539,0.0,1217575.1267706216,152196.8908463277,0.32999999999999996,2511248.6989644067,2511248.6989644067,2511248.6989644067
F029,high,8,6,biodiversity,5921693.006561281,10000.0,35000.0,11511.172203146205,0.0,829037.0209185794,236867.72026245124,0.30999999999999994,1835724.8320339967,1835724.8320339967,1835724.8320339967
F029,high,8,6,beef,9224053.990686527,12000.0,40000.0,17930.627910001866,0.0,1383608.098602979,276721.6197205958,0.31000000000000005,2859456.737112824,2859456.737112824,2859456.737112824
F029,high,9,7,forestry,2208930.329419656,15000.0,45000.0,3755.916353170486,0.0,331339.5494129484,66267.90988258968,0.32000000000000006,706857.7054142901,706857.7054142901,706857.7054142901
F029,high,9,7,soil,8906977.134756677,8000.0,25000.0,15144.824004719703,0.0,1425116.3415610683,178139.54269513354,0.32999999999999996,2939302.454469703,2939302.454469703,2939302.454469703
F029,high,9,7,biodiversity,6979702.1570668975,10000.0,35000.0,11867.815441184282,0.0,977158.3019893657,279188.0862826759,0.30999999999999994,2163707.668690738,2163707.668690738,2163707.668690738
F029,high,9,7,beef,10134160.65110093,12000.0,40000.0,17231.44420092553,0.0,1520124.0976651395,304024.8195330279,0.31000000000000005,3141589.801841289,3141589.801841289,3141589.801841289
F029,high,10,8,forestry,2421985.222483036,15000.0,45000.0,3750.9128743918914,0.0,363297.7833724554,72659.55667449108,0.32000000000000006,775035.2711945717,775035.2711945717,775035.2711945717
F029,high,10,8,soil,9908121.36470333,8000.0,25000.0,15344.643577057735,0.0,1585299.4183525327,198162.42729406658,0.32999999999999996,3269680.0503520984,3269680.0503520984,3269680.0503520984
F029,high,10,8,biodiversity,7899380.558939241,10000.0,35000.0,12233.719662364183,0.0,1105913.2782514938,315975.22235756967,0.30999999999999994,2448807.973271164,2448807.973271164,2448807.973271164
F029,high,10,8,beef,10764378.766591271,12000.0,40000.0,16670.723886186184,0.0,1614656.8149886907,322931.3629977381,0.31000000000000005,3336957.4176432947,3336957.4176432947,3336957.4176432947
F030,high,4,2,forestry,368795.3625,15000.0,45000.0,3366.0636334242968,0.0,55319.304375,11063.860874999998,0.32000000000000006,118014.51600000002,118014.51600000002,118014.51600000002
F030,high,4,2,biodiversity,843648.0,10000.0,35000.0,7700.131674543877,0.0,118110.72000000002,33745.92,0.30999999999999994,261530.87999999995,261530.87999999995,261530.87999999995
F030,high,4,2,beef,2731817.5,12000.0,40000.0,24933.804692031827,0.0,409772.625,81954.525,0.31000000000000005,846863.4250000002,846863.4250000002,846863.4250000002
F030,high,5,3,forestry,759718.4467500001,15000.0,45000.0,3935.177654325798,0.0,113957.76701250001,22791.5534025,0.32000000000000006,243109.9029600001,243109.9029600001,243109.9029600001
F030,high,5,3,soil,1899296.116875,8000.0,25000.0,9837.944135814494,0.0,303887.3787,37985.9223375,0.32999999999999996,626767.71856875,626767.71856875,626767.71856875
F030,high,5,3,biodiversity,2105745.4080000003,10000.0,35000.0,10907.306924966095,0.0,294804.35712000006,84229.81632000001,0.30999999999999994,652781.0764799999,652781.0764799999,652781.0764799999
F030,high,5,3,beef,4502035.24,12000.0,40000.0,23319.571284893613,0.0,675305.286,135061.0572,0.31000000000000005,1395630.9244000004,1395630.9244000004,1395630.9244000004
F030,high,6,4,forestry,1173765.00022875,15000.0,45000.0,3820.412982504589,0.0,176064.7500343125,35212.9500068625,0.32000000000000006,375604.8000732001,375604.8000732001,375604.8000732001
F030,high,6,4,soil,3912550.0007625003,8000.0,25000.0,12734.709941681964,0.0,626008.0001220001,78251.00001525001,0.32999999999999996,1291141.500251625,1291141.500251625,1291141.500251625
F030,high,6,4,biodiversity,3284962.8364799987,10000.0,35000.0,10692.016430109508,0.0,459894.79710719985,131398.51345919995,0.30999999999999994,1018338.4793087994,1018338.4793087994,1018338.4793087994
F030,high,6,4,beef,6376007.408650001,12000.0,40000.0,20752.86064570394,0.0,956401.1112975001,191280.2222595,0.31000000000000005,1976562.2966815005,1976562.2966815005,1976562.2966815005
F030,high,7,5,forestry,1611970.6003141503,15000.0,45000.0,3873.8916443567596,0.0,241795.59004712253,48359.11800942451,0.32000000000000006,515830.5921005282,515830.5921005282,515830.5921005282
F030,high,7,5,soil,6044889.751178063,8000.0,25000.0,14527.093666337845,0.0,967182.3601884901,120897.79502356127,0.32999999999999996,1994813.6178887608,1994813.6178887608,1994813.6178887608
F030,high,7,5,biodiversity,4555148.466585602,10000.0,35000.0,10946.94380906915,0.0,637720.7853219843,182205.93866342408,0.30999999999999994,1412096.0246415362,1412096.0246415362,1412096.0246415362
F030,high,7,5,beef,7761339.927438501,12000.0,40000.0,18652.07088023625,0.0,1164200.989115775,232840.19782315503,0.31000000000000005,2406015.3775059357,2406015.3775059357,2406015.3775059357
F030,high,8,6,forestry,1937051.3380441705,15000.0,45000.0,3765.4318611003914,0.0,290557.7007066256,58111.54014132512,0.32000000000000006,619856.4281741347,619856.4281741347,619856.4281741347
F030,high,8,6,soil,7609844.542316385,8000.0,25000.0,14792.768025751539,0.0,1217575.1267706216,152196.8908463277,0.32999999999999996,2511248.6989644067,2511248.6989644067,2511248.6989644067
F030,high,8,6,biodiversity,5921693.006561281,10000.0,35000.0,11511.172203146205,0.0,829037.0209185794,236867.72026245124,0.30999999999999994,1835724.8320339967,1835724.8320339967,1835724.8320339967
F030,high,8,6,beef,9224053.990686527,12000.0,40000.0,17930.627910001866,0.0,1383608.098602979,276721.6197205958,0.31000000000000005,2859456.737112824,2859456.737112824,2859456.737112824
F030,high,9,7,forestry,2208930.329419656,15000.0,45000.0,3755.916353170486,0.0,331339.5494129484,66267.90988258968,0.32000000000000006,706857.7054142901,706857.7054142901,706857.7054142901
F030,high,9,7,soil,8906977.134756677,8000.0,25000.0,15144.824004719703,0.0,1425116.3415610683,178139.54269513354,0.32999999999999996,2939302.454469703,2939302.454469703,2939302.454469703
F030,high,9,7,biodiversity,6979702.1570668975,10000.0,35000.0,11867.815441184282,0.0,977158.3019893657,279188.0862826759,0.30999999999999994,2163707.668690738,2163707.668690738,2163707.668690738
F030,high,9,7,beef,10134160.65110093,12000.0,40000.0,17231.44420092553,0.0,1520124.0976651395,304024.8195330279,0.31000000000000005,3141589.801841289,3141589.801841289,3141589.801841289
F030,high,10,8,forestry,2421985.222483036,15000.0,45000.0,3750.9128743918914,0.0,363297.7833724554,72659.55667449108,0.32000000000000006,775035.2711945717,775035.2711945717,775035.2711945717
F030,high,10,8,soil,9908121.36470333,8000.0,25000.0,15344.643577057735,0.0,1585299.4183525327,198162.42729406658,0.32999999999999996,3269680.0503520984,3269680.0503520984,3269680.0503520984
F030,high,10,8,biodiversity,7899380.558939241,10000.0,35000.0,12233.719662364183,0.0,1105913.2782514938,315975.22235756967,0.30999999999999994,2448807.973271164,2448807.973271164,2448807.973271164
F030,high,10,8,beef,10764378.766591271,12000.0,40000.0,16670.723886186184,0.0,1614656.8149886907,322931.3629977381,0.31000000000000005,3336957.4176432947,3336957.4176432947,3336957.4176432947
F031,low,5,2,forestry,189929.61168750003,15000.0,45000.0,3510.4015437603375,0.0,28489.441753125004,5697.888350625,0.32000000000000006,60777.47574000002,60777.47574000002,60777.47574000002
F031,low,5,2,biodiversity,350957.5680000001,10000.0,35000.0,6486.624058014943,0.0,49134.05952000002,14038.302720000003,0.30999999999999994,108796.84608,108796.84608,108796.84608
F031,low,5,2,beef,1406886.0125,12000.0,40000.0,26002.974398224716,0.0,211032.90187499998,42206.580375,0.31000000000000005,436134.6638750001,436134.6638750001,436134.6638750001
F031,low,6,3,forestry,326045.833396875,15000.0,45000.0,3718.1154959027485,0.0,48906.87500953125,9781.37500190625,0.32000000000000006,104334.66668700002,104334.66668700002,104334.66668700002
F031,low,6,3,soil,652091.66679375,8000.0,25000.0,7436.230991805497,0.0,104334.666687,13041.833335875,0.32999999999999996,215190.25004193748,215190.25004193748,215190.25004193748
F031,low,6,3,biodiversity,912489.6768000001,10000.0,35000.0,10405.721096983321,0.0,127748.55475200003,36499.58707200001,0.30999999999999994,282871.799808,282871.799808,282871.799808
F031,low,6,3,beef,2318548.1486000004,12000.0,40000.0,26439.932415308438,0.0,347782.22229000006,69556.44445800001,0.31000000000000005,718749.9260660002,718749.9260660002,718749.9260660002
F031,low,7,4,forestry,537323.5334380501,15000.0,45000.0,4039.9342191729784,0.0,80598.53001570751,16119.706003141502,0.32000000000000006,171943.53070017605,171943.53070017605,171943.53070017605
F031,low,7,4,soil,1343308.8335951252,8000.0,25000.0,10099.835547932447,0.0,214929.41337522003,26866.176671902504,0.32999999999999996,443291.91508639127,443291.91508639127,443291.91508639127
F031,low,7,4,biodiversity,1518382.8221952005,10000.0,35000.0,11416.151237489137,0.0,212573.5951073281,60735.31288780802,0.30999999999999994,470698.67488051206,470698.67488051206,470698.67488051206
F031,low,7,4,beef,2985130.7413225006,12000.0,40000.0,22444.078995405438,0.0,447769.61119837506,89553.92223967501,0.31000000000000005,925390.5298099753,925390.5298099753,925390.5298099753
F031,low,8,5,forestry,691804.0493014895,15000.0,45000.0,3938.7541590917317,0.0,103770.60739522341,20754.121479044683,0.32000000000000006,221377.29577647668,221377.29577647668,221377.29577647668
F031,low,8,5,soil,2075412.1479044685,8000.0,25000.0,11816.262477275197,0.0,332065.943664715,41508.24295808937,0.32999999999999996,684886.0088084745,684886.0088084745,684886.0088084745
F031,low,8,5,biodiversity,1973897.6688537605,10000.0,35000.0,11238.294515143833,0.0,276345.6736395265,78955.90675415042,0.30999999999999994,611908.2773446656,611908.2773446656,611908.2773446656
F031,low,8,5,beef,3689621.5962746106,12000.0,40000.0,21006.688848489237,0.0,553443.2394411915,110688.64788823831,0.31000000000000005,1143782.6948451295,1143782.6948451295,1143782.6948451295
F031,low,9,6,forestry,855069.804936641,15000.0,45000.0,3871.129671180887,0.0,128260.47074049615,25652.09414809923,0.32000000000000006,273622.3375797252,273622.3375797252,273622.3375797252
F031,low,9,6,soil,2850232.6831221366,8000.0,25000.0,12903.765570602958,0.0,456037.22929954185,57004.65366244273,0.32999999999999996,940576.7854303049,940576.7854303049,940576.7854303049
F031,low,9,6,biodiversity,2463424.290729493,10000.0,35000.0,11152.580537278225,0.0,344879.40070212906,98536.97162917972,0.30999999999999994,763661.5301261427,763661.5301261427,763661.5301261427
F031,low,9,6,beef,4433695.2848566575,12000.0,40000.0,20072.524220937936,0.0,665054.2927284986,133010.8585456997,0.31000000000000005,1374445.538305564,1374445.538305564,1374445.538305564
F031,low,10,7,forestry,954115.3906751353,15000.0,45000.0,3772.860886455509,0.0,143117.30860127028,28623.461720254058,0.32000000000000006,305316.92501604336,305316.92501604336,305316.92501604336
F031,low,10,7,soil,3302707.1215677764,8000.0,25000.0,13059.903068499842,0.0,528433.1394508443,66054.14243135553,0.32999999999999996,1089893.350117366,1089893.350117366,1089893.350117366
F031,low,10,7,biodiversity,2988954.8060851186,10000.0,35000.0,11819.231499118963,0.0,418453.67285191664,119558.19224340474,0.30999999999999994,926575.9898863866,926575.9898863866,926575.9898863866
F031,low,10,7,beef,4892899.439359669,12000.0,40000.0,19348.004545925687,0.0,733934.9159039502,146786.98318079006,0.31000000000000005,1516798.8262014976,1516798.8262014976,1516798.8262014976
F032,low,5,2,forestry,189929.61168750003,15000.0,45000.0,3510.4015437603375,0.0,28489.441753125004,5697.888350625,0.32000000000000006,60777.47574000002,60777.47574000002,60777.47574000002
F032,low,5,2,biodiversity,350957.5680000001,10000.0,35000.0,6486.624058014943,0.0,49134.05952000002,14038.302720000003,0.30999999999999994,108796.84608,108796.84608,108796.84608
F032,low,5,2,beef,1406886.0125,12000.0,40000.0,26002.974398224716,0.0,211032.90187499998,42206.580375,0.31000000000000005,436134.6638750001,436134.6638750001,436134.6638750001
F032,low,6,3,forestry,326045.833396875,15000.0,45000.0,3718.1154959027485,0.0,48906.87500953125,9781.37500190625,0.32000000000000006,104334.66668700002,104334.66668700002,104334.66668700002
F032,low,6,3,soil,652091.66679375,8000.0,25000.0,7436.230991805497,0.0,104334.666687,13041.833335875,0.32999999999999996,215190.25004193748,215190.25004193748,215190.25004193748
F032,low,6,3,biodiversity,912489.6768000001,10000.0,35000.0,10405.721096983321,0.0,127748.55475200003,36499.58707200001,0.30999999999999994,282871.799808,282871.799808,282871.799808
F032,low,6,3,beef,2318548.1486000004,12000.0,40000.0,26439.932415308438,0.0,347782.22229000006,69556.44445800001,0.31000000000000005,718749.9260660002,718749.9260660002,718749.9260660002
F032,low,7,4,forestry,537323.5334380501,15000.0,45000.0,4039.9342191729784,0.0,80598.53001570751,16119.706003141502,0.32000000000000006,171943.53070017605,171943.53070017605,171943.53070017605
F032,low,7,4,soil,1343308.8335951252,8000.0,25000.0,10099.835547932447,0.0,214929.41337522003,26866.176671902504,0.32999999999999996,443291.91508639127,443291.91508639127,443291.91508639127
F032,low,7,4,biodiversity,1518382.8221952005,10000.0,35000.0,11416.151237489137,0.0,212573.5951073281,60735.31288780802,0.30999999999999994,470698.67488051206,470698.67488051206,470698.67488051206
F032,low,7,4,beef,2985130.7413225006,12000.0,40000.0,22444.078995405438,0.0,447769.61119837506,89553.92223967501,0.31000000000000005,925390.5298099753,925390.5298099753,925390.5298099753
F032,low,8,5,forestry,691804.0493014895,15000.0,45000.0,3938.7541590917317,0.0,103770.60739522341,20754.121479044683,0.32000000000000006,221377.29577647668,221377.29577647668,221377.29577647668
F032,low,8,5,soil,2075412.1479044685,8000.0,25000.0,11816.262477275197,0.0,332065.943664715,41508.24295808937,0.32999999999999996,684886.0088084745,684886.0088084745,684886.0088084745
F032,low,8,5,biodiversity,1973897.6688537605,10000.0,35000.0,11238.294515143833,0.0,276345.6736395265,78955.90675415042,0.30999999999999994,611908.2773446656,611908.2773446656,611908.2773446656
F032,low,8,5,beef,3689621.5962746106,12000.0,40000.0,21006.688848489237,0.0,553443.2394411915,110688.64788823831,0.31000000000000005,1143782.6948451295,1143782.6948451295,1143782.6948451295
F032,low,9,6,forestry,855069.804936641,15000.0,45000.0,3871.129671180887,0.0,128260.47074049615,25652.09414809923,0.32000000000000006,273622.3375797252,273622.3375797252,273622.3375797252
F032,low,9,6,soil,2850232.6831221366,8000.0,25000.0,12903.765570602958,0.0,456037.22929954185,57004.65366244273,0.32999999999999996,940576.7854303049,940576.7854303049,940576.7854303049
F032,low,9,6,biodiversity,2463424.290729493,10000.0,35000.0,11152.580537278225,0.0,344879.40070212906,98536.97162917972,0.30999999999999994,763661.5301261427,763661.5301261427,763661.5301261427
F032,low,9,6,beef,4433695.2848566575,12000.0,40000.0,20072.524220937936,0.0,665054.2927284986,133010.8585456997,0.31000000000000005,1374445.538305564,1374445.538305564,1374445.538305564
F032,low,10,7,forestry,954115.3906751353,15000.0,45000.0,3772.860886455509,0.0,143117.30860127028,28623.461720254058,0.32000000000000006,305316.92501604336,305316.92501604336,305316.92501604336
F032,low,10,7,soil,3302707.1215677764,8000.0,25000.0,13059.903068499842,0.0,528433.1394508443,66054.14243135553,0.32999999999999996,1089893.350117366,1089893.350117366,1089893.350117366
F032,low,10,7,biodiversity,2988954.8060851186,10000.0,35000.0,11819.231499118963,0.0,418453.67285191664,119558.19224340474,0.30999999999999994,926575.9898863866,926575.9898863866,926575.9898863866
F032,low,10,7,beef,4892899.439359669,12000.0,40000.0,19348.004545925687,0.0,733934.9159039502,146786.98318079006,0.31000000000000005,1516798.8262014976,1516798.8262014976,1516798.8262014976
F033,low,5,2,forestry,189929.61168750003,15000.0,45000.0,3510.4015437603375,0.0,28489.441753125004,5697.888350625,0.32000000000000006,60777.47574000002,60777.47574000002,60777.47574000002
F033,low,5,2,biodiversity,350957.5680000001,10000.0,35000.0,6486.624058014943,0.0,49134.05952000002,14038.302720000003,0.30999999999999994,108796.84608,108796.84608,108796.84608
F033,low,5,2,beef,1406886.0125,12000.0,40000.0,26002.974398224716,0.0,211032.90187499998,42206.580375,0.31000000000000005,436134.6638750001,436134.6638750001,436134.6638750001
F033,low,6,3,forestry,326045.833396875,15000.0,45000.0,3718.1154959027485,0.0,48906.87500953125,9781.37500190625,0.32000000000000006,104334.66668700002,104334.66668700002,104334.66668700002
F033,low,6,3,soil,652091.66679375,8000.0,25000.0,7436.230991805497,0.0,104334.666687,13041.833335875,0.32999999999999996,215190.25004193748,215190.25004193748,215190.25004193748
F033,low,6,3,biodiversity,912489.6768000001,10000.0,35000.0,10405.721096983321,0.0,127748.55475200003,36499.58707200001,0.30999999999999994,282871.799808,282871.799808,282871.799808
F033,low,6,3,beef,2318548.1486000004,12000.0,40000.0,26439.932415308438,0.0,347782.22229000006,69556.44445800001,0.31000000000000005,718749.9260660002,718749.9260660002,718749.9260660002
F033,low,7,4,forestry,537323.5334380501,15000.0,45000.0,4039.9342191729784,0.0,80598.53001570751,16119.706003141502,0.32000000000000006,171943.53070017605,171943.53070017605,171943.53070017605
F033,low,7,4,soil,1343308.8335951252,8000.0,25000.0,10099.835547932447,0.0,214929.41337522003,26866.176671902504,0.32999999999999996,443291.91508639127,443291.91508639127,443291.91508639127
F033,low,7,4,biodiversity,1518382.8221952005,10000.0,35000.0,11416.151237489137,0.0,212573.5951073281,60735.31288780802,0.30999999999999994,470698.67488051206,470698.67488051206,470698.67488051206
F033,low,7,4,beef,2985130.7413225006,12000.0,40000.0,22444.078995405438,0.0,447769.61119837506,89553.92223967501,0.31000000000000005,925390.5298099753,925390.5298099753,925390.5298099753
F033,low,8,5,forestry,691804.0493014895,15000.0,45000.0,3938.7541590917317,0.0,103770.60739522341,20754.121479044683,0.32000000000000006,221377.29577647668,221377.29577647668,221377.29577647668
F033,low,8,5,soil,2075412.1479044685,8000.0,25000.0,11816.262477275197,0.0,332065.943664715,41508.24295808937,0.32999999999999996,684886.0088084745,684886.0088084745,684886.0088084745
F033,low,8,5,biodiversity,1973897.6688537605,10000.0,35000.0,11238.294515143833,0.0,276345.6736395265,78955.90675415042,0.30999999999999994,611908.2773446656,611908.2773446656,611908.2773446656
F033,low,8,5,beef,3689621.5962746106,12000.0,40000.0,21006.688848489237,0.0,553443.2394411915,110688.64788823831,0.31000000000000005,1143782.6948451295,1143782.6948451295,1143782.6948451295
F033,low,9,6,forestry,855069.804936641,15000.0,45000.0,3871.129671180887,0.0,128260.47074049615,25652.09414809923,0.32000000000000006,273622.3375797252,273622.3375797252,273622.3375797252
F033,low,9,6,soil,2850232.6831221366,8000.0,25000.0,12903.765570602958,0.0,456037.22929954185,57004.65366244273,0.32999999999999996,940576.7854303049,940576.7854303049,940576.7854303049
F033,low,9,6,biodiversity,2463424.290729493,10000.0,35000.0,11152.580537278225,0.0,344879.40070212906,98536.97162917972,0.30999999999999994,763661.5301261427,763661.5301261427,763661.5301261427
F033,low,9,6,beef,4433695.2848566575,12000.0,40000.0,20072.524220937936,0.0,665054.2927284986,133010.8585456997,0.31000000000000005,1374445.538305564,1374445.538305564,1374445.538305564
F033,low,10,7,forestry,954115.3906751353,15000.0,45000.0,3772.860886455509,0.0,143117.30860127028,28623.461720254058,0.32000000000000006,305316.92501604336,305316.92501604336,305316.92501604336
F033,low,10,7,soil,3302707.1215677764,8000.0,25000.0,13059.903068499842,0.0,528433.1394508443,66054.14243135553,0.32999999999999996,1089893.350117366,1089893.350117366,1089893.350117366
F033,low,10,7,biodiversity,2988954.8060851186,10000.0,35000.0,11819.231499118963,0.0,418453.67285191664,119558.19224340474,0.30999999999999994,926575.9898863866,926575.9898863866,926575.9898863866
F033,low,10,7,beef,4892899.439359669,12000.0,40000.0,19348.004545925687,0.0,733934.9159039502,146786.98318079006,0.31000000000000005,1516798.8262014976,1516798.8262014976,1516798.8262014976
F034,low,5,2,forestry,189929.61168750003,15000.0,45000.0,3510.4015437603375,0.0,28489.441753125004,5697.888350625,0.32000000000000006,60777.47574000002,60777.47574000002,60777.47574000002
F034,low,5,2,biodiversity,350957.5680000001,10000.0,35000.0,6486.624058014943,0.0,49134.05952000002,14038.302720000003,0.30999999999999994,108796.84608,108796.84608,108796.84608
F034,low,5,2,beef,1406886.0125,12000.0,40000.0,26002.974398224716,0.0,211032.90187499998,42206.580375,0.31000000000000005,436134.6638750001,436134.6638750001,436134.6638750001
F034,low,6,3,forestry,326045.833396875,15000.0,45000.0,3718.1154959027485,0.0,48906.87500953125,9781.37500190625,0.32000000000000006,104334.66668700002,104334.66668700002,104334.66668700002
F034,low,6,3,soil,652091.66679375,8000.0,25000.0,7436.230991805497,0.0,104334.666687,13041.833335875,0.32999999999999996,215190.25004193748,215190.25004193748,215190.25004193748
F034,low,6,3,biodiversity,912489.6768000001,10000.0,35000.0,10405.721096983321,0.0,127748.55475200003,36499.58707200001,0.30999999999999994,282871.799808,282871.799808,282871.799808
F034,low,6,3,beef,2318548.1486000004,12000.0,40000.0,26439.932415308438,0.0,347782.22229000006,69556.44445800001,0.31000000000000005,718749.9260660002,718749.9260660002,718749.9260660002
F034,low,7,4,forestry,537323.5334380501,15000.0,45000.0,4039.9342191729784,0.0,80598.53001570751,16119.706003141502,0.32000000000000006,171943.53070017605,171943.53070017605,171943.53070017605
F034,low,7,4,soil,1343308.8335951252,8000.0,25000.0,10099.835547932447,0.0,214929.41337522003,26866.176671902504,0.32999999999999996,443291.91508639127,443291.91508639127,443291.91508639127
F034,low,7,4,biodiversity,1518382.8221952005,10000.0,35000.0,11416.151237489137,0.0,212573.5951073281,60735.31288780802,0.30999999999999994,470698.67488051206,470698.67488051206,470698.67488051206
F034,low,7,4,beef,2985130.7413225006,12000.0,40000.0,22444.078995405438,0.0,447769.61119837506,89553.92223967501,0.31000000000000005,925390.5298099753,925390.5298099753,925390.5298099753
F034,low,8,5,forestry,691804.0493014895,15000.0,45000.0,3938.7541590917317,0.0,103770.60739522341,20754.121479044683,0.32000000000000006,221377.29577647668,221377.29577647668,221377.29577647668
F034,low,8,5,soil,2075412.1479044685,8000.0,25000.0,11816.262477275197,0.0,332065.943664715,41508.24295808937,0.32999999999999996,684886.0088084745,684886.0088084745,684886.0088084745
F034,low,8,5,biodiversity,1973897.6688537605,10000.0,35000.0,11238.294515143833,0.0,276345.6736395265,78955.90675415042,0.30999999999999994,611908.2773446656,611908.2773446656,611908.2773446656
F034,low,8,5,beef,3689621.5962746106,12000.0,40000.0,21006.688848489237,0.0,553443.2394411915,110688.64788823831,0.31000000000000005,1143782.6948451295,1143782.6948451295,1143782.6948451295
F034,low,9,6,forestry,855069.804936641,15000.0,45000.0,3871.129671180887,0.0,128260.47074049615,25652.09414809923,0.32000000000000006,273622.3375797252,273622.3375797252,273622.3375797252
F034,low,9,6,soil,2850232.6831221366,8000.0,25000.0,12903.765570602958,0.0,456037.22929954185,57004.65366244273,0.32999999999999996,940576.7854303049,940576.7854303049,940576.7854303049
F034,low,9,6,biodiversity,2463424.290729493,10000.0,35000.0,11152.580537278225,0.0,344879.40070212906,98536.97162917972,0.30999999999999994,763661.5301261427,763661.5301261427,763661.5301261427
F034,low,9,6,beef,4433695.2848566575,12000.0,40000.0,20072.524220937936,0.0,665054.2927284986,133010.8585456997,0.31000000000000005,1374445.538305564,1374445.538305564,1374445.538305564
F034,low,10,7,forestry,954115.3906751353,15000.0,45000.0,3772.860886455509,0.0,143117.30860127028,28623.461720254058,0.32000000000000006,305316.92501604336,305316.92501604336,305316.92501604336
F034,low,10,7,soil,3302707.1215677764,8000.0,25000.0,13059.903068499842,0.0,528433.1394508443,66054.14243135553,0.32999999999999996,1089893.350117366,1089893.350117366,1089893.350117366
F034,low,10,7,biodiversity,2988954.8060851186,10000.0,35000.0,11819.231499118963,0.0,418453.67285191664,119558.19224340474,0.30999999999999994,926575.9898863866,926575.9898863866,926575.9898863866
F034,low,10,7,beef,4892899.439359669,12000.0,40000.0,19348.004545925687,0.0,733934.9159039502,146786.98318079006,0.31000000000000005,1516798.8262014976,1516798.8262014976,1516798.8262014976
F035,medium,5,2,forestry,253239.48225000003,15000.0,45000.0,3315.9595063671095,0.0,37985.9223375,7597.1844675,0.32000000000000006,81036.63432000003,81036.63432000003,81036.63432000003
F035,medium,5,2,biodiversity,526436.3520000001,10000.0,35000.0,6893.244332999823,0.0,73701.08928000001,21057.454080000003,0.30999999999999994,163195.26911999998,163195.26911999998,163195.26911999998
F035,medium,5,2,beef,1969640.4175,12000.0,40000.0,25790.796160633072,0.0,295446.06262499996,59089.212524999995,0.31000000000000005,610588.5294250001,610588.5294250001,610588.5294250001
F035,medium,6,3,forestry,521673.33343500004,15000.0,45000.0,3867.921526795609,0.0,78251.00001525,15650.20000305,0.32000000000000006,166935.46669920004,166935.46669920004,166935.46669920004
F035,medium,6,3,soil,1304183.3335875,8000.0,25000.0,9669.803816989022,0.0,208669.333374,26083.66667175,0.32999999999999996,430380.50008387497,430380.50008387497,430380.50008387497
F035,medium,6,3,biodiversity,1459983.4828800003,10000.0,35000.0,10824.976436908873,0.0,204397.68760320006,58399.33931520001,0.30999999999999994,452594.8796928,452594.8796928,452594.8796928
F035,medium,6,3,beef,3188003.7043250003,12000.0,40000.0,23637.2982193065,0.0,478200.55564875004,95640.11112975,0.31000000000000005,988281.1483407503,988281.1483407503,988281.1483407503
F035,medium,7,4,forestry,805985.3001570752,15000.0,45000.0,3888.4203084604355,0.0,120897.79502356127,24179.559004712253,0.32000000000000006,257915.2960502641,257915.2960502641,257915.2960502641
F035,medium,7,4,soil,2686617.6671902505,8000.0,25000.0,12961.401028201451,0.0,429858.82675044006,53732.35334380501,0.32999999999999996,886583.8301727825,886583.8301727825,886583.8301727825
F035,medium,7,4,biodiversity,2277574.233292801,10000.0,35000.0,10987.999286135851,0.0,318860.39266099216,91102.96933171204,0.30999999999999994,706048.0123207681,706048.0123207681,706048.0123207681
F035,medium,7,4,beef,4179183.0378515003,12000.0,40000.0,20162.179377202254,0.0,626877.455677725,125375.491135545,0.31000000000000005,1295546.7417339652,1295546.7417339652,1295546.7417339652
F035,medium,8,5,forestry,1106886.4788823833,15000.0,45000.0,3894.3705703160476,0.0,166032.9718323575,33206.5943664715,0.32000000000000006,354203.67324236274,354203.67324236274,354203.67324236274
F035,medium,8,5,soil,4150824.295808937,8000.0,25000.0,14603.889638685177,0.0,664131.88732943,83016.48591617875,0.32999999999999996,1369772.017616949,1369772.017616949,1369772.017616949
F035,medium,8,5,biodiversity,3158236.2701660166,10000.0,35000.0,11111.656542284112,0.0,442153.07782324235,126329.45080664067,0.30999999999999994,979053.243751465,979053.243751465,979053.243751465
F035,medium,8,5,beef,5226963.928055699,12000.0,40000.0,18390.08324871467,0.0,784044.5892083548,156808.91784167098,0.31000000000000005,1620358.817697267,1620358.817697267,1620358.817697267
F035,medium,9,6,forestry,1353860.524483015,15000.0,45000.0,3863.3639948402597,0.0,203079.07867245225,40615.815734490454,0.32000000000000006,433235.3678345649,433235.3678345649,433235.3678345649
F035,medium,9,6,soil,5344186.280854006,8000.0,25000.0,15250.12103226418,0.0,855069.804936641,106883.72561708013,0.32999999999999996,1763581.4726818218,1763581.4726818218,1763581.4726818218
F035,medium,9,6,biodiversity,4105707.151215822,10000.0,35000.0,11716.00832916107,0.0,574799.0011702151,164228.28604863287,0.30999999999999994,1272769.2168769045,1272769.2168769045,1272769.2168769045
F035,medium,9,6,beef,6017157.886591177,12000.0,40000.0,17170.506643734487,0.0,902573.6829886766,180514.73659773532,0.31000000000000005,1865318.9448432652,1865318.9448432652,1865318.9448432652
F035,medium,10,7,forestry,1541263.3233982956,15000.0,45000.0,3786.074767080564,0.0,231189.49850974433,46237.89970194887,0.32000000000000006,493204.2634874547,493204.2634874547,493204.2634874547
F035,medium,10,7,soil,6238446.785183578,8000.0,25000.0,15324.58834294514,0.0,998151.4856293724,124768.93570367155,0.32999999999999996,2058687.4391105804,2058687.4391105804,2058687.4391105804
F035,medium,10,7,biodiversity,4910425.752854123,10000.0,35000.0,12062.33792517179,0.0,687459.6053995773,196417.03011416493,0.30999999999999994,1522231.9833847778,1522231.9833847778,1522231.9833847778
F035,medium,10,7,beef,6850059.215103536,12000.0,40000.0,16826.998964802508,0.0,1027508.8822655303,205501.77645310608,0.31000000000000005,2123518.3566820966,2123518.3566820966,2123518.3566820966
F036,medium,5,2,forestry,253239.48225000003,15000.0,45000.0,3315.9595063671095,0.0,37985.9223375,7597.1844675,0.32000000000000006,81036.63432000003,81036.63432000003,81036.63432000003
F036,medium,5,2,biodiversity,526436.3520000001,10000.0,35000.0,6893.244332999823,0.0,73701.08928000001,21057.454080000003,0.30999999999999994,163195.26911999998,163195.26911999998,163195.26911999998
F036,medium,5,2,beef,1969640.4175,12000.0,40000.0,25790.796160633072,0.0,295446.06262499996,59089.212524999995,0.31000000000000005,610588.5294250001,610588.5294250001,610588.5294250001
F036,medium,6,3,forestry,521673.33343500004,15000.0,45000.0,3867.921526795609,0.0,78251.00001525,15650.20000305,0.32000000000000006,166935.46669920004,166935.46669920004,166935.46669920004
F036,medium,6,3,soil,1304183.3335875,8000.0,25000.0,9669.803816989022,0.0,208669.333374,26083.66667175,0.32999999999999996,430380.50008387497,430380.50008387497,430380.50008387497
F036,medium,6,3,biodiversity,1459983.4828800003,10000.0,35000.0,10824.976436908873,0.0,204397.68760320006,58399.33931520001,0.30999999999999994,452594.8796928,452594.8796928,452594.8796928
F036,medium,6,3,beef,3188003.7043250003,12000.0,40000.0,23637.2982193065,0.0,478200.55564875004,95640.11112975,0.31000000000000005,988281.1483407503,988281.1483407503,988281.1483407503
F036,medium,7,4,forestry,805985.3001570752,15000.0,45000.0,3888.4203084604355,0.0,120897.79502356127,24179.559004712253,0.32000000000000006,257915.2960502641,257915.2960502641,257915.2960502641
F036,medium,7,4,soil,2686617.6671902505,8000.0,25000.0,12961.401028201451,0.0,429858.82675044006,53732.35334380501,0.32999999999999996,886583.8301727825,886583.8301727825,886583.8301727825
F036,medium,7,4,biodiversity,2277574.233292801,10000.0,35000.0,10987.999286135851,0.0,318860.39266099216,91102.96933171204,0.30999999999999994,706048.0123207681,706048.0123207681,706048.0123207681
F036,medium,7,4,beef,4179183.0378515003,12000.0,40000.0,20162.179377202254,0.0,626877.455677725,125375.491135545,0.31000000000000005,1295546.7417339652,1295546.7417339652,1295546.7417339652
F036,medium,8,5,forestry,1106886.4788823833,15000.0,45000.0,3894.3705703160476,0.0,166032.9718323575,33206.5943664715,0.32000000000000006,354203.67324236274,354203.67324236274,354203.67324236274
F036,medium,8,5,soil,4150824.295808937,8000.0,25000.0,14603.889638685177,0.0,664131.88732943,83016.48591617875,0.32999999999999996,1369772.017616949,1369772.017616949,1369772.017616949
F036,medium,8,5,biodiversity,3158236.2701660166,10000.0,35000.0,11111.656542284112,0.0,442153.07782324235,126329.45080664067,0.30999999999999994,979053.243751465,979053.243751465,979053.243751465
F036,medium,8,5,beef,5226963.928055699,12000.0,40000.0,18390.08324871467,0.0,784044.5892083548,156808.91784167098,0.31000000000000005,1620358.817697267,1620358.817697267,1620358.817697267
F036,medium,9,6,forestry,1353860.524483015,15000.0,45000.0,3863.3639948402597,0.0,203079.07867245225,40615.815734490454,0.32000000000000006,433235.3678345649,433235.3678345649,433235.3678345649
F036,medium,9,6,soil,5344186.280854006,8000.0,25000.0,15250.12103226418,0.0,855069.804936641,106883.72561708013,0.32999999999999996,1763581.4726818218,1763581.4726818218,1763581.4726818218
F036,medium,9,6,biodiversity,4105707.151215822,10000.0,35000.0,11716.00832916107,0.0,574799.0011702151,164228.28604863287,0.30999999999999994,1272769.2168769045,1272769.2168769045,1272769.2168769045
F036,medium,9,6,beef,6017157.886591177,12000.0,40000.0,17170.506643734487,0.0,902573.6829886766,180514.73659773532,0.31000000000000005,1865318.9448432652,1865318.9448432652,1865318.9448432652
F036,medium,10,7,forestry,1541263.3233982956,15000.0,45000.0,3786.074767080564,0.0,231189.49850974433,46237.89970194887,0.32000000000000006,493204.2634874547,493204.2634874547,493204.2634874547
F036,medium,10,7,soil,6238446.785183578,8000.0,25000.0,15324.58834294514,0.0,998151.4856293724,124768.93570367155,0.32999999999999996,2058687.4391105804,2058687.4391105804,2058687.4391105804
F036,medium,10,7,biodiversity,4910425.752854123,10000.0,35000.0,12062.33792517179,0.0,687459.6053995773,196417.03011416493,0.30999999999999994,1522231.9833847778,1522231.9833847778,1522231.9833847778
F036,medium,10,7,beef,6850059.215103536,12000.0,40000.0,16826.998964802508,0.0,1027508.8822655303,205501.77645310608,0.31000000000000005,2123518.3566820966,2123518.3566820966,2123518.3566820966
F037,medium,5,2,forestry,253239.48225000003,15000.0,45000.0,3315.9595063671095,0.0,37985.9223375,7597.1844675,0.32000000000000006,81036.63432000003,81036.63432000003,81036.63432000003
F037,medium,5,2,biodiversity,526436.3520000001,10000.0,35000.0,6893.244332999823,0.0,73701.08928000001,21057.454080000003,0.30999999999999994,163195.26911999998,163195.26911999998,163195.26911999998
F037,medium,5,2,beef,1969640.4175,12000.0,40000.0,25790.796160633072,0.0,295446.06262499996,59089.212524999995,0.31000000000000005,610588.5294250001,610588.5294250001,610588.5294250001
F037,medium,6,3,forestry,521673.33343500004,15000.0,45000.0,3867.921526795609,0.0,78251.00001525,15650.20000305,0.32000000000000006,166935.46669920004,166935.46669920004,166935.46669920004
F037,medium,6,3,soil,1304183.3335875,8000.0,25000.0,9669.803816989022,0.0,208669.333374,26083.66667175,0.32999999999999996,430380.50008387497,430380.50008387497,430380.50008387497
F037,medium,6,3,biodiversity,1459983.4828800003,10000.0,35000.0,10824.976436908873,0.0,204397.68760320006,58399.33931520001,0.30999999999999994,452594.8796928,452594.8796928,452594.8796928
F037,medium,6,3,beef,3188003.7043250003,12000.0,40000.0,23637.2982193065,0.0,478200.55564875004,95640.11112975,0.31000000000000005,988281.1483407503,988281.1483407503,988281.1483407503
F037,medium,7,4,forestry,805985.3001570752,15000.0,45000.0,3888.4203084604355,0.0,120897.79502356127,24179.559004712253,0.32000000000000006,257915.2960502641,257915.2960502641,257915.2960502641
F037,medium,7,4,soil,2686617.6671902505,8000.0,25000.0,12961.401028201451,0.0,429858.82675044006,53732.35334380501,0.32999999999999996,886583.8301727825,886583.8301727825,886583.8301727825
F037,medium,7,4,biodiversity,2277574.233292801,10000.0,35000.0,10987.999286135851,0.0,318860.39266099216,91102.96933171204,0.30999999999999994,706048.0123207681,706048.0123207681,706048.0123207681
F037,medium,7,4,beef,4179183.0378515003,12000.0,40000.0,20162.179377202254,0.0,626877.455677725,125375.491135545,0.31000000000000005,1295546.7417339652,1295546.7417339652,1295546.7417339652
F037,medium,8,5,forestry,1106886.4788823833,15000.0,45000.0,3894.3705703160476,0.0,166032.9718323575,33206.5943664715,0.32000000000000006,354203.67324236274,354203.67324236274,354203.67324236274
F037,medium,8,5,soil,4150824.295808937,8000.0,25000.0,14603.889638685177,0.0,664131.88732943,83016.48591617875,0.32999999999999996,1369772.017616949,1369772.017616949,1369772.017616949
F037,medium,8,5,biodiversity,3158236.2701660166,10000.0,35000.0,11111.656542284112,0.0,442153.07782324235,126329.45080664067,0.30999999999999994,979053.243751465,979053.243751465,979053.243751465
F037,medium,8,5,beef,5226963.928055699,12000.0,40000.0,18390.08324871467,0.0,784044.5892083548,156808.91784167098,0.31000000000000005,1620358.817697267,1620358.817697267,1620358.817697267
F037,medium,9,6,forestry,1353860.524483015,15000.0,45000.0,3863.3639948402597,0.0,203079.07867245225,40615.815734490454,0.32000000000000006,433235.3678345649,433235.3678345649,433235.3678345649
F037,medium,9,6,soil,5344186.280854006,8000.0,25000.0,15250.12103226418,0.0,855069.804936641,106883.72561708013,0.32999999999999996,1763581.4726818218,1763581.4726818218,1763581.4726818218
F037,medium,9,6,biodiversity,4105707.151215822,10000.0,35000.0,11716.00832916107,0.0,574799.0011702151,164228.28604863287,0.30999999999999994,1272769.2168769045,1272769.2168769045,1272769.2168769045
F037,medium,9,6,beef,6017157.886591177,12000.0,40000.0,17170.506643734487,0.0,902573.6829886766,180514.73659773532,0.31000000000000005,1865318.9448432652,1865318.9448432652,1865318.9448432652
F037,medium,10,7,forestry,1541263.3233982956,15000.0,45000.0,3786.074767080564,0.0,231189.49850974433,46237.89970194887,0.32000000000000006,493204.2634874547,493204.2634874547,493204.2634874547
F037,medium,10,7,soil,6238446.785183578,8000.0,25000.0,15324.58834294514,0.0,998151.4856293724,124768.93570367155,0.32999999999999996,2058687.4391105804,2058687.4391105804,2058687.4391105804
F037,medium,10,7,biodiversity,4910425.752854123,10000.0,35000.0,12062.33792517179,0.0,687459.6053995773,196417.03011416493,0.30999999999999994,1522231.9833847778,1522231.9833847778,1522231.9833847778
F037,medium,10,7,beef,6850059.215103536,12000.0,40000.0,16826.998964802508,0.0,1027508.8822655303,205501.77645310608,0.31000000000000005,2123518.3566820966,2123518.3566820966,2123518.3566820966
F038,high,5,2,forestry,379859.22337500006,15000.0,45000.0,3359.088061584871,0.0,56978.88350625001,11395.77670125,0.32000000000000006,121554.95148000005,121554.95148000005,121554.95148000005
F038,high,5,2,biodiversity,877393.9200000002,10000.0,35000.0,7758.778148897571,0.0,122835.14880000004,35095.75680000001,0.30999999999999994,271992.1152,271992.1152,271992.1152
F038,high,5,2,beef,2813772.025,12000.0,40000.0,24882.133789517557,0.0,422065.80374999996,84413.16075,0.31000000000000005,872269.3277500002,872269.3277500002,872269.3277500002
F038,high,6,3,forestry,782510.0001525001,15000.0,45000.0,3926.5150925822077,0.0,117376.50002287501,23475.300004575,0.32000000000000006,250403.2000488001,250403.2000488001,250403.2000488001
F038,high,6,3,soil,1956275.0003812502,8000.0,25000.0,9816.287731455519,0.0,313004.00006100006,39125.50000762501,0.32999999999999996,645570.7501258125,645570.7501258125,645570.7501258125
F038,high,6,3,biodiversity,2189975.22432,10000.0,35000.0,10988.959590289924,0.0,306596.5314048,87599.0089728,0.30999999999999994,678892.3195391999,678892.3195391999,678892.3195391999
F038,high,6,3,beef,4637096.297200001,12000.0,40000.0,23268.237585672345,0.0,695564.4445800001,139112.88891600003,0.31000000000000005,1437499.8521320005,1437499.8521320005,1437499.8521320005
F038,high,7,4,forestry,1208977.9502356127,15000.0,45000.0,3812.16869239669,0.0,181346.6925353419,36269.33850706838,0.32000000000000006,386872.9440753961,386872.9440753961,386872.9440753961
F038,high,7,4,soil,4029926.5007853755,8000.0,25000.0,12707.22897465563,0.0,644788.2401256601,80598.53001570751,0.32999999999999996,1329875.7452591737,1329875.7452591737,1329875.7452591737
F038,high,7,4,biodiversity,3416361.349939199,10000.0,35000.0,10772.525485360724,0.0,478290.5889914879,136654.45399756797,0.30999999999999994,1059072.0184811514,1059072.0184811514,1059072.0184811514
F038,high,7,4,beef,6567287.630909501,12000.0,40000.0,20708.076847586955,0.0,985093.1446364251,197018.62892728503,0.31000000000000005,2035859.1655819456,2035859.1655819456,2035859.1655819456
F038,high,8,5,forestry,1660329.7183235749,15000.0,45000.0,3865.3330715538395,0.0,249049.45774853622,49809.891549707245,0.32000000000000006,531305.509863544,531305.509863544,531305.509863544
F038,high,8,5,soil,6226236.443713405,8000.0,25000.0,14494.999018326895,0.0,996197.8309941449,124524.72887426811,0.32999999999999996,2054658.0264254236,2054658.0264254236,2054658.0264254236
F038,high,8,5,biodiversity,4737354.405249025,10000.0,35000.0,11028.804973008188,0.0,663229.6167348635,189494.176209961,0.30999999999999994,1468579.8656271973,1468579.8656271973,1468579.8656271973
F038,high,8,5,beef,7994180.125261657,12000.0,40000.0,18610.86293711108,0.0,1199127.0187892485,239825.4037578497,0.31000000000000005,2478195.838831114,2478195.838831114,2478195.838831114
F038,high,9,6,forestry,1995162.8781854957,15000.0,45000.0,3756.6851278036397,0.0,299274.4317278243,59854.88634556487,0.32000000000000006,638452.1210193587,638452.1210193587,638452.1210193587
F038,high,9,6,soil,7838139.878585876,8000.0,25000.0,14758.405859228582,0.0,1254102.3805737402,156762.79757171753,0.32999999999999996,2586586.159933339,2586586.159933339,2586586.159933339
F038,high,9,6,biodiversity,6158560.726823732,10000.0,35000.0,11595.932213902834,0.0,862198.5017553226,246342.4290729493,0.30999999999999994,1909153.8253153567,1909153.8253153567,1909153.8253153567
F038,high,9,6,beef,9500775.610407121,12000.0,40000.0,17888.97679906495,0.0,1425116.341561068,285023.26831221365,0.31000000000000005,2945240.4392262083,2945240.4392262083,2945240.4392262083
F038,high,10,7,forestry,2275198.239302246,15000.0,45000.0,3746.922061201465,0.0,341279.7358953369,68255.94717906737,0.32000000000000006,728063.4365767188,728063.4365767188,728063.4365767188
F038,high,10,7,soil,9174186.44879938,8000.0,25000.0,15108.556698393008,0.0,1467869.8318079007,183483.7289759876,0.32999999999999996,3027481.528103795,3027481.528103795,3027481.528103795
F038,high,10,7,biodiversity,7258890.243349574,10000.0,35000.0,11954.341174678379,0.0,1016244.6340689404,290355.60973398294,0.30999999999999994,2250255.9754383676,2250255.9754383676,2250255.9754383676
F038,high,10,7,beef,10438185.47063396,12000.0,40000.0,17190.180065727152,0.0,1565727.8205950938,313145.5641190188,0.31000000000000005,3235837.495896528,3235837.495896528,3235837.495896528
F039,high,5,2,forestry,379859.22337500006,15000.0,45000.0,3359.088061584871,0.0,56978.88350625001,11395.77670125,0.32000000000000006,121554.95148000005,121554.95148000005,121554.95148000005
F039,high,5,2,biodiversity,877393.9200000002,10000.0,35000.0,7758.778148897571,0.0,122835.14880000004,35095.75680000001,0.30999999999999994,271992.1152,271992.1152,271992.1152
F039,high,5,2,beef,2813772.025,12000.0,40000.0,24882.133789517557,0.0,422065.80374999996,84413.16075,0.31000000000000005,872269.3277500002,872269.3277500002,872269.3277500002
F039,high,6,3,forestry,782510.0001525001,15000.0,45000.0,3926.5150925822077,0.0,117376.50002287501,23475.300004575,0.32000000000000006,250403.2000488001,250403.2000488001,250403.2000488001
F039,high,6,3,soil,1956275.0003812502,8000.0,25000.0,9816.287731455519,0.0,313004.00006100006,39125.50000762501,0.32999999999999996,645570.7501258125,645570.7501258125,645570.7501258125
F039,high,6,3,biodiversity,2189975.22432,10000.0,35000.0,10988.959590289924,0.0,306596.5314048,87599.0089728,0.30999999999999994,678892.3195391999,678892.3195391999,678892.3195391999
F039,high,6,3,beef,4637096.297200001,12000.0,40000.0,23268.237585672345,0.0,695564.4445800001,139112.88891600003,0.31000000000000005,1437499.8521320005,1437499.8521320005,1437499.8521320005
F039,high,7,4,forestry,1208977.9502356127,15000.0,45000.0,3812.16869239669,0.0,181346.6925353419,36269.33850706838,0.32000000000000006,386872.9440753961,386872.9440753961,386872.9440753961
F039,high,7,4,soil,4029926.5007853755,8000.0,25000.0,12707.22897465563,0.0,644788.2401256601,80598.53001570751,0.32999999999999996,1329875.7452591737,1329875.7452591737,1329875.7452591737
F039,high,7,4,biodiversity,3416361.349939199,10000.0,35000.0,10772.525485360724,0.0,478290.5889914879,136654.45399756797,0.30999999999999994,1059072.0184811514,1059072.0184811514,1059072.0184811514
F039,high,7,4,beef,6567287.630909501,12000.0,40000.0,20708.076847586955,0.0,985093.1446364251,197018.62892728503,0.31000000000000005,2035859.1655819456,2035859.1655819456,2035859.1655819456
F039,high,8,5,forestry,1660329.7183235749,15000.0,45000.0,3865.3330715538395,0.0,249049.45774853622,49809.891549707245,0.32000000000000006,531305.509863544,531305.509863544,531305.509863544
F039,high,8,5,soil,6226236.443713405,8000.0,25000.0,14494.999018326895,0.0,996197.8309941449,124524.72887426811,0.32999999999999996,2054658.0264254236,2054658.0264254236,2054658.0264254236
F039,high,8,5,biodiversity,4737354.405249025,10000.0,35000.0,11028.804973008188,0.0,663229.6167348635,189494.176209961,0.30999999999999994,1468579.8656271973,1468579.8656271973,1468579.8656271973
F039,high,8,5,beef,7994180.125261657,12000.0,40000.0,18610.86293711108,0.0,1199127.0187892485,239825.4037578497,0.31000000000000005,2478195.838831114,2478195.838831114,2478195.838831114
F039,high,9,6,forestry,1995162.8781854957,15000.0,45000.0,3756.6851278036397,0.0,299274.4317278243,59854.88634556487,0.32000000000000006,638452.1210193587,638452.1210193587,638452.1210193587
F039,high,9,6,soil,7838139.878585876,8000.0,25000.0,14758.405859228582,0.0,1254102.3805737402,156762.79757171753,0.32999999999999996,2586586.159933339,2586586.159933339,2586586.159933339
F039,high,9,6,biodiversity,6158560.726823732,10000.0,35000.0,11595.932213902834,0.0,862198.5017553226,246342.4290729493,0.30999999999999994,1909153.8253153567,1909153.8253153567,1909153.8253153567
F039,high,9,6,beef,9500775.610407121,12000.0,40000.0,17888.97679906495,0.0,1425116.341561068,285023.26831221365,0.31000000000000005,2945240.4392262083,2945240.4392262083,2945240.4392262083
F039,high,10,7,forestry,2275198.239302246,15000.0,45000.0,3746.922061201465,0.0,341279.7358953369,68255.94717906737,0.32000000000000006,728063.4365767188,728063.4365767188,728063.4365767188
F039,high,10,7,soil,9174186.44879938,8000.0,25000.0,15108.556698393008,0.0,1467869.8318079007,183483.7289759876,0.32999999999999996,3027481.528103795,3027481.528103795,3027481.528103795
F039,high,10,7,biodiversity,7258890.243349574,10000.0,35000.0,11954.341174678379,0.0,1016244.6340689404,290355.60973398294,0.30999999999999994,2250255.9754383676,2250255.9754383676,2250255.9754383676
F039,high,10,7,beef,10438185.47063396,12000.0,40000.0,17190.180065727152,0.0,1565727.8205950938,313145.5641190188,0.31000000000000005,3235837.495896528,3235837.495896528,3235837.495896528
F040,high,5,2,forestry,379859.22337500006,15000.0,45000.0,3359.088061584871,0.0,56978.88350625001,11395.77670125,0.32000000000000006,121554.95148000005,121554.95148000005,121554.95148000005
F040,high,5,2,biodiversity,877393.9200000002,10000.0,35000.0,7758.778148897571,0.0,122835.14880000004,35095.75680000001,0.30999999999999994,271992.1152,271992.1152,271992.1152
F040,high,5,2,beef,2813772.025,12000.0,40000.0,24882.133789517557,0.0,422065.80374999996,84413.16075,0.31000000000000005,872269.3277500002,872269.3277500002,872269.3277500002
F040,high,6,3,forestry,782510.0001525001,15000.0,45000.0,3926.5150925822077,0.0,117376.50002287501,23475.300004575,0.32000000000000006,250403.2000488001,250403.2000488001,250403.2000488001
F040,high,6,3,soil,1956275.0003812502,8000.0,25000.0,9816.287731455519,0.0,313004.00006100006,39125.50000762501,0.32999999999999996,645570.7501258125,645570.7501258125,645570.7501258125
F040,high,6,3,biodiversity,2189975.22432,10000.0,35000.0,10988.959590289924,0.0,306596.5314048,87599.0089728,0.30999999999999994,678892.3195391999,678892.3195391999,678892.3195391999
F040,high,6,3,beef,4637096.297200001,12000.0,40000.0,23268.237585672345,0.0,695564.4445800001,139112.88891600003,0.31000000000000005,1437499.8521320005,1437499.8521320005,1437499.8521320005
F040,high,7,4,forestry,1208977.9502356127,15000.0,45000.0,3812.16869239669,0.0,181346.6925353419,36269.33850706838,0.32000000000000006,386872.9440753961,386872.9440753961,386872.9440753961
F040,high,7,4,soil,4029926.5007853755,8000.0,25000.0,12707.22897465563,0.0,644788.2401256601,80598.53001570751,0.32999999999999996,1329875.7452591737,1329875.7452591737,1329875.7452591737
F040,high,7,4,biodiversity,3416361.349939199,10000.0,35000.0,10772.525485360724,0.0,478290.5889914879,136654.45399756797,0.30999999999999994,1059072.0184811514,1059072.0184811514,1059072.0184811514
F040,high,7,4,beef,6567287.630909501,12000.0,40000.0,20708.076847586955,0.0,985093.1446364251,197018.62892728503,0.31000000000000005,2035859.1655819456,2035859.1655819456,2035859.1655819456
F040,high,8,5,forestry,1660329.7183235749,15000.0,45000.0,3865.3330715538395,0.0,249049.45774853622,49809.891549707245,0.32000000000000006,531305.509863544,531305.509863544,531305.509863544
F040,high,8,5,soil,6226236.443713405,8000.0,25000.0,14494.999018326895,0.0,996197.8309941449,124524.72887426811,0.32999999999999996,2054658.0264254236,2054658.0264254236,2054658.0264254236
F040,high,8,5,biodiversity,4737354.405249025,10000.0,35000.0,11028.804973008188,0.0,663229.6167348635,189494.176209961,0.30999999999999994,1468579.8656271973,1468579.8656271973,1468579.8656271973
F040,high,8,5,beef,7994180.125261657,12000.0,40000.0,18610.86293711108,0.0,1199127.0187892485,239825.4037578497,0.31000000000000005,2478195.838831114,2478195.838831114,2478195.838831114
F040,high,9,6,forestry,1995162.8781854957,15000.0,45000.0,3756.6851278036397,0.0,299274.4317278243,59854.88634556487,0.32000000000000006,638452.1210193587,638452.1210193587,638452.1210193587
F040,high,9,6,soil,7838139.878585876,8000.0,25000.0,14758.405859228582,0.0,1254102.3805737402,156762.79757171753,0.32999999999999996,2586586.159933339,2586586.159933339,2586586.159933339
F040,high,9,6,biodiversity,6158560.726823732,10000.0,35000.0,11595.932213902834,0.0,862198.5017553226,246342.4290729493,0.30999999999999994,1909153.8253153567,1909153.8253153567,1909153.8253153567
F040,high,9,6,beef,9500775.610407121,12000.0,40000.0,17888.97679906495,0.0,1425116.341561068,285023.26831221365,0.31000000000000005,2945240.4392262083,2945240.4392262083,2945240.4392262083
F040,high,10,7,forestry,2275198.239302246,15000.0,45000.0,3746.922061201465,0.0,341279.7358953369,68255.94717906737,0.32000000000000006,728063.4365767188,728063.4365767188,728063.4365767188
F040,high,10,7,soil,9174186.44879938,8000.0,25000.0,15108.556698393008,0.0,1467869.8318079007,183483.7289759876,0.32999999999999996,3027481.528103795,3027481.528103795,3027481.528103795
F040,high,10,7,biodiversity,7258890.243349574,10000.0,35000.0,11954.341174678379,0.0,1016244.6340689404,290355.60973398294,0.30999999999999994,2250255.9754383676,2250255.9754383676,2250255.9754383676
F040,high,10,7,beef,10438185.47063396,12000.0,40000.0,17190.180065727152,0.0,1565727.8205950938,313145.5641190188,0.31000000000000005,3235837.495896528,3235837.495896528,3235837.495896528
F041,low,6,2,forestry,195627.50003812503,15000.0,45000.0,3504.271314360784,0.0,29344.125005718754,5868.82500114375,0.32000000000000006,62600.80001220002,62600.80001220002,62600.80001220002
F041,low,6,2,biodiversity,364995.87072000006,10000.0,35000.0,6538.163394077855,0.0,51099.421900800015,14599.834828800003,0.30999999999999994,113148.7199232,113148.7199232,113148.7199232
F041,low,6,2,beef,1449092.5928750003,12000.0,40000.0,25957.56529156136,0.0,217363.88893125005,43472.77778625001,0.31000000000000005,449218.7037912502,449218.7037912502,449218.7037912502
F041,low,7,3,forestry,335827.2083987813,15000.0,45000.0,3710.306350864024,0.0,50374.0812598172,10074.816251963439,0.32000000000000006,107464.70668761004,107464.70668761004,107464.70668761004
F041,low,7,3,soil,671654.4167975626,8000.0,25000.0,7420.612701728048,0.0,107464.70668761001,13433.088335951252,0.32999999999999996,221645.95754319563,221645.95754319563,221645.95754319563
F041,low,7,3,biodiversity,948989.2638720003,10000.0,35000.0,10484.680230152653,0.0,132858.49694208006,37959.57055488001,0.30999999999999994,294186.67180032004,294186.67180032004,294186.67180032004
F041,low,7,3,beef,2388104.5930580003,12000.0,40000.0,26384.40071725528,0.0,358215.68895870005,71643.13779174001,0.31000000000000005,740312.4238479802,740312.4238479802,740312.4238479802
F041,low,8,4,forestry,553443.2394411917,15000.0,45000.0,4030.627129994592,0.0,83016.48591617875,16603.29718323575,0.32000000000000006,177101.83662118137,177101.83662118137,177101.83662118137
F041,low,8,4,soil,1383608.098602979,8000.0,25000.0,10076.56782498648,0.0,221377.29577647665,27672.16197205958,0.32999999999999996,456590.672538983,456590.672538983,456590.672538983
F041,low,8,4,biodiversity,1579118.1350830083,10000.0,35000.0,11500.432100604528,0.0,221076.53891162117,63164.725403320335,0.30999999999999994,489526.6218757325,489526.6218757325,489526.6218757325
F041,low,8,4,beef,3074684.663562176,12000.0,40000.0,22392.3729444144,0.0,461202.6995343264,92240.53990686528,0.31000000000000005,953152.2457042746,953152.2457042746,953152.2457042746
F041,low,9,5,forestry,712558.1707805342,15000.0,45000.0,3929.821212453905,0.0,106883.72561708013,21376.745123416025,0.32000000000000006,228018.61464977099,228018.61464977099,228018.61464977099
F041,low,9,5,soil,2137674.5123416027,8000.0,25000.0,11789.463637361716,0.0,342027.92197465646,42753.49024683206,0.32999999999999996,705432.5890727288,705432.5890727288,705432.5890727288
F041,low,9,5,biodiversity,2052853.575607911,10000.0,35000.0,11321.668683763553,0.0,287399.50058510754,82114.14302431644,0.30999999999999994,636384.6084384522,636384.6084384522,636384.6084384522
F041,low,9,5,beef,3800310.2441628487,12000.0,40000.0,20959.046466420827,0.0,570046.5366244273,114009.30732488546,0.31000000000000005,1178096.1756904833,1178096.1756904833,1178096.1756904833
F041,low,10,6,forestry,880721.8990847403,15000.0,45000.0,3862.416905080067,0.0,132108.28486271104,26421.65697254221,0.32000000000000006,281831.00770711695,281831.00770711695,281831.00770711695
F041,low,10,6,soil,2935739.663615801,8000.0,25000.0,12874.723016933556,0.0,469718.34617852815,58714.79327231602,0.32999999999999996,968794.0889932142,968794.0889932142,968794.0889932142
F041,low,10,6,biodiversity,2561961.262358673,10000.0,35000.0,11235.513162756393,0.0,358674.57673021423,102478.45049434692,0.30999999999999994,794207.9913311885,794207.9913311885,794207.9913311885
F041,low,10,6,beef,4566706.143402358,12000.0,40000.0,20027.34691522998,0.0,685005.9215103536,137001.18430207073,0.31000000000000005,1415678.9044547311,1415678.9044547311,1415678.9044547311
F042,low,6,2,forestry,195627.50003812503,15000.0,45000.0,3504.271314360784,0.0,29344.125005718754,5868.82500114375,0.32000000000000006,62600.80001220002,62600.80001220002,62600.80001220002
F042,low,6,2,biodiversity,364995.87072000006,10000.0,35000.0,6538.163394077855,0.0,51099.421900800015,14599.834828800003,0.30999999999999994,113148.7199232,113148.7199232,113148.7199232
F042,low,6,2,beef,1449092.5928750003,12000.0,40000.0,25957.56529156136,0.0,217363.88893125005,43472.77778625001,0.31000000000000005,449218.7037912502,449218.7037912502,449218.7037912502
F042,low,7,3,forestry,335827.2083987813,15000.0,45000.0,3710.306350864024,0.0,50374.0812598172,10074.816251963439,0.32000000000000006,107464.70668761004,107464.70668761004,107464.70668761004
F042,low,7,3,soil,671654.4167975626,8000.0,25000.0,7420.612701728048,0.0,107464.70668761001,13433.088335951252,0.32999999999999996,221645.95754319563,221645.95754319563,221645.95754319563
F042,low,7,3,biodiversity,948989.2638720003,10000.0,35000.0,10484.680230152653,0.0,132858.49694208006,37959.57055488001,0.30999999999999994,294186.67180032004,294186.67180032004,294186.67180032004
F042,low,7,3,beef,2388104.5930580003,12000.0,40000.0,26384.40071725528,0.0,358215.68895870005,71643.13779174001,0.31000000000000005,740312.4238479802,740312.4238479802,740312.4238479802
F042,low,8,4,forestry,553443.2394411917,15000.0,45000.0,4030.627129994592,0.0,83016.48591617875,16603.29718323575,0.32000000000000006,177101.83662118137,177101.83662118137,177101.83662118137
F042,low,8,4,soil,1383608.098602979,8000.0,25000.0,10076.56782498648,0.0,221377.29577647665,27672.16197205958,0.32999999999999996,456590.672538983,456590.672538983,456590.672538983
F042,low,8,4,biodiversity,1579118.1350830083,10000.0,35000.0,11500.432100604528,0.0,221076.53891162117,63164.725403320335,0.30999999999999994,489526.6218757325,489526.6218757325,489526.6218757325
F042,low,8,4,beef,3074684.663562176,12000.0,40000.0,22392.3729444144,0.0,461202.6995343264,92240.53990686528,0.31000000000000005,953152.2457042746,953152.2457042746,953152.2457042746
F042,low,9,5,forestry,712558.1707805342,15000.0,45000.0,3929.821212453905,0.0,106883.72561708013,21376.745123416025,0.32000000000000006,228018.61464977099,228018.61464977099,228018.61464977099
F042,low,9,5,soil,2137674.5123416027,8000.0,25000.0,11789.463637361716,0.0,342027.92197465646,42753.49024683206,0.32999999999999996,705432.5890727288,705432.5890727288,705432.5890727288
F042,low,9,5,biodiversity,2052853.575607911,10000.0,35000.0,11321.668683763553,0.0,287399.50058510754,82114.14302431644,0.30999999999999994,636384.6084384522,636384.6084384522,636384.6084384522
F042,low,9,5,beef,3800310.2441628487,12000.0,40000.0,20959.046466420827,0.0,570046.5366244273,114009.30732488546,0.31000000000000005,1178096.1756904833,1178096.1756904833,1178096.1756904833
F042,low,10,6,forestry,880721.8990847403,15000.0,45000.0,3862.416905080067,0.0,132108.28486271104,26421.65697254221,0.32000000000000006,281831.00770711695,281831.00770711695,281831.00770711695
F042,low,10,6,soil,2935739.663615801,8000.0,25000.0,12874.723016933556,0.0,469718.34617852815,58714.79327231602,0.32999999999999996,968794.0889932142,968794.0889932142,968794.0889932142
F042,low,10,6,biodiversity,2561961.262358673,10000.0,35000.0,11235.513162756393,0.0,358674.57673021423,102478.45049434692,0.30999999999999994,794207.9913311885,794207.9913311885,794207.9913311885
F042,low,10,6,beef,4566706.143402358,12000.0,40000.0,20027.34691522998,0.0,685005.9215103536,137001.18430207073,0.31000000000000005,1415678.9044547311,1415678.9044547311,1415678.9044547311
F043,low,6,2,forestry,195627.50003812503,15000.0,45000.0,3504.271314360784,0.0,29344.125005718754,5868.82500114375,0.32000000000000006,62600.80001220002,62600.80001220002,62600.80001220002
F043,low,6,2,biodiversity,364995.87072000006,10000.0,35000.0,6538.163394077855,0.0,51099.421900800015,14599.834828800003,0.30999999999999994,113148.7199232,113148.7199232,113148.7199232
F043,low,6,2,beef,1449092.5928750003,12000.0,40000.0,25957.56529156136,0.0,217363.88893125005,43472.77778625001,0.31000000000000005,449218.7037912502,449218.7037912502,449218.7037912502
F043,low,7,3,forestry,335827.2083987813,15000.0,45000.0,3710.306350864024,0.0,50374.0812598172,10074.816251963439,0.32000000000000006,107464.70668761004,107464.70668761004,107464.70668761004
F043,low,7,3,soil,671654.4167975626,8000.0,25000.0,7420.612701728048,0.0,107464.70668761001,13433.088335951252,0.32999999999999996,221645.95754319563,221645.95754319563,221645.95754319563
F043,low,7,3,biodiversity,948989.2638720003,10000.0,35000.0,10484.680230152653,0.0,132858.49694208006,37959.57055488001,0.30999999999999994,294186.67180032004,294186.67180032004,294186.67180032004
F043,low,7,3,beef,2388104.5930580003,12000.0,40000.0,26384.40071725528,0.0,358215.68895870005,71643.13779174001,0.31000000000000005,740312.4238479802,740312.4238479802,740312.4238479802
F043,low,8,4,forestry,553443.2394411917,15000.0,45000.0,4030.627129994592,0.0,83016.48591617875,16603.29718323575,0.32000000000000006,177101.83662118137,177101.83662118137,177101.83662118137
F043,low,8,4,soil,1383608.098602979,8000.0,25000.0,10076.56782498648,0.0,221377.29577647665,27672.16197205958,0.32999999999999996,456590.672538983,456590.672538983,456590.672538983
F043,low,8,4,biodiversity,1579118.1350830083,10000.0,35000.0,11500.432100604528,0.0,221076.53891162117,63164.725403320335,0.30999999999999994,489526.6218757325,489526.6218757325,489526.6218757325
F043,low,8,4,beef,3074684.663562176,12000.0,40000.0,22392.3729444144,0.0,461202.6995343264,92240.53990686528,0.31000000000000005,953152.2457042746,953152.2457042746,953152.2457042746
F043,low,9,5,forestry,712558.1707805342,15000.0,45000.0,3929.821212453905,0.0,106883.72561708013,21376.745123416025,0.32000000000000006,228018.61464977099,228018.61464977099,228018.61464977099
F043,low,9,5,soil,2137674.5123416027,8000.0,25000.0,11789.463637361716,0.0,342027.92197465646,42753.49024683206,0.32999999999999996,705432.5890727288,705432.5890727288,705432.5890727288
F043,low,9,5,biodiversity,2052853.575607911,10000.0,35000.0,11321.668683763553,0.0,287399.50058510754,82114.14302431644,0.30999999999999994,636384.6084384522,636384.6084384522,636384.6084384522
F043,low,9,5,beef,3800310.2441628487,12000.0,40000.0,20959.046466420827,0.0,570046.5366244273,114009.30732488546,0.31000000000000005,1178096.1756904833,1178096.1756904833,1178096.1756904833
F043,low,10,6,forestry,880721.8990847403,15000.0,45000.0,3862.416905080067,0.0,132108.28486271104,26421.65697254221,0.32000000000000006,281831.00770711695,281831.00770711695,281831.00770711695
F043,low,10,6,soil,2935739.663615801,8000.0,25000.0,12874.723016933556,0.0,469718.34617852815,58714.79327231602,0.32999999999999996,968794.0889932142,968794.0889932142,968794.0889932142
F043,low,10,6,biodiversity,2561961.262358673,10000.0,35000.0,11235.513162756393,0.0,358674.57673021423,102478.45049434692,0.30999999999999994,794207.9913311885,794207.9913311885,794207.9913311885
F043,low,10,6,beef,4566706.143402358,12000.0,40000.0,20027.34691522998,0.0,685005.9215103536,137001.18430207073,0.31000000000000005,1415678.9044547311,1415678.9044547311,1415678.9044547311
F044,low,6,2,forestry,195627.50003812503,15000.0,45000.0,3504.271314360784,0.0,29344.125005718754,5868.82500114375,0.32000000000000006,62600.80001220002,62600.80001220002,62600.80001220002
F044,low,6,2,biodiversity,364995.87072000006,10000.0,35000.0,6538.163394077855,0.0,51099.421900800015,14599.834828800003,0.30999999999999994,113148.7199232,113148.7199232,113148.7199232
F044,low,6,2,beef,1449092.5928750003,12000.0,40000.0,25957.56529156136,0.0,217363.88893125005,43472.77778625001,0.31000000000000005,449218.7037912502,449218.7037912502,449218.7037912502
F044,low,7,3,forestry,335827.2083987813,15000.0,45000.0,3710.306350864024,0.0,50374.0812598172,10074.816251963439,0.32000000000000006,107464.70668761004,107464.70668761004,107464.70668761004
F044,low,7,3,soil,671654.4167975626,8000.0,25000.0,7420.612701728048,0.0,107464.70668761001,13433.088335951252,0.32999999999999996,221645.95754319563,221645.95754319563,221645.95754319563
F044,low,7,3,biodiversity,948989.2638720003,10000.0,35000.0,10484.680230152653,0.0,132858.49694208006,37959.57055488001,0.30999999999999994,294186.67180032004,294186.67180032004,294186.67180032004
F044,low,7,3,beef,2388104.5930580003,12000.0,40000.0,26384.40071725528,0.0,358215.68895870005,71643.13779174001,0.31000000000000005,740312.4238479802,740312.4238479802,740312.4238479802
F044,low,8,4,forestry,553443.2394411917,15000.0,45000.0,4030.627129994592,0.0,83016.48591617875,16603.29718323575,0.32000000000000006,177101.83662118137,177101.83662118137,177101.83662118137
F044,low,8,4,soil,1383608.098602979,8000.0,25000.0,10076.56782498648,0.0,221377.29577647665,27672.16197205958,0.32999999999999996,456590.672538983,456590.672538983,456590.672538983
F044,low,8,4,biodiversity,1579118.1350830083,10000.0,35000.0,11500.432100604528,0.0,221076.53891162117,63164.725403320335,0.30999999999999994,489526.6218757325,489526.6218757325,489526.6218757325
F044,low,8,4,beef,3074684.663562176,12000.0,40000.0,22392.3729444144,0.0,461202.6995343264,92240.53990686528,0.31000000000000005,953152.2457042746,953152.2457042746,953152.2457042746
F044,low,9,5,forestry,712558.1707805342,15000.0,45000.0,3929.821212453905,0.0,106883.72561708013,21376.745123416025,0.32000000000000006,228018.61464977099,228018.61464977099,228018.61464977099
F044,low,9,5,soil,2137674.5123416027,8000.0,25000.0,11789.463637361716,0.0,342027.92197465646,42753.49024683206,0.32999999999999996,705432.5890727288,705432.5890727288,705432.5890727288
F044,low,9,5,biodiversity,2052853.575607911,10000.0,35000.0,11321.668683763553,0.0,287399.50058510754,82114.14302431644,0.30999999999999994,636384.6084384522,636384.6084384522,636384.6084384522
F044,low,9,5,beef,3800310.2441628487,12000.0,40000.0,20959.046466420827,0.0,570046.5366244273,114009.30732488546,0.31000000000000005,1178096.1756904833,1178096.1756904833,1178096.1756904833
F044,low,10,6,forestry,880721.8990847403,15000.0,45000.0,3862.416905080067,0.0,132108.28486271104,26421.65697254221,0.32000000000000006,281831.00770711695,281831.00770711695,281831.00770711695
F044,low,10,6,soil,2935739.663615801,8000.0,25000.0,12874.723016933556,0.0,469718.34617852815,58714.79327231602,0.32999999999999996,968794.0889932142,968794.0889932142,968794.0889932142
F044,low,10,6,biodiversity,2561961.262358673,10000.0,35000.0,11235.513162756393,0.0,358674.57673021423,102478.45049434692,0.30999999999999994,794207.9913311885,794207.9913311885,794207.9913311885
F044,low,10,6,beef,4566706.143402358,12000.0,40000.0,20027.34691522998,0.0,685005.9215103536,137001.18430207073,0.31000000000000005,1415678.9044547311,1415678.9044547311,1415678.9044547311
F045,medium,6,2,forestry,260836.66671750002,15000.0,45000.0,3309.8065114969086,0.0,39125.500007625,7825.100001525,0.32000000000000006,83467.73334960002,83467.73334960002,83467.73334960002
F045,medium,6,2,biodiversity,547493.80608,10000.0,35000.0,6947.253954638245,0.0,76649.1328512,21899.7522432,0.30999999999999994,169723.07988479998,169723.07988479998,169723.07988479998
F045,medium,6,2,beef,2028729.6300250003,12000.0,40000.0,25742.939533864846,0.0,304309.44450375,60861.888900750004,0.31000000000000005,628906.1853077502,628906.1853077502,628906.1853077502
F045,medium,7,3,forestry,537323.5334380501,15000.0,45000.0,3859.471145684976,0.0,80598.53001570751,16119.706003141502,0.32000000000000006,171943.53070017605,171943.53070017605,171943.53070017605
F045,medium,7,3,soil,1343308.8335951252,8000.0,25000.0,9648.677864212439,0.0,214929.41337522003,26866.176671902504,0.32999999999999996,443291.91508639127,443291.91508639127,443291.91508639127
F045,medium,7,3,biodiversity,1518382.8221952005,10000.0,35000.0,10906.193988694402,0.0,212573.5951073281,60735.31288780802,0.30999999999999994,470698.67488051206,470698.67488051206,470698.67488051206
F045,medium,7,3,beef,3283643.8154547503,12000.0,40000.0,23585.657001408184,0.0,492546.57231821254,98509.31446364251,0.31000000000000005,1017929.5827909728,1017929.5827909728,1017929.5827909728
F045,medium,8,4,forestry,830164.8591617874,15000.0,45000.0,3879.7974904879775,0.0,124524.72887426811,24904.945774853622,0.32000000000000006,265652.754931772,265652.754931772,265652.754931772
F045,medium,8,4,soil,2767216.197205958,8000.0,25000.0,12932.65830162659,0.0,442754.5915529533,55344.32394411916,0.32999999999999996,913181.345077966,913181.345077966,913181.345077966
F045,medium,8,4,biodiversity,2368677.2026245124,10000.0,35000.0,11070.075738688507,0.0,331614.80836743175,94747.0881049805,0.30999999999999994,734289.9328135987,734289.9328135987,734289.9328135987
F045,medium,8,4,beef,4304558.528987045,12000.0,40000.0,20117.468469196916,0.0,645683.7793480568,129136.75586961136,0.31000000000000005,1334413.1439859844,1334413.1439859844,1334413.1439859844
F045,medium,9,5,forestry,1140093.0732488546,15000.0,45000.0,3885.637586838551,0.0,171013.96098732817,34202.792197465635,0.32000000000000006,364829.78343963355,364829.78343963355,364829.78343963355
F045,medium,9,5,soil,4275349.024683205,8000.0,25000.0,14571.14095064457,0.0,684055.8439493129,85506.98049366412,0.32999999999999996,1410865.1781454575,1410865.1781454575,1410865.1781454575
F045,medium,9,5,biodiversity,3284565.720972657,10000.0,35000.0,11194.377302445946,0.0,459839.20093617204,131382.6288389063,0.30999999999999994,1018215.3735015235,1018215.3735015235,1018215.3735015235
F045,medium,9,5,beef,5383772.845897369,12000.0,40000.0,18348.844160070934,0.0,807565.9268846053,161513.18537692106,0.31000000000000005,1668969.5822281847,1668969.5822281847,1668969.5822281847
F045,medium,10,6,forestry,1394476.3402175056,15000.0,45000.0,3854.2304600158154,0.0,209171.45103262583,41834.29020652517,0.32000000000000006,446232.42886960186,446232.42886960186,446232.42886960186
F045,medium,10,6,soil,5504511.869279627,8000.0,25000.0,15214.067605325587,0.0,880721.8990847403,110090.23738559254,0.32999999999999996,1816488.9168622766,1816488.9168622766,1816488.9168622766
F045,medium,10,6,biodiversity,4269935.437264455,10000.0,35000.0,11801.78877903275,0.0,597790.9612170237,170797.4174905782,0.30999999999999994,1323679.9855519806,1323679.9855519806,1323679.9855519806
F045,medium,10,6,beef,6197672.623188914,12000.0,40000.0,17129.913155625847,0.0,929650.8934783371,185930.17869566742,0.31000000000000005,1921278.5131885635,1921278.5131885635,1921278.5131885635
F046,medium,6,2,forestry,260836.66671750002,15000.0,45000.0,3309.8065114969086,0.0,39125.500007625,7825.100001525,0.32000000000000006,83467.73334960002,83467.73334960002,83467.73334960002
F046,medium,6,2,biodiversity,547493.80608,10000.0,35000.0,6947.253954638245,0.0,76649.1328512,21899.7522432,0.30999999999999994,169723.07988479998,169723.07988479998,169723.07988479998
F046,medium,6,2,beef,2028729.6300250003,12000.0,40000.0,25742.939533864846,0.0,304309.44450375,60861.888900750004,0.31000000000000005,628906.1853077502,628906.1853077502,628906.1853077502
F046,medium,7,3,forestry,537323.5334380501,15000.0,45000.0,3859.471145684976,0.0,80598.53001570751,16119.706003141502,0.32000000000000006,171943.53070017605,171943.53070017605,171943.53070017605
F046,medium,7,3,soil,1343308.8335951252,8000.0,25000.0,9648.677864212439,0.0,214929.41337522003,26866.176671902504,0.32999999999999996,443291.91508639127,443291.91508639127,443291.91508639127
F046,medium,7,3,biodiversity,1518382.8221952005,10000.0,35000.0,10906.193988694402,0.0,212573.5951073281,60735.31288780802,0.30999999999999994,470698.67488051206,470698.67488051206,470698.67488051206
F046,medium,7,3,beef,3283643.8154547503,12000.0,40000.0,23585.657001408184,0.0,492546.57231821254,98509.31446364251,0.31000000000000005,1017929.5827909728,1017929.5827909728,1017929.5827909728
F046,medium,8,4,forestry,830164.8591617874,15000.0,45000.0,3879.7974904879775,0.0,124524.72887426811,24904.945774853622,0.32000000000000006,265652.754931772,265652.754931772,265652.754931772
F046,medium,8,4,soil,2767216.197205958,8000.0,25000.0,12932.65830162659,0.0,442754.5915529533,55344.32394411916,0.32999999999999996,913181.345077966,913181.345077966,913181.345077966
F046,medium,8,4,biodiversity,2368677.2026245124,10000.0,35000.0,11070.075738688507,0.0,331614.80836743175,94747.0881049805,0.30999999999999994,734289.9328135987,734289.9328135987,734289.9328135987
F046,medium,8,4,beef,4304558.528987045,12000.0,40000.0,20117.468469196916,0.0,645683.7793480568,129136.75586961136,0.31000000000000005,1334413.1439859844,1334413.1439859844,1334413.1439859844
F046,medium,9,5,forestry,1140093.0732488546,15000.0,45000.0,3885.637586838551,0.0,171013.96098732817,34202.792197465635,0.32000000000000006,364829.78343963355,364829.78343963355,364829.78343963355
F046,medium,9,5,soil,4275349.024683205,8000.0,25000.0,14571.14095064457,0.0,684055.8439493129,85506.98049366412,0.32999999999999996,1410865.1781454575,1410865.1781454575,1410865.1781454575
F046,medium,9,5,biodiversity,3284565.720972657,10000.0,35000.0,11194.377302445946,0.0,459839.20093617204,131382.6288389063,0.30999999999999994,1018215.3735015235,1018215.3735015235,1018215.3735015235
F046,medium,9,5,beef,5383772.845897369,12000.0,40000.0,18348.844160070934,0.0,807565.9268846053,161513.18537692106,0.31000000000000005,1668969.5822281847,1668969.5822281847,1668969.5822281847
F046,medium,10,6,forestry,1394476.3402175056,15000.0,45000.0,3854.2304600158154,0.0,209171.45103262583,41834.29020652517,0.32000000000000006,446232.42886960186,446232.42886960186,446232.42886960186
F046,medium,10,6,soil,5504511.869279627,8000.0,25000.0,15214.067605325587,0.0,880721.8990847403,110090.23738559254,0.32999999999999996,1816488.9168622766,1816488.9168622766,1816488.9168622766
F046,medium,10,6,biodiversity,4269935.437264455,10000.0,35000.0,11801.78877903275,0.0,597790.9612170237,170797.4174905782,0.30999999999999994,1323679.9855519806,1323679.9855519806,1323679.9855519806
F046,medium,10,6,beef,6197672.623188914,12000.0,40000.0,17129.913155625847,0.0,929650.8934783371,185930.17869566742,0.31000000000000005,1921278.5131885635,1921278.5131885635,1921278.5131885635
F047,medium,6,2,forestry,260836.66671750002,15000.0,45000.0,3309.8065114969086,0.0,39125.500007625,7825.100001525,0.32000000000000006,83467.73334960002,83467.73334960002,83467.73334960002
F047,medium,6,2,biodiversity,547493.80608,10000.0,35000.0,6947.253954638245,0.0,76649.1328512,21899.7522432,0.30999999999999994,169723.07988479998,169723.07988479998,169723.07988479998
F047,medium,6,2,beef,2028729.6300250003,12000.0,40000.0,25742.939533864846,0.0,304309.44450375,60861.888900750004,0.31000000000000005,628906.1853077502,628906.1853077502,628906.1853077502
F047,medium,7,3,forestry,537323.5334380501,15000.0,45000.0,3859.471145684976,0.0,80598.53001570751,16119.706003141502,0.32000000000000006,171943.53070017605,171943.53070017605,171943.53070017605
F047,medium,7,3,soil,1343308.8335951252,8000.0,25000.0,9648.677864212439,0.0,214929.41337522003,26866.176671902504,0.32999999999999996,443291.91508639127,443291.91508639127,443291.91508639127
F047,medium,7,3,biodiversity,1518382.8221952005,10000.0,35000.0,10906.193988694402,0.0,212573.5951073281,60735.31288780802,0.30999999999999994,470698.67488051206,470698.67488051206,470698.67488051206
F047,medium,7,3,beef,3283643.8154547503,12000.0,40000.0,23585.657001408184,0.0,492546.57231821254,98509.31446364251,0.31000000000000005,1017929.5827909728,1017929.5827909728,1017929.5827909728
F047,medium,8,4,forestry,830164.8591617874,15000.0,45000.0,3879.7974904879775,0.0,124524.72887426811,24904.945774853622,0.32000000000000006,265652.754931772,265652.754931772,265652.754931772
F047,medium,8,4,soil,2767216.197205958,8000.0,25000.0,12932.65830162659,0.0,442754.5915529533,55344.32394411916,0.32999999999999996,913181.345077966,913181.345077966,913181.345077966
F047,medium,8,4,biodiversity,2368677.2026245124,10000.0,35000.0,11070.075738688507,0.0,331614.80836743175,94747.0881049805,0.30999999999999994,734289.9328135987,734289.9328135987,734289.9328135987
F047,medium,8,4,beef,4304558.528987045,12000.0,40000.0,20117.468469196916,0.0,645683.7793480568,129136.75586961136,0.31000000000000005,1334413.1439859844,1334413.1439859844,1334413.1439859844
F047,medium,9,5,forestry,1140093.0732488546,15000.0,45000.0,3885.637586838551,0.0,171013.96098732817,34202.792197465635,0.32000000000000006,364829.78343963355,364829.78343963355,364829.78343963355
F047,medium,9,5,soil,4275349.024683205,8000.0,25000.0,14571.14095064457,0.0,684055.8439493129,85506.98049366412,0.32999999999999996,1410865.1781454575,1410865.1781454575,1410865.1781454575
F047,medium,9,5,biodiversity,3284565.720972657,10000.0,35000.0,11194.377302445946,0.0,459839.20093617204,131382.6288389063,0.30999999999999994,1018215.3735015235,1018215.3735015235,1018215.3735015235
F047,medium,9,5,beef,5383772.845897369,12000.0,40000.0,18348.844160070934,0.0,807565.9268846053,161513.18537692106,0.31000000000000005,1668969.5822281847,1668969.5822281847,1668969.5822281847
F047,medium,10,6,forestry,1394476.3402175056,15000.0,45000.0,3854.2304600158154,0.0,209171.45103262583,41834.29020652517,0.32000000000000006,446232.42886960186,446232.42886960186,446232.42886960186
F047,medium,10,6,soil,5504511.869279627,8000.0,25000.0,15214.067605325587,0.0,880721.8990847403,110090.23738559254,0.32999999999999996,1816488.9168622766,1816488.9168622766,1816488.9168622766
F047,medium,10,6,biodiversity,4269935.437264455,10000.0,35000.0,11801.78877903275,0.0,597790.9612170237,170797.4174905782,0.30999999999999994,1323679.9855519806,1323679.9855519806,1323679.9855519806
F047,medium,10,6,beef,6197672.623188914,12000.0,40000.0,17129.913155625847,0.0,929650.8934783371,185930.17869566742,0.31000000000000005,1921278.5131885635,1921278.5131885635,1921278.5131885635
F048,high,6,2,forestry,391255.00007625006,15000.0,45000.0,3352.074038175786,0.0,58688.25001143751,11737.6500022875,0.32000000000000006,125201.60002440005,125201.60002440005,125201.60002440005
F048,high,6,2,biodiversity,912489.6768000001,10000.0,35000.0,7817.747901262835,0.0,127748.55475200003,36499.58707200001,0.30999999999999994,282871.799808,282871.799808,282871.799808
F048,high,6,2,beef,2898185.1857500006,12000.0,40000.0,24830.17806056138,0.0,434727.7778625001,86945.55557250002,0.31000000000000005,898437.4075825004,898437.4075825004,898437.4075825004
F048,high,7,3,forestry,805985.3001570752,15000.0,45000.0,3917.807037723774,0.0,120897.79502356127,24179.559004712253,0.32000000000000006,257915.2960502641,257915.2960502641,257915.2960502641
F048,high,7,3,soil,2014963.2503926877,8000.0,25000.0,9794.517594309433,0.0,322394.12006283004,40299.265007853755,0.32999999999999996,664937.8726295868,664937.8726295868,664937.8726295868
F048,high,7,3,biodiversity,2277574.233292801,10000.0,35000.0,11071.041070344432,0.0,318860.39266099216,91102.96933171204,0.30999999999999994,706048.0123207681,706048.0123207681,706048.0123207681
F048,high,7,3,beef,4776209.186116001,12000.0,40000.0,23216.63429762236,0.0,716431.3779174001,143286.27558348002,0.31000000000000005,1480624.8476959604,1480624.8476959604,1480624.8476959604
F048,high,8,4,forestry,1245247.288742681,15000.0,45000.0,3803.880383663623,0.0,186787.09331140216,37357.418662280426,0.32000000000000006,398479.132397658,398479.132397658,398479.132397658
F048,high,8,4,soil,4150824.295808937,8000.0,25000.0,12679.601278878745,0.0,664131.88732943,83016.48591617875,0.32999999999999996,1369772.017616949,1369772.017616949,1369772.017616949
F048,high,8,4,biodiversity,3553015.803936767,10000.0,35000.0,10853.464401507086,0.0,497422.21255114744,142120.63215747068,0.30999999999999994,1101434.8992203975,1101434.8992203975,1101434.8992203975
F048,high,8,4,beef,6764306.259836786,12000.0,40000.0,20663.053935950546,0.0,1014645.9389755179,202929.1877951036,0.31000000000000005,2096934.9405494041,2096934.9405494041,2096934.9405494041
F048,high,9,5,forestry,1710139.609873282,15000.0,45000.0,3856.7296897613655,0.0,256520.9414809923,51304.18829619846,0.32000000000000006,547244.6751594504,547244.6751594504,547244.6751594504
F048,high,9,5,soil,6413023.537024808,8000.0,25000.0,14462.736336605121,0.0,1026083.7659239693,128260.47074049617,0.32999999999999996,2116297.7672181865,2116297.7672181865,2116297.7672181865
F048,high,9,5,biodiversity,4926848.581458986,10000.0,35000.0,11111.094726634345,0.0,689758.8014042581,197073.94325835945,0.30999999999999994,1527323.0602522853,1527323.0602522853,1527323.0602522853
F048,high,9,5,beef,8234005.529019506,12000.0,40000.0,18569.43924699917,0.0,1235100.8293529258,247020.16587058516,0.31000000000000005,2552541.713996047,2552541.713996047,2552541.713996047
F048,high,10,6,forestry,2055017.7645310608,15000.0,45000.0,3747.894607614571,0.0,308252.6646796591,61650.53293593182,0.32000000000000006,657605.6846499395,657605.6846499395,657605.6846499395
F048,high,10,6,soil,8073284.074943453,8000.0,25000.0,14723.871672771527,0.0,1291725.4519909525,161465.68149886906,0.32999999999999996,2664183.744731339,2664183.744731339,2664183.744731339
F048,high,10,6,biodiversity,6404903.155896682,10000.0,35000.0,11681.116540496892,0.0,896686.4418255356,256196.1262358673,0.30999999999999994,1985519.9783279712,1985519.9783279712,1985519.9783279712
F048,high,10,6,beef,9785798.878719337,12000.0,40000.0,17847.117179117005,0.0,1467869.8318079005,293573.9663615801,0.31000000000000005,3033597.652402995,3033597.652402995,3033597.652402995
F049,high,6,2,forestry,391255.00007625006,15000.0,45000.0,3352.074038175786,0.0,58688.25001143751,11737.6500022875,0.32000000000000006,125201.60002440005,125201.60002440005,125201.60002440005
F049,high,6,2,biodiversity,912489.6768000001,10000.0,35000.0,7817.747901262835,0.0,127748.55475200003,36499.58707200001,0.30999999999999994,282871.799808,282871.799808,282871.799808
F049,high,6,2,beef,2898185.1857500006,12000.0,40000.0,24830.17806056138,0.0,434727.7778625001,86945.55557250002,0.31000000000000005,898437.4075825004,898437.4075825004,898437.4075825004
F049,high,7,3,forestry,805985.3001570752,15000.0,45000.0,3917.807037723774,0.0,120897.79502356127,24179.559004712253,0.32000000000000006,257915.2960502641,257915.2960502641,257915.2960502641
F049,high,7,3,soil,2014963.2503926877,8000.0,25000.0,9794.517594309433,0.0,322394.12006283004,40299.265007853755,0.32999999999999996,664937.8726295868,664937.8726295868,664937.8726295868
F049,high,7,3,biodiversity,2277574.233292801,10000.0,35000.0,11071.041070344432,0.0,318860.39266099216,91102.96933171204,0.30999999999999994,706048.0123207681,706048.0123207681,706048.0123207681
F049,high,7,3,beef,4776209.186116001,12000.0,40000.0,23216.63429762236,0.0,716431.3779174001,143286.27558348002,0.31000000000000005,1480624.8476959604,1480624.8476959604,1480624.8476959604
F049,high,8,4,forestry,1245247.288742681,15000.0,45000.0,3803.880383663623,0.0,186787.09331140216,37357.418662280426,0.32000000000000006,398479.132397658,398479.132397658,398479.132397658
F049,high,8,4,soil,4150824.295808937,8000.0,25000.0,12679.601278878745,0.0,664131.88732943,83016.48591617875,0.32999999999999996,1369772.017616949,1369772.017616949,1369772.017616949
F049,high,8,4,biodiversity,3553015.803936767,10000.0,35000.0,10853.464401507086,0.0,497422.21255114744,142120.63215747068,0.30999999999999994,1101434.8992203975,1101434.8992203975,1101434.8992203975
F049,high,8,4,beef,6764306.259836786,12000.0,40000.0,20663.053935950546,0.0,1014645.9389755179,202929.1877951036,0.31000000000000005,2096934.9405494041,2096934.9405494041,2096934.9405494041
F049,high,9,5,forestry,1710139.609873282,15000.0,45000.0,3856.7296897613655,0.0,256520.9414809923,51304.18829619846,0.32000000000000006,547244.6751594504,547244.6751594504,547244.6751594504
F049,high,9,5,soil,6413023.537024808,8000.0,25000.0,14462.736336605121,0.0,1026083.7659239693,128260.47074049617,0.32999999999999996,2116297.7672181865,2116297.7672181865,2116297.7672181865
F049,high,9,5,biodiversity,4926848.581458986,10000.0,35000.0,11111.094726634345,0.0,689758.8014042581,197073.94325835945,0.30999999999999994,1527323.0602522853,1527323.0602522853,1527323.0602522853
F049,high,9,5,beef,8234005.529019506,12000.0,40000.0,18569.43924699917,0.0,1235100.8293529258,247020.16587058516,0.31000000000000005,2552541.713996047,2552541.713996047,2552541.713996047
F049,high,10,6,forestry,2055017.7645310608,15000.0,45000.0,3747.894607614571,0.0,308252.6646796591,61650.53293593182,0.32000000000000006,657605.6846499395,657605.6846499395,657605.6846499395
F049,high,10,6,soil,8073284.074943453,8000.0,25000.0,14723.871672771527,0.0,1291725.4519909525,161465.68149886906,0.32999999999999996,2664183.744731339,2664183.744731339,2664183.744731339
F049,high,10,6,biodiversity,6404903.155896682,10000.0,35000.0,11681.116540496892,0.0,896686.4418255356,256196.1262358673,0.30999999999999994,1985519.9783279712,1985519.9783279712,1985519.9783279712
F049,high,10,6,beef,9785798.878719337,12000.0,40000.0,17847.117179117005,0.0,1467869.8318079005,293573.9663615801,0.31000000000000005,3033597.652402995,3033597.652402995,3033597.652402995
F050,high,6,2,forestry,391255.00007625006,15000.0,45000.0,3352.074038175786,0.0,58688.25001143751,11737.6500022875,0.32000000000000006,125201.60002440005,125201.60002440005,125201.60002440005
F050,high,6,2,biodiversity,912489.6768000001,10000.0,35000.0,7817.747901262835,0.0,127748.55475200003,36499.58707200001,0.30999999999999994,282871.799808,282871.799808,282871.799808
F050,high,6,2,beef,2898185.1857500006,12000.0,40000.0,24830.17806056138,0.0,434727.7778625001,86945.55557250002,0.31000000000000005,898437.4075825004,898437.4075825004,898437.4075825004
F050,high,7,3,forestry,805985.3001570752,15000.0,45000.0,3917.807037723774,0.0,120897.79502356127,24179.559004712253,0.32000000000000006,257915.2960502641,257915.2960502641,257915.2960502641
F050,high,7,3,soil,2014963.2503926877,8000.0,25000.0,9794.517594309433,0.0,322394.12006283004,40299.265007853755,0.32999999999999996,664937.8726295868,664937.8726295868,664937.8726295868
F050,high,7,3,biodiversity,2277574.233292801,10000.0,35000.0,11071.041070344432,0.0,318860.39266099216,91102.96933171204,0.30999999999999994,706048.0123207681,706048.0123207681,706048.0123207681
F050,high,7,3,beef,4776209.186116001,12000.0,40000.0,23216.63429762236,0.0,716431.3779174001,143286.27558348002,0.31000000000000005,1480624.8476959604,1480624.8476959604,1480624.8476959604
F050,high,8,4,forestry,1245247.288742681,15000.0,45000.0,3803.880383663623,0.0,186787.09331140216,37357.418662280426,0.32000000000000006,398479.132397658,398479.132397658,398479.132397658
F050,high,8,4,soil,4150824.295808937,8000.0,25000.0,12679.601278878745,0.0,664131.88732943,83016.48591617875,0.32999999999999996,1369772.017616949,1369772.017616949,1369772.017616949
F050,high,8,4,biodiversity,3553015.803936767,10000.0,35000.0,10853.464401507086,0.0,497422.21255114744,142120.63215747068,0.30999999999999994,1101434.8992203975,1101434.8992203975,1101434.8992203975
F050,high,8,4,beef,6764306.259836786,12000.0,40000.0,20663.053935950546,0.0,1014645.9389755179,202929.1877951036,0.31000000000000005,2096934.9405494041,2096934.9405494041,2096934.9405494041
F050,high,9,5,forestry,1710139.609873282,15000.0,45000.0,3856.7296897613655,0.0,256520.9414809923,51304.18829619846,0.32000000000000006,547244.6751594504,547244.6751594504,547244.6751594504
F050,high,9,5,soil,6413023.537024808,8000.0,25000.0,14462.736336605121,0.0,1026083.7659239693,128260.47074049617,0.32999999999999996,2116297.7672181865,2116297.7672181865,2116297.7672181865
F050,high,9,5,biodiversity,4926848.581458986,10000.0,35000.0,11111.094726634345,0.0,689758.8014042581,197073.94325835945,0.30999999999999994,1527323.0602522853,1527323.0602522853,1527323.0602522853
F050,high,9,5,beef,8234005.529019506,12000.0,40000.0,18569.43924699917,0.0,1235100.8293529258,247020.16587058516,0.31000000000000005,2552541.713996047,2552541.713996047,2552541.713996047
F050,high,10,6,forestry,2055017.7645310608,15000.0,45000.0,3747.894607614571,0.0,308252.6646796591,61650.53293593182,0.32000000000000006,657605.6846499395,657605.6846499395,657605.6846499395
F050,high,10,6,soil,8073284.074943453,8000.0,25000.0,14723.871672771527,0.0,1291725.4519909525,161465.68149886906,0.32999999999999996,2664183.744731339,2664183.744731339,2664183.744731339
F050,high,10,6,biodiversity,6404903.155896682,10000.0,35000.0,11681.116540496892,0.0,896686.4418255356,256196.1262358673,0.30999999999999994,1985519.9783279712,1985519.9783279712,1985519.9783279712
F050,high,10,6,beef,9785798.878719337,12000.0,40000.0,17847.117179117005,0.0,1467869.8318079005,293573.9663615801,0.31000000000000005,3033597.652402995,3033597.652402995,3033597.652402995
F051,low,7,2,forestry,201496.3250392688,15000.0,45000.0,3498.1032532391455,0.0,30224.448755890317,6044.889751178063,0.32000000000000006,64478.82401256602,64478.82401256602,64478.82401256602
F051,low,7,2,biodiversity,379595.7055488001,10000.0,35000.0,6590.020796841254,0.0,53143.39877683202,15183.828221952004,0.30999999999999994,117674.66872012801,117674.66872012801,117674.66872012801
F051,low,7,2,beef,1492565.3706612503,12000.0,40000.0,25911.8759499196,0.0,223884.80559918753,44776.961119837506,0.31000000000000005,462695.26490498765,462695.26490498765,462695.26490498765
F051,low,8,3,forestry,345902.02465074474,15000.0,45000.0,3702.4546007516565,0.0,51885.30369761171,10377.060739522341,0.32000000000000006,110688.64788823834,110688.64788823834,110688.64788823834
F051,low,8,3,soil,691804.0493014895,8000.0,25000.0,7404.909201503313,0.0,110688.64788823832,13836.08098602979,0.32999999999999996,228295.3362694915,228295.3362694915,228295.3362694915
F051,low,8,3,biodiversity,986948.8344268802,10000.0,35000.0,10564.070147955465,0.0,138172.83681976324,39477.95337707521,0.30999999999999994,305954.1386723328,305954.1386723328,305954.1386723328
F051,low,8,3,beef,2459747.7308497406,12000.0,40000.0,26328.566049789562,0.0,368962.15962746105,73792.43192549222,0.31000000000000005,762521.7965634197,762521.7965634197,762521.7965634197
F051,low,9,4,forestry,570046.5366244273,15000.0,45000.0,4021.27308911285,0.0,85506.98049366409,17101.396098732817,0.32000000000000006,182414.89171981678,182414.89171981678,182414.89171981678
F051,low,9,4,soil,1425116.3415610683,8000.0,25000.0,10053.182722782125,0.0,228018.61464977093,28502.326831221366,0.32999999999999996,470288.39271515247,470288.39271515247,470288.39271515247
F051,low,9,4,biodiversity,1642282.8604863286,10000.0,35000.0,11585.138137478078,0.0,229919.60046808602,65691.31441945315,0.30999999999999994,509107.68675076176,509107.68675076176,509107.68675076176
F051,low,9,4,beef,3166925.203469041,12000.0,40000.0,22340.406050626945,0.0,475038.7805203561,95007.75610407122,0.31000000000000005,981746.8130754029,981746.8130754029,981746.8130754029
F051,low,10,5,forestry,733934.9159039502,15000.0,45000.0,3920.8425554203955,0.0,110090.23738559253,22018.047477118507,0.32000000000000006,234859.1730892641,234859.1730892641,234859.1730892641
F051,low,10,5,soil,2201804.747711851,8000.0,25000.0,11762.527666261187,0.0,352288.7596338961,44036.094954237014,0.32999999999999996,726595.5667449107,726595.5667449107,726595.5667449107
F051,low,10,5,biodiversity,2134967.7186322273,10000.0,35000.0,11405.469482742972,0.0,298895.48060851183,85398.7087452891,0.30999999999999994,661839.9927759903,661839.9927759903,661839.9927759903
F051,low,10,5,beef,3914319.551487735,12000.0,40000.0,20911.160295575446,0.0,587147.9327231603,117429.58654463205,0.31000000000000005,1213439.060961198,1213439.060961198,1213439.060961198
F052,low,7,2,forestry,201496.3250392688,15000.0,45000.0,3498.1032532391455,0.0,30224.448755890317,6044.889751178063,0.32000000000000006,64478.82401256602,64478.82401256602,64478.82401256602
F052,low,7,2,biodiversity,379595.7055488001,10000.0,35000.0,6590.020796841254,0.0,53143.39877683202,15183.828221952004,0.30999999999999994,117674.66872012801,117674.66872012801,117674.66872012801
F052,low,7,2,beef,1492565.3706612503,12000.0,40000.0,25911.8759499196,0.0,223884.80559918753,44776.961119837506,0.31000000000000005,462695.26490498765,462695.26490498765,462695.26490498765
F052,low,8,3,forestry,345902.02465074474,15000.0,45000.0,3702.4546007516565,0.0,51885.30369761171,10377.060739522341,0.32000000000000006,110688.64788823834,110688.64788823834,110688.64788823834
F052,low,8,3,soil,691804.0493014895,8000.0,25000.0,7404.909201503313,0.0,110688.64788823832,13836.08098602979,0.32999999999999996,228295.3362694915,228295.3362694915,228295.3362694915
F052,low,8,3,biodiversity,986948.8344268802,10000.0,35000.0,10564.070147955465,0.0,138172.83681976324,39477.95337707521,0.30999999999999994,305954.1386723328,305954.1386723328,305954.1386723328
F052,low,8,3,beef,2459747.7308497406,12000.0,40000.0,26328.566049789562,0.0,368962.15962746105,73792.43192549222,0.31000000000000005,762521.7965634197,762521.7965634197,762521.7965634197
F052,low,9,4,forestry,570046.5366244273,15000.0,45000.0,4021.27308911285,0.0,85506.98049366409,17101.396098732817,0.32000000000000006,182414.89171981678,182414.89171981678,182414.89171981678
F052,low,9,4,soil,1425116.3415610683,8000.0,25000.0,10053.182722782125,0.0,228018.61464977093,28502.326831221366,0.32999999999999996,470288.39271515247,470288.39271515247,470288.39271515247
F052,low,9,4,biodiversity,1642282.8604863286,10000.0,35000.0,11585.138137478078,0.0,229919.60046808602,65691.31441945315,0.30999999999999994,509107.68675076176,509107.68675076176,509107.68675076176
F052,low,9,4,beef,3166925.203469041,12000.0,40000.0,22340.406050626945,0.0,475038.7805203561,95007.75610407122,0.31000000000000005,981746.8130754029,981746.8130754029,981746.8130754029
F052,low,10,5,forestry,733934.9159039502,15000.0,45000.0,3920.8425554203955,0.0,110090.23738559253,22018.047477118507,0.32000000000000006,234859.1730892641,234859.1730892641,234859.1730892641
F052,low,10,5,soil,2201804.747711851,8000.0,25000.0,11762.527666261187,0.0,352288.7596338961,44036.094954237014,0.32999999999999996,726595.5667449107,726595.5667449107,726595.5667449107
F052,low,10,5,biodiversity,2134967.7186322273,10000.0,35000.0,11405.469482742972,0.0,298895.48060851183,85398.7087452891,0.30999999999999994,661839.9927759903,661839.9927759903,661839.9927759903
F052,low,10,5,beef,3914319.551487735,12000.0,40000.0,20911.160295575446,0.0,587147.9327231603,117429.58654463205,0.31000000000000005,1213439.060961198,1213439.060961198,1213439.060961198
F053,low,7,2,forestry,201496.3250392688,15000.0,45000.0,3498.1032532391455,0.0,30224.448755890317,6044.889751178063,0.32000000000000006,64478.82401256602,64478.82401256602,64478.82401256602
F053,low,7,2,biodiversity,379595.7055488001,10000.0,35000.0,6590.020796841254,0.0,53143.39877683202,15183.828221952004,0.30999999999999994,117674.66872012801,117674.66872012801,117674.66872012801
F053,low,7,2,beef,1492565.3706612503,12000.0,40000.0,25911.8759499196,0.0,223884.80559918753,44776.961119837506,0.31000000000000005,462695.26490498765,462695.26490498765,462695.26490498765
F053,low,8,3,forestry,345902.02465074474,15000.0,45000.0,3702.4546007516565,0.0,51885.30369761171,10377.060739522341,0.32000000000000006,110688.64788823834,110688.64788823834,110688.64788823834
F053,low,8,3,soil,691804.0493014895,8000.0,25000.0,7404.909201503313,0.0,110688.64788823832,13836.08098602979,0.32999999999999996,228295.3362694915,228295.3362694915,228295.3362694915
F053,low,8,3,biodiversity,986948.8344268802,10000.0,35000.0,10564.070147955465,0.0,138172.83681976324,39477.95337707521,0.30999999999999994,305954.1386723328,305954.1386723328,305954.1386723328
F053,low,8,3,beef,2459747.7308497406,12000.0,40000.0,26328.566049789562,0.0,368962.15962746105,73792.43192549222,0.31000000000000005,762521.7965634197,762521.7965634197,762521.7965634197
F053,low,9,4,forestry,570046.5366244273,15000.0,45000.0,4021.27308911285,0.0,85506.98049366409,17101.396098732817,0.32000000000000006,182414.89171981678,182414.89171981678,182414.89171981678
F053,low,9,4,soil,1425116.3415610683,8000.0,25000.0,10053.182722782125,0.0,228018.61464977093,28502.326831221366,0.32999999999999996,470288.39271515247,470288.39271515247,470288.39271515247
F053,low,9,4,biodiversity,1642282.8604863286,10000.0,35000.0,11585.138137478078,0.0,229919.60046808602,65691.31441945315,0.30999999999999994,509107.68675076176,509107.68675076176,509107.68675076176
F053,low,9,4,beef,3166925.203469041,12000.0,40000.0,22340.406050626945,0.0,475038.7805203561,95007.75610407122,0.31000000000000005,981746.8130754029,981746.8130754029,981746.8130754029
F053,low,10,5,forestry,733934.9159039502,15000.0,45000.0,3920.8425554203955,0.0,110090.23738559253,22018.047477118507,0.32000000000000006,234859.1730892641,234859.1730892641,234859.1730892641
F053,low,10,5,soil,2201804.747711851,8000.0,25000.0,11762.527666261187,0.0,352288.7596338961,44036.094954237014,0.32999999999999996,726595.5667449107,726595.5667449107,726595.5667449107
F053,low,10,5,biodiversity,2134967.7186322273,10000.0,35000.0,11405.469482742972,0.0,298895.48060851183,85398.7087452891,0.30999999999999994,661839.9927759903,661839.9927759903,661839.9927759903
F053,low,10,5,beef,3914319.551487735,12000.0,40000.0,20911.160295575446,0.0,587147.9327231603,117429.58654463205,0.31000000000000005,1213439.060961198,1213439.060961198,1213439.060961198
F054,low,7,2,forestry,201496.3250392688,15000.0,45000.0,3498.1032532391455,0.0,30224.448755890317,6044.889751178063,0.32000000000000006,64478.82401256602,64478.82401256602,64478.82401256602
F054,low,7,2,biodiversity,379595.7055488001,10000.0,35000.0,6590.020796841254,0.0,53143.39877683202,15183.828221952004,0.30999999999999994,117674.66872012801,117674.66872012801,117674.66872012801
F054,low,7,2,beef,1492565.3706612503,12000.0,40000.0,25911.8759499196,0.0,223884.80559918753,44776.961119837506,0.31000000000000005,462695.26490498765,462695.26490498765,462695.26490498765
F054,low,8,3,forestry,345902.02465074474,15000.0,45000.0,3702.4546007516565,0.0,51885.30369761171,10377.060739522341,0.32000000000000006,110688.64788823834,110688.64788823834,110688.64788823834
F054,low,8,3,soil,691804.0493014895,8000.0,25000.0,7404.909201503313,0.0,110688.64788823832,13836.08098602979,0.32999999999999996,228295.3362694915,228295.3362694915,228295.3362694915
F054,low,8,3,biodiversity,986948.8344268802,10000.0,35000.0,10564.070147955465,0.0,138172.83681976324,39477.95337707521,0.30999999999999994,305954.1386723328,305954.1386723328,305954.1386723328
F054,low,8,3,beef,2459747.7308497406,12000.0,40000.0,26328.566049789562,0.0,368962.15962746105,73792.43192549222,0.31000000000000005,762521.7965634197,762521.7965634197,762521.7965634197
F054,low,9,4,forestry,570046.5366244273,15000.0,45000.0,4021.27308911285,0.0,85506.98049366409,17101.396098732817,0.32000000000000006,182414.89171981678,182414.89171981678,182414.89171981678
F054,low,9,4,soil,1425116.3415610683,8000.0,25000.0,10053.182722782125,0.0,228018.61464977093,28502.326831221366,0.32999999999999996,470288.39271515247,470288.39271515247,470288.39271515247
F054,low,9,4,biodiversity,1642282.8604863286,10000.0,35000.0,11585.138137478078,0.0,229919.60046808602,65691.31441945315,0.30999999999999994,509107.68675076176,509107.68675076176,509107.68675076176
F054,low,9,4,beef,3166925.203469041,12000.0,40000.0,22340.406050626945,0.0,475038.7805203561,95007.75610407122,0.31000000000000005,981746.8130754029,981746.8130754029,981746.8130754029
F054,low,10,5,forestry,733934.9159039502,15000.0,45000.0,3920.8425554203955,0.0,110090.23738559253,22018.047477118507,0.32000000000000006,234859.1730892641,234859.1730892641,234859.1730892641
F054,low,10,5,soil,2201804.747711851,8000.0,25000.0,11762.527666261187,0.0,352288.7596338961,44036.094954237014,0.32999999999999996,726595.5667449107,726595.5667449107,726595.5667449107
F054,low,10,5,biodiversity,2134967.7186322273,10000.0,35000.0,11405.469482742972,0.0,298895.48060851183,85398.7087452891,0.30999999999999994,661839.9927759903,661839.9927759903,661839.9927759903
F054,low,10,5,beef,3914319.551487735,12000.0,40000.0,20911.160295575446,0.0,587147.9327231603,117429.58654463205,0.31000000000000005,1213439.060961198,1213439.060961198,1213439.060961198
F055,medium,7,2,forestry,268661.76671902504,15000.0,45000.0,3303.616903730175,0.0,40299.265007853755,8059.853001570751,0.32000000000000006,85971.76535008803,85971.76535008803,85971.76535008803
F055,medium,7,2,biodiversity,569393.5583232002,10000.0,35000.0,7001.584956146245,0.0,79715.09816524804,22775.74233292801,0.30999999999999994,176512.00308019202,176512.00308019202,176512.00308019202
F055,medium,7,2,beef,2089591.5189257502,12000.0,40000.0,25694.79814012358,0.0,313438.7278388625,62687.7455677725,0.31000000000000005,647773.3708669826,647773.3708669826,647773.3708669826
F055,medium,8,3,forestry,553443.2394411917,15000.0,45000.0,3850.9761027193445,0.0,83016.48591617875,16603.29718323575,0.32000000000000006,177101.83662118137,177101.83662118137,177101.83662118137
F055,medium,8,3,soil,1383608.098602979,8000.0,25000.0,9627.44025679836,0.0,221377.29577647665,27672.16197205958,0.32999999999999996,456590.672538983,456590.672538983,456590.672538983
F055,medium,8,3,biodiversity,1579118.1350830083,10000.0,35000.0,10987.840790530752,0.0,221076.53891162117,63164.725403320335,0.30999999999999994,489526.6218757325,489526.6218757325,489526.6218757325
F055,medium,8,3,beef,3382153.129918393,12000.0,40000.0,23533.742849951548,0.0,507322.96948775894,101464.5938975518,0.31000000000000005,1048467.4702747021,1048467.4702747021,1048467.4702747021
F055,medium,9,4,forestry,855069.804936641,15000.0,45000.0,3871.129671180887,0.0,128260.47074049615,25652.09414809923,0.32000000000000006,273622.3375797252,273622.3375797252,273622.3375797252
F055,medium,9,4,soil,2850232.6831221366,8000.0,25000.0,12903.765570602958,0.0,456037.22929954185,57004.65366244273,0.32999999999999996,940576.7854303049,940576.7854303049,940576.7854303049
F055,medium,9,4,biodiversity,2463424.290729493,10000.0,35000.0,11152.580537278225,0.0,344879.40070212906,98536.97162917972,0.30999999999999994,763661.5301261427,763661.5301261427,763661.5301261427
F055,medium,9,4,beef,4433695.2848566575,12000.0,40000.0,20072.524220937936,0.0,665054.2927284986,133010.8585456997,0.31000000000000005,1374445.538305564,1374445.538305564,1374445.538305564
F055,medium,10,5,forestry,1174295.8654463205,15000.0,45000.0,3876.8594663662493,0.0,176144.37981694806,35228.87596338961,0.32000000000000006,375774.67694282264,375774.67694282264,375774.67694282264
F055,medium,10,5,soil,4403609.495423702,8000.0,25000.0,14538.222998873434,0.0,704577.5192677922,88072.18990847403,0.32999999999999996,1453191.1334898213,1453191.1334898213,1453191.1334898213
F055,medium,10,5,biodiversity,3415948.3498115637,10000.0,35000.0,11277.525610253031,0.0,478232.768973619,136637.93399246255,0.30999999999999994,1058943.9884415846,1058943.9884415846,1058943.9884415846
F055,medium,10,5,beef,5545286.031274292,12000.0,40000.0,18307.39192450729,0.0,831792.9046911438,166358.58093822876,0.31000000000000005,1719038.6696950307,1719038.6696950307,1719038.6696950307
F056,medium,7,2,forestry,268661.76671902504,15000.0,45000.0,3303.616903730175,0.0,40299.265007853755,8059.853001570751,0.32000000000000006,85971.76535008803,85971.76535008803,85971.76535008803
F056,medium,7,2,biodiversity,569393.5583232002,10000.0,35000.0,7001.584956146245,0.0,79715.09816524804,22775.74233292801,0.30999999999999994,176512.00308019202,176512.00308019202,176512.00308019202
F056,medium,7,2,beef,2089591.5189257502,12000.0,40000.0,25694.79814012358,0.0,313438.7278388625,62687.7455677725,0.31000000000000005,647773.3708669826,647773.3708669826,647773.3708669826
F056,medium,8,3,forestry,553443.2394411917,15000.0,45000.0,3850.9761027193445,0.0,83016.48591617875,16603.29718323575,0.32000000000000006,177101.83662118137,177101.83662118137,177101.83662118137
F056,medium,8,3,soil,1383608.098602979,8000.0,25000.0,9627.44025679836,0.0,221377.29577647665,27672.16197205958,0.32999999999999996,456590.672538983,456590.672538983,456590.672538983
F056,medium,8,3,biodiversity,1579118.1350830083,10000.0,35000.0,10987.840790530752,0.0,221076.53891162117,63164.725403320335,0.30999999999999994,489526.6218757325,489526.6218757325,489526.6218757325
F056,medium,8,3,beef,3382153.129918393,12000.0,40000.0,23533.742849951548,0.0,507322.96948775894,101464.5938975518,0.31000000000000005,1048467.4702747021,1048467.4702747021,1048467.4702747021
F056,medium,9,4,forestry,855069.804936641,15000.0,45000.0,3871.129671180887,0.0,128260.47074049615,25652.09414809923,0.32000000000000006,273622.3375797252,273622.3375797252,273622.3375797252
F056,medium,9,4,soil,2850232.6831221366,8000.0,25000.0,12903.765570602958,0.0,456037.22929954185,57004.65366244273,0.32999999999999996,940576.7854303049,940576.7854303049,940576.7854303049
F056,medium,9,4,biodiversity,2463424.290729493,10000.0,35000.0,11152.580537278225,0.0,344879.40070212906,98536.97162917972,0.30999999999999994,763661.5301261427,763661.5301261427,763661.5301261427
F056,medium,9,4,beef,4433695.2848566575,12000.0,40000.0,20072.524220937936,0.0,665054.2927284986,133010.8585456997,0.31000000000000005,1374445.538305564,1374445.538305564,1374445.538305564
F056,medium,10,5,forestry,1174295.8654463205,15000.0,45000.0,3876.8594663662493,0.0,176144.37981694806,35228.87596338961,0.32000000000000006,375774.67694282264,375774.67694282264,375774.67694282264
F056,medium,10,5,soil,4403609.495423702,8000.0,25000.0,14538.222998873434,0.0,704577.5192677922,88072.18990847403,0.32999999999999996,1453191.1334898213,1453191.1334898213,1453191.1334898213
F056,medium,10,5,biodiversity,3415948.3498115637,10000.0,35000.0,11277.525610253031,0.0,478232.768973619,136637.93399246255,0.30999999999999994,1058943.9884415846,1058943.9884415846,1058943.9884415846
F056,medium,10,5,beef,5545286.031274292,12000.0,40000.0,18307.39192450729,0.0,831792.9046911438,166358.58093822876,0.31000000000000005,1719038.6696950307,1719038.6696950307,1719038.6696950307
F057,medium,7,2,forestry,268661.76671902504,15000.0,45000.0,3303.616903730175,0.0,40299.265007853755,8059.853001570751,0.32000000000000006,85971.76535008803,85971.76535008803,85971.76535008803
F057,medium,7,2,biodiversity,569393.5583232002,10000.0,35000.0,7001.584956146245,0.0,79715.09816524804,22775.74233292801,0.30999999999999994,176512.00308019202,176512.00308019202,176512.00308019202
F057,medium,7,2,beef,2089591.5189257502,12000.0,40000.0,25694.79814012358,0.0,313438.7278388625,62687.7455677725,0.31000000000000005,647773.3708669826,647773.3708669826,647773.3708669826
F057,medium,8,3,forestry,553443.2394411917,15000.0,45000.0,3850.9761027193445,0.0,83016.48591617875,16603.29718323575,0.32000000000000006,177101.83662118137,177101.83662118137,177101.83662118137
F057,medium,8,3,soil,1383608.098602979,8000.0,25000.0,9627.44025679836,0.0,221377.29577647665,27672.16197205958,0.32999999999999996,456590.672538983,456590.672538983,456590.672538983
F057,medium,8,3,biodiversity,1579118.1350830083,10000.0,35000.0,10987.840790530752,0.0,221076.53891162117,63164.725403320335,0.30999999999999994,489526.6218757325,489526.6218757325,489526.6218757325
F057,medium,8,3,beef,3382153.129918393,12000.0,40000.0,23533.742849951548,0.0,507322.96948775894,101464.5938975518,0.31000000000000005,1048467.4702747021,1048467.4702747021,1048467.4702747021
F057,medium,9,4,forestry,855069.804936641,15000.0,45000.0,3871.129671180887,0.0,128260.47074049615,25652.09414809923,0.32000000000000006,273622.3375797252,273622.3375797252,273622.3375797252
F057,medium,9,4,soil,2850232.6831221366,8000.0,25000.0,12903.765570602958,0.0,456037.22929954185,57004.65366244273,0.32999999999999996,940576.7854303049,940576.7854303049,940576.7854303049
F057,medium,9,4,biodiversity,2463424.290729493,10000.0,35000.0,11152.580537278225,0.0,344879.40070212906,98536.97162917972,0.30999999999999994,763661.5301261427,763661.5301261427,763661.5301261427
F057,medium,9,4,beef,4433695.2848566575,12000.0,40000.0,20072.524220937936,0.0,665054.2927284986,133010.8585456997,0.31000000000000005,1374445.538305564,1374445.538305564,1374445.538305564
F057,medium,10,5,forestry,1174295.8654463205,15000.0,45000.0,3876.8594663662493,0.0,176144.37981694806,35228.87596338961,0.32000000000000006,375774.67694282264,375774.67694282264,375774.67694282264
F057,medium,10,5,soil,4403609.495423702,8000.0,25000.0,14538.222998873434,0.0,704577.5192677922,88072.18990847403,0.32999999999999996,1453191.1334898213,1453191.1334898213,1453191.1334898213
F057,medium,10,5,biodiversity,3415948.3498115637,10000.0,35000.0,11277.525610253031,0.0,478232.768973619,136637.93399246255,0.30999999999999994,1058943.9884415846,1058943.9884415846,1058943.9884415846
F057,medium,10,5,beef,5545286.031274292,12000.0,40000.0,18307.39192450729,0.0,831792.9046911438,166358.58093822876,0.31000000000000005,1719038.6696950307,1719038.6696950307,1719038.6696950307
F058,high,7,2,forestry,402992.6500785376,15000.0,45000.0,3345.0215744774173,0.0,60448.89751178063,12089.779502356127,0.32000000000000006,128957.64802513205,128957.64802513205,128957.64802513205
F058,high,7,2,biodiversity,948989.2638720003,10000.0,35000.0,7877.0408368009685,0.0,132858.49694208006,37959.57055488001,0.30999999999999994,294186.67180032004,294186.67180032004,294186.67180032004
F058,high,7,2,beef,2985130.7413225006,12000.0,40000.0,24777.937588721612,0.0,447769.61119837506,89553.92223967501,0.31000000000000005,925390.5298099753,925390.5298099753,925390.5298099753
F058,high,8,3,forestry,830164.8591617874,15000.0,45000.0,3909.053540092596,0.0,124524.72887426811,24904.945774853622,0.32000000000000006,265652.754931772,265652.754931772,265652.754931772
F058,high,8,3,soil,2075412.1479044685,8000.0,25000.0,9772.63385023149,0.0,332065.943664715,41508.24295808937,0.32999999999999996,684886.0088084745,684886.0088084745,684886.0088084745
F058,high,8,3,biodiversity,2368677.2026245124,10000.0,35000.0,11153.550890608672,0.0,331614.80836743175,94747.0881049805,0.30999999999999994,734289.9328135987,734289.9328135987,734289.9328135987
F058,high,8,3,beef,4919495.461699481,12000.0,40000.0,23164.761719067235,0.0,737924.3192549221,147584.86385098443,0.31000000000000005,1525043.5931268395,1525043.5931268395,1525043.5931268395
F058,high,9,4,forestry,1282604.7074049616,15000.0,45000.0,3795.548092783923,0.0,192390.70611074424,38478.14122214884,0.32000000000000006,410433.5063695878,410433.5063695878,410433.5063695878
F058,high,9,4,soil,4275349.024683205,8000.0,25000.0,12651.82697594641,0.0,684055.8439493129,85506.98049366412,0.32999999999999996,1410865.1781454575,1410865.1781454575,1410865.1781454575
F058,high,9,4,biodiversity,3695136.436094238,10000.0,35000.0,10934.832822319964,0.0,517319.1010531934,147805.45744376953,0.30999999999999994,1145492.2951892135,1145492.2951892135,1145492.2951892135
F058,high,9,4,beef,6967235.44763189,12000.0,40000.0,20617.792108949707,0.0,1045085.3171447834,209017.0634289567,0.31000000000000005,2159842.988765886,2159842.988765886,2159842.988765886
F058,high,10,5,forestry,1761443.7981694806,15000.0,45000.0,3848.0815508803694,0.0,264216.5697254221,52843.31394508442,0.32000000000000006,563662.0154142339,563662.0154142339,563662.0154142339
F058,high,10,5,soil,6605414.243135553,8000.0,25000.0,14430.305815801385,0.0,1056866.2789016885,132108.28486271107,0.32999999999999996,2179786.700234732,2179786.700234732,2179786.700234732
F058,high,10,5,biodiversity,5123922.524717346,10000.0,35000.0,11193.812573523875,0.0,717349.1534604285,204956.90098869384,0.30999999999999994,1588415.982662377,1588415.982662377,1588415.982662377
F058,high,10,5,beef,8481025.694890093,12000.0,40000.0,18527.800059794376,0.0,1272153.8542335138,254430.77084670277,0.31000000000000005,2629117.9654159294,2629117.9654159294,2629117.9654159294
F059,high,7,2,forestry,402992.6500785376,15000.0,45000.0,3345.0215744774173,0.0,60448.89751178063,12089.779502356127,0.32000000000000006,128957.64802513205,128957.64802513205,128957.64802513205
F059,high,7,2,biodiversity,948989.2638720003,10000.0,35000.0,7877.0408368009685,0.0,132858.49694208006,37959.57055488001,0.30999999999999994,294186.67180032004,294186.67180032004,294186.67180032004
F059,high,7,2,beef,2985130.7413225006,12000.0,40000.0,24777.937588721612,0.0,447769.61119837506,89553.92223967501,0.31000000000000005,925390.5298099753,925390.5298099753,925390.5298099753
F059,high,8,3,forestry,830164.8591617874,15000.0,45000.0,3909.053540092596,0.0,124524.72887426811,24904.945774853622,0.32000000000000006,265652.754931772,265652.754931772,265652.754931772
F059,high,8,3,soil,2075412.1479044685,8000.0,25000.0,9772.63385023149,0.0,332065.943664715,41508.24295808937,0.32999999999999996,684886.0088084745,684886.0088084745,684886.0088084745
F059,high,8,3,biodiversity,2368677.2026245124,10000.0,35000.0,11153.550890608672,0.0,331614.80836743175,94747.0881049805,0.30999999999999994,734289.9328135987,734289.9328135987,734289.9328135987
F059,high,8,3,beef,4919495.461699481,12000.0,40000.0,23164.761719067235,0.0,737924.3192549221,147584.86385098443,0.31000000000000005,1525043.5931268395,1525043.5931268395,1525043.5931268395
F059,high,9,4,forestry,1282604.7074049616,15000.0,45000.0,3795.548092783923,0.0,192390.70611074424,38478.14122214884,0.32000000000000006,410433.5063695878,410433.5063695878,410433.5063695878
F059,high,9,4,soil,4275349.024683205,8000.0,25000.0,12651.82697594641,0.0,684055.8439493129,85506.98049366412,0.32999999999999996,1410865.1781454575,1410865.1781454575,1410865.1781454575
F059,high,9,4,biodiversity,3695136.436094238,10000.0,35000.0,10934.832822319964,0.0,517319.1010531934,147805.45744376953,0.30999999999999994,1145492.2951892135,1145492.2951892135,1145492.2951892135
F059,high,9,4,beef,6967235.44763189,12000.0,40000.0,20617.792108949707,0.0,1045085.3171447834,209017.0634289567,0.31000000000000005,2159842.988765886,2159842.988765886,2159842.988765886
F059,high,10,5,forestry,1761443.7981694806,15000.0,45000.0,3848.0815508803694,0.0,264216.5697254221,52843.31394508442,0.32000000000000006,563662.0154142339,563662.0154142339,563662.0154142339
F059,high,10,5,soil,6605414.243135553,8000.0,25000.0,14430.305815801385,0.0,1056866.2789016885,132108.28486271107,0.32999999999999996,2179786.700234732,2179786.700234732,2179786.700234732
F059,high,10,5,biodiversity,5123922.524717346,10000.0,35000.0,11193.812573523875,0.0,717349.1534604285,204956.90098869384,0.30999999999999994,1588415.982662377,1588415.982662377,1588415.982662377
F059,high,10,5,beef,8481025.694890093,12000.0,40000.0,18527.800059794376,0.0,1272153.8542335138,254430.77084670277,0.31000000000000005,2629117.9654159294,2629117.9654159294,2629117.9654159294
F060,high,7,2,forestry,402992.6500785376,15000.0,45000.0,3345.0215744774173,0.0,60448.89751178063,12089.779502356127,0.32000000000000006,128957.64802513205,128957.64802513205,128957.64802513205
F060,high,7,2,biodiversity,948989.2638720003,10000.0,35000.0,7877.0408368009685,0.0,132858.49694208006,37959.57055488001,0.30999999999999994,294186.67180032004,294186.67180032004,294186.67180032004
F060,high,7,2,beef,2985130.7413225006,12000.0,40000.0,24777.937588721612,0.0,447769.61119837506,89553.92223967501,0.31000000000000005,925390.5298099753,925390.5298099753,925390.5298099753
F060,high,8,3,forestry,830164.8591617874,15000.0,45000.0,3909.053540092596,0.0,124524.72887426811,24904.945774853622,0.32000000000000006,265652.754931772,265652.754931772,265652.754931772
F060,high,8,3,soil,2075412.1479044685,8000.0,25000.0,9772.63385023149,0.0,332065.943664715,41508.24295808937,0.32999999999999996,684886.0088084745,684886.0088084745,684886.0088084745
F060,high,8,3,biodiversity,2368677.2026245124,10000.0,35000.0,11153.550890608672,0.0,331614.80836743175,94747.0881049805,0.30999999999999994,734289.9328135987,734289.9328135987,734289.9328135987
F060,high,8,3,beef,4919495.461699481,12000.0,40000.0,23164.761719067235,0.0,737924.3192549221,147584.86385098443,0.31000000000000005,1525043.5931268395,1525043.5931268395,1525043.5931268395
F060,high,9,4,forestry,1282604.7074049616,15000.0,45000.0,3795.548092783923,0.0,192390.70611074424,38478.14122214884,0.32000000000000006,410433.5063695878,410433.5063695878,410433.5063695878
F060,high,9,4,soil,4275349.024683205,8000.0,25000.0,12651.82697594641,0.0,684055.8439493129,85506.98049366412,0.32999999999999996,1410865.1781454575,1410865.1781454575,1410865.1781454575
F060,high,9,4,biodiversity,3695136.436094238,10000.0,35000.0,10934.832822319964,0.0,517319.1010531934,147805.45744376953,0.30999999999999994,1145492.2951892135,1145492.2951892135,1145492.2951892135
F060,high,9,4,beef,6967235.44763189,12000.0,40000.0,20617.792108949707,0.0,1045085.3171447834,209017.0634289567,0.31000000000000005,2159842.988765886,2159842.988765886,2159842.988765886
F060,high,10,5,forestry,1761443.7981694806,15000.0,45000.0,3848.0815508803694,0.0,264216.5697254221,52843.31394508442,0.32000000000000006,563662.0154142339,563662.0154142339,563662.0154142339
F060,high,10,5,soil,6605414.243135553,8000.0,25000.0,14430.305815801385,0.0,1056866.2789016885,132108.28486271107,0.32999999999999996,2179786.700234732,2179786.700234732,2179786.700234732
F060,high,10,5,biodiversity,5123922.524717346,10000.0,35000.0,11193.812573523875,0.0,717349.1534604285,204956.90098869384,0.30999999999999994,1588415.982662377,1588415.982662377,1588415.982662377
F060,high,10,5,beef,8481025.694890093,12000.0,40000.0,18527.800059794376,0.0,1272153.8542335138,254430.77084670277,0.31000000000000005,2629117.9654159294,2629117.9654159294,2629117.9654159294
F061,low,8,2,forestry,207541.21479044686,15000.0,45000.0,3491.8972996724588,0.0,31131.182218567028,6226.236443713406,0.32000000000000006,66413.188732943,66413.188732943,66413.188732943
F061,low,8,2,biodiversity,394779.5337707521,10000.0,35000.0,6642.196776827845,0.0,55269.13472790529,15791.181350830084,0.30999999999999994,122381.65546893312,122381.65546893312,122381.65546893312
F061,low,8,2,beef,1537342.331781088,12000.0,40000.0,25865.9059234997,0.0,230601.3497671632,46120.26995343264,0.31000000000000005,476576.1228521373,476576.1228521373,476576.1228521373
F061,low,9,3,forestry,356279.0853902671,15000.0,45000.0,3694.5602654341224,0.0,53441.86280854006,10688.372561708013,0.32000000000000006,114009.30732488549,114009.30732488549,114009.30732488549
F061,low,9,3,soil,712558.1707805342,8000.0,25000.0,7389.120530868245,0.0,114009.30732488546,14251.163415610683,0.32999999999999996,235144.19635757623,235144.19635757623,235144.19635757623
F061,low,9,3,biodiversity,1026426.7878039555,10000.0,35000.0,10643.890649499437,0.0,143699.75029255377,41057.07151215822,0.30999999999999994,318192.3042192261,318192.3042192261,318192.3042192261
F061,low,9,3,beef,2533540.1627752325,12000.0,40000.0,26272.428554198203,0.0,380031.02441628487,76006.20488325697,0.31000000000000005,785397.4504603222,785397.4504603222,785397.4504603222
F061,low,10,4,forestry,587147.9327231603,15000.0,45000.0,4011.8721802540017,0.0,88072.18990847403,17614.437981694806,0.32000000000000006,187887.33847141132,187887.33847141132,187887.33847141132
F061,low,10,4,soil,1467869.8318079005,8000.0,25000.0,10029.680450635004,0.0,234859.17308926408,29357.39663615801,0.32999999999999996,484397.0444966071,484397.0444966071,484397.0444966071
F061,low,10,4,biodiversity,1707974.1749057819,10000.0,35000.0,11670.268589922096,0.0,239116.3844868095,68318.96699623128,0.30999999999999994,529471.9942207923,529471.9942207923,529471.9942207923
F061,low,10,4,beef,3261932.9595731124,12000.0,40000.0,22288.178779188896,0.0,489289.9439359668,97857.98878719338,0.31000000000000005,1011199.217467665,1011199.217467665,1011199.217467665
F062,low,8,2,forestry,207541.21479044686,15000.0,45000.0,3491.8972996724588,0.0,31131.182218567028,6226.236443713406,0.32000000000000006,66413.188732943,66413.188732943,66413.188732943
F062,low,8,2,biodiversity,394779.5337707521,10000.0,35000.0,6642.196776827845,0.0,55269.13472790529,15791.181350830084,0.30999999999999994,122381.65546893312,122381.65546893312,122381.65546893312
F062,low,8,2,beef,1537342.331781088,12000.0,40000.0,25865.9059234997,0.0,230601.3497671632,46120.26995343264,0.31000000000000005,476576.1228521373,476576.1228521373,476576.1228521373
F062,low,9,3,forestry,356279.0853902671,15000.0,45000.0,3694.5602654341224,0.0,53441.86280854006,10688.372561708013,0.32000000000000006,114009.30732488549,114009.30732488549,114009.30732488549
F062,low,9,3,soil,712558.1707805342,8000.0,25000.0,7389.120530868245,0.0,114009.30732488546,14251.163415610683,0.32999999999999996,235144.19635757623,235144.19635757623,235144.19635757623
F062,low,9,3,biodiversity,1026426.7878039555,10000.0,35000.0,10643.890649499437,0.0,143699.75029255377,41057.07151215822,0.30999999999999994,318192.3042192261,318192.3042192261,318192.3042192261
F062,low,9,3,beef,2533540.1627752325,12000.0,40000.0,26272.428554198203,0.0,380031.02441628487,76006.20488325697,0.31000000000000005,785397.4504603222,785397.4504603222,785397.4504603222
F062,low,10,4,forestry,587147.9327231603,15000.0,45000.0,4011.8721802540017,0.0,88072.18990847403,17614.437981694806,0.32000000000000006,187887.33847141132,187887.33847141132,187887.33847141132
F062,low,10,4,soil,1467869.8318079005,8000.0,25000.0,10029.680450635004,0.0,234859.17308926408,29357.39663615801,0.32999999999999996,484397.0444966071,484397.0444966071,484397.0444966071
F062,low,10,4,biodiversity,1707974.1749057819,10000.0,35000.0,11670.268589922096,0.0,239116.3844868095,68318.96699623128,0.30999999999999994,529471.9942207923,529471.9942207923,529471.9942207923
F062,low,10,4,beef,3261932.9595731124,12000.0,40000.0,22288.178779188896,0.0,489289.9439359668,97857.98878719338,0.31000000000000005,1011199.217467665,1011199.217467665,1011199.217467665
F063,low,8,2,forestry,207541.21479044686,15000.0,45000.0,3491.8972996724588,0.0,31131.182218567028,6226.236443713406,0.32000000000000006,66413.188732943,66413.188732943,66413.188732943
F063,low,8,2,biodiversity,394779.5337707521,10000.0,35000.0,6642.196776827845,0.0,55269.13472790529,15791.181350830084,0.30999999999999994,122381.65546893312,122381.65546893312,122381.65546893312
F063,low,8,2,beef,1537342.331781088,12000.0,40000.0,25865.9059234997,0.0,230601.3497671632,46120.26995343264,0.31000000000000005,476576.1228521373,476576.1228521373,476576.1228521373
F063,low,9,3,forestry,356279.0853902671,15000.0,45000.0,3694.5602654341224,0.0,53441.86280854006,10688.372561708013,0.32000000000000006,114009.30732488549,114009.30732488549,114009.30732488549
F063,low,9,3,soil,712558.1707805342,8000.0,25000.0,7389.120530868245,0.0,114009.30732488546,14251.163415610683,0.32999999999999996,235144.19635757623,235144.19635757623,235144.19635757623
F063,low,9,3,biodiversity,1026426.7878039555,10000.0,35000.0,10643.890649499437,0.0,143699.75029255377,41057.07151215822,0.30999999999999994,318192.3042192261,318192.3042192261,318192.3042192261
F063,low,9,3,beef,2533540.1627752325,12000.0,40000.0,26272.428554198203,0.0,380031.02441628487,76006.20488325697,0.31000000000000005,785397.4504603222,785397.4504603222,785397.4504603222
F063,low,10,4,forestry,587147.9327231603,15000.0,45000.0,4011.8721802540017,0.0,88072.18990847403,17614.437981694806,0.32000000000000006,187887.33847141132,187887.33847141132,187887.33847141132
F063,low,10,4,soil,1467869.8318079005,8000.0,25000.0,10029.680450635004,0.0,234859.17308926408,29357.39663615801,0.32999999999999996,484397.0444966071,484397.0444966071,484397.0444966071
F063,low,10,4,biodiversity,1707974.1749057819,10000.0,35000.0,11670.268589922096,0.0,239116.3844868095,68318.96699623128,0.30999999999999994,529471.9942207923,529471.9942207923,529471.9942207923
F063,low,10,4,beef,3261932.9595731124,12000.0,40000.0,22288.178779188896,0.0,489289.9439359668,97857.98878719338,0.31000000000000005,1011199.217467665,1011199.217467665,1011199.217467665
F064,low,8,2,forestry,207541.21479044686,15000.0,45000.0,3491.8972996724588,0.0,31131.182218567028,6226.236443713406,0.32000000000000006,66413.188732943,66413.188732943,66413.188732943
F064,low,8,2,biodiversity,394779.5337707521,10000.0,35000.0,6642.196776827845,0.0,55269.13472790529,15791.181350830084,0.30999999999999994,122381.65546893312,122381.65546893312,122381.65546893312
F064,low,8,2,beef,1537342.331781088,12000.0,40000.0,25865.9059234997,0.0,230601.3497671632,46120.26995343264,0.31000000000000005,476576.1228521373,476576.1228521373,476576.1228521373
F064,low,9,3,forestry,356279.0853902671,15000.0,45000.0,3694.5602654341224,0.0,53441.86280854006,10688.372561708013,0.32000000000000006,114009.30732488549,114009.30732488549,114009.30732488549
F064,low,9,3,soil,712558.1707805342,8000.0,25000.0,7389.120530868245,0.0,114009.30732488546,14251.163415610683,0.32999999999999996,235144.19635757623,235144.19635757623,235144.19635757623
F064,low,9,3,biodiversity,1026426.7878039555,10000.0,35000.0,10643.890649499437,0.0,143699.75029255377,41057.07151215822,0.30999999999999994,318192.3042192261,318192.3042192261,318192.3042192261
F064,low,9,3,beef,2533540.1627752325,12000.0,40000.0,26272.428554198203,0.0,380031.02441628487,76006.20488325697,0.31000000000000005,785397.4504603222,785397.4504603222,785397.4504603222
F064,low,10,4,forestry,587147.9327231603,15000.0,45000.0,4011.8721802540017,0.0,88072.18990847403,17614.437981694806,0.32000000000000006,187887.33847141132,187887.33847141132,187887.33847141132
F064,low,10,4,soil,1467869.8318079005,8000.0,25000.0,10029.680450635004,0.0,234859.17308926408,29357.39663615801,0.32999999999999996,484397.0444966071,484397.0444966071,484397.0444966071
F064,low,10,4,biodiversity,1707974.1749057819,10000.0,35000.0,11670.268589922096,0.0,239116.3844868095,68318.96699623128,0.30999999999999994,529471.9942207923,529471.9942207923,529471.9942207923
F064,low,10,4,beef,3261932.9595731124,12000.0,40000.0,22288.178779188896,0.0,489289.9439359668,97857.98878719338,0.31000000000000005,1011199.217467665,1011199.217467665,1011199.217467665
F065,medium,8,2,forestry,276721.61972059583,15000.0,45000.0,3297.390646786519,0.0,41508.24295808937,8301.648591617875,0.32000000000000006,88550.91831059068,88550.91831059068,88550.91831059068
F065,medium,8,2,biodiversity,592169.3006561281,10000.0,35000.0,7056.237655985004,0.0,82903.70209185794,23686.772026245126,0.30999999999999994,183572.48320339966,183572.48320339966,183572.48320339966
F065,medium,8,2,beef,2152279.2644935227,12000.0,40000.0,25646.371697228475,0.0,322841.8896740284,64568.37793480568,0.31000000000000005,667206.5719929922,667206.5719929922,667206.5719929922
F065,medium,9,3,forestry,570046.5366244273,15000.0,45000.0,3842.43644254975,0.0,85506.98049366409,17101.396098732817,0.32000000000000006,182414.89171981678,182414.89171981678,182414.89171981678
F065,medium,9,3,soil,1425116.3415610683,8000.0,25000.0,9606.091106374375,0.0,228018.61464977093,28502.326831221366,0.32999999999999996,470288.39271515247,470288.39271515247,470288.39271515247
F065,medium,9,3,biodiversity,1642282.8604863286,10000.0,35000.0,11069.916413271842,0.0,229919.60046808602,65691.31441945315,0.30999999999999994,509107.68675076176,509107.68675076176,509107.68675076176
F065,medium,9,3,beef,3483617.723815945,12000.0,40000.0,23481.55603780403,0.0,522542.6585723917,104508.53171447835,0.31000000000000005,1079921.494382943,1079921.494382943,1079921.494382943
F065,medium,10,4,forestry,880721.8990847403,15000.0,45000.0,3862.416905080067,0.0,132108.28486271104,26421.65697254221,0.32000000000000006,281831.00770711695,281831.00770711695,281831.00770711695
F065,medium,10,4,soil,2935739.663615801,8000.0,25000.0,12874.723016933556,0.0,469718.34617852815,58714.79327231602,0.32999999999999996,968794.0889932142,968794.0889932142,968794.0889932142
F065,medium,10,4,biodiversity,2561961.262358673,10000.0,35000.0,11235.513162756393,0.0,358674.57673021423,102478.45049434692,0.30999999999999994,794207.9913311885,794207.9913311885,794207.9913311885
F065,medium,10,4,beef,4566706.143402358,12000.0,40000.0,20027.34691522998,0.0,685005.9215103536,137001.18430207073,0.31000000000000005,1415678.9044547311,1415678.9044547311,1415678.9044547311
F066,medium,8,2,forestry,276721.61972059583,15000.0,45000.0,3297.390646786519,0.0,41508.24295808937,8301.648591617875,0.32000000000000006,88550.91831059068,88550.91831059068,88550.91831059068
F066,medium,8,2,biodiversity,592169.3006561281,10000.0,35000.0,7056.237655985004,0.0,82903.70209185794,23686.772026245126,0.30999999999999994,183572.48320339966,183572.48320339966,183572.48320339966
F066,medium,8,2,beef,2152279.2644935227,12000.0,40000.0,25646.371697228475,0.0,322841.8896740284,64568.37793480568,0.31000000000000005,667206.5719929922,667206.5719929922,667206.5719929922
F066,medium,9,3,forestry,570046.5366244273,15000.0,45000.0,3842.43644254975,0.0,85506.98049366409,17101.396098732817,0.32000000000000006,182414.89171981678,182414.89171981678,182414.89171981678
F066,medium,9,3,soil,1425116.3415610683,8000.0,25000.0,9606.091106374375,0.0,228018.61464977093,28502.326831221366,0.32999999999999996,470288.39271515247,470288.39271515247,470288.39271515247
F066,medium,9,3,biodiversity,1642282.8604863286,10000.0,35000.0,11069.916413271842,0.0,229919.60046808602,65691.31441945315,0.30999999999999994,509107.68675076176,509107.68675076176,509107.68675076176
F066,medium,9,3,beef,3483617.723815945,12000.0,40000.0,23481.55603780403,0.0,522542.6585723917,104508.53171447835,0.31000000000000005,1079921.494382943,1079921.494382943,1079921.494382943
F066,medium,10,4,forestry,880721.8990847403,15000.0,45000.0,3862.416905080067,0.0,132108.28486271104,26421.65697254221,0.32000000000000006,281831.00770711695,281831.00770711695,281831.00770711695
F066,medium,10,4,soil,2935739.663615801,8000.0,25000.0,12874.723016933556,0.0,469718.34617852815,58714.79327231602,0.32999999999999996,968794.0889932142,968794.0889932142,968794.0889932142
F066,medium,10,4,biodiversity,2561961.262358673,10000.0,35000.0,11235.513162756393,0.0,358674.57673021423,102478.45049434692,0.30999999999999994,794207.9913311885,794207.9913311885,794207.9913311885
F066,medium,10,4,beef,4566706.143402358,12000.0,40000.0,20027.34691522998,0.0,685005.9215103536,137001.18430207073,0.31000000000000005,1415678.9044547311,1415678.9044547311,1415678.9044547311
F067,medium,8,2,forestry,276721.61972059583,15000.0,45000.0,3297.390646786519,0.0,41508.24295808937,8301.648591617875,0.32000000000000006,88550.91831059068,88550.91831059068,88550.91831059068
F067,medium,8,2,biodiversity,592169.3006561281,10000.0,35000.0,7056.237655985004,0.0,82903.70209185794,23686.772026245126,0.30999999999999994,183572.48320339966,183572.48320339966,183572.48320339966
F067,medium,8,2,beef,2152279.2644935227,12000.0,40000.0,25646.371697228475,0.0,322841.8896740284,64568.37793480568,0.31000000000000005,667206.5719929922,667206.5719929922,667206.5719929922
F067,medium,9,3,forestry,570046.5366244273,15000.0,45000.0,3842.43644254975,0.0,85506.98049366409,17101.396098732817,0.32000000000000006,182414.89171981678,182414.89171981678,182414.89171981678
F067,medium,9,3,soil,1425116.3415610683,8000.0,25000.0,9606.091106374375,0.0,228018.61464977093,28502.326831221366,0.32999999999999996,470288.39271515247,470288.39271515247,470288.39271515247
F067,medium,9,3,biodiversity,1642282.8604863286,10000.0,35000.0,11069.916413271842,0.0,229919.60046808602,65691.31441945315,0.30999999999999994,509107.68675076176,509107.68675076176,509107.68675076176
F067,medium,9,3,beef,3483617.723815945,12000.0,40000.0,23481.55603780403,0.0,522542.6585723917,104508.53171447835,0.31000000000000005,1079921.494382943,1079921.494382943,1079921.494382943
F067,medium,10,4,forestry,880721.8990847403,15000.0,45000.0,3862.416905080067,0.0,132108.28486271104,26421.65697254221,0.32000000000000006,281831.00770711695,281831.00770711695,281831.00770711695
F067,medium,10,4,soil,2935739.663615801,8000.0,25000.0,12874.723016933556,0.0,469718.34617852815,58714.79327231602,0.32999999999999996,968794.0889932142,968794.0889932142,968794.0889932142
F067,medium,10,4,biodiversity,2561961.262358673,10000.0,35000.0,11235.513162756393,0.0,358674.57673021423,102478.45049434692,0.30999999999999994,794207.9913311885,794207.9913311885,794207.9913311885
F067,medium,10,4,beef,4566706.143402358,12000.0,40000.0,20027.34691522998,0.0,685005.9215103536,137001.18430207073,0.31000000000000005,1415678.9044547311,1415678.9044547311,1415678.9044547311
F068,high,8,2,forestry,415082.4295808937,15000.0,45000.0,3337.9306855021987,0.0,62262.364437134056,12452.472887426811,0.32000000000000006,132826.377465886,132826.377465886,132826.377465886
F068,high,8,2,biodiversity,986948.8344268802,10000.0,35000.0,7936.6568292963275,0.0,138172.83681976324,39477.95337707521,0.30999999999999994,305954.1386723328,305954.1386723328,305954.1386723328
F068,high,8,2,beef,3074684.663562176,12000.0,40000.0,24725.412485201472,0.0,461202.6995343264,92240.53990686528,0.31000000000000005,953152.2457042746,953152.2457042746,953152.2457042746
F068,high,9,3,forestry,855069.804936641,15000.0,45000.0,3900.2546548217856,0.0,128260.47074049615,25652.09414809923,0.32000000000000006,273622.3375797252,273622.3375797252,273622.3375797252
F068,high,9,3,soil,2137674.5123416027,8000.0,25000.0,9750.636637054466,0.0,342027.92197465646,42753.49024683206,0.32999999999999996,705432.5890727288,705432.5890727288,705432.5890727288
F068,high,9,3,biodiversity,2463424.290729493,10000.0,35000.0,11236.488531402058,0.0,344879.40070212906,98536.97162917972,0.30999999999999994,763661.5301261427,763661.5301261427,763661.5301261427
F068,high,9,3,beef,5067080.325550465,12000.0,40000.0,23112.62017672169,0.0,760062.0488325697,152012.40976651394,0.31000000000000005,1570794.9009206444,1570794.9009206444,1570794.9009206444
F068,high,10,4,forestry,1321082.8486271105,15000.0,45000.0,3787.1718607518196,0.0,198162.42729406655,39632.48545881331,0.32000000000000006,422746.51156067546,422746.51156067546,422746.51156067546
F068,high,10,4,soil,4403609.495423702,8000.0,25000.0,12623.906202506067,0.0,704577.5192677922,88072.18990847403,0.32999999999999996,1453191.1334898213,1453191.1334898213,1453191.1334898213
F068,high,10,4,biodiversity,3842941.8935380075,10000.0,35000.0,11016.630347472965,0.0,538011.8650953211,153717.6757415203,0.30999999999999994,1191311.986996782,1191311.986996782,1191311.986996782
F068,high,10,4,beef,7176252.511060848,12000.0,40000.0,20572.29158926915,0.0,1076437.8766591272,215287.57533182544,0.31000000000000005,2224638.2784288633,2224638.2784288633,2224638.2784288633
F069,high,8,2,forestry,415082.4295808937,15000.0,45000.0,3337.9306855021987,0.0,62262.364437134056,12452.472887426811,0.32000000000000006,132826.377465886,132826.377465886,132826.377465886
F069,high,8,2,biodiversity,986948.8344268802,10000.0,35000.0,7936.6568292963275,0.0,138172.83681976324,39477.95337707521,0.30999999999999994,305954.1386723328,305954.1386723328,305954.1386723328
F069,high,8,2,beef,3074684.663562176,12000.0,40000.0,24725.412485201472,0.0,461202.6995343264,92240.53990686528,0.31000000000000005,953152.2457042746,953152.2457042746,953152.2457042746
F069,high,9,3,forestry,855069.804936641,15000.0,45000.0,3900.2546548217856,0.0,128260.47074049615,25652.09414809923,0.32000000000000006,273622.3375797252,273622.3375797252,273622.3375797252
F069,high,9,3,soil,2137674.5123416027,8000.0,25000.0,9750.636637054466,0.0,342027.92197465646,42753.49024683206,0.32999999999999996,705432.5890727288,705432.5890727288,705432.5890727288
F069,high,9,3,biodiversity,2463424.290729493,10000.0,35000.0,11236.488531402058,0.0,344879.40070212906,98536.97162917972,0.30999999999999994,763661.5301261427,763661.5301261427,763661.5301261427
F069,high,9,3,beef,5067080.325550465,12000.0,40000.0,23112.62017672169,0.0,760062.0488325697,152012.40976651394,0.31000000000000005,1570794.9009206444,1570794.9009206444,1570794.9009206444
F069,high,10,4,forestry,1321082.8486271105,15000.0,45000.0,3787.1718607518196,0.0,198162.42729406655,39632.48545881331,0.32000000000000006,422746.51156067546,422746.51156067546,422746.51156067546
F069,high,10,4,soil,4403609.495423702,8000.0,25000.0,12623.906202506067,0.0,704577.5192677922,88072.18990847403,0.32999999999999996,1453191.1334898213,1453191.1334898213,1453191.1334898213
F069,high,10,4,biodiversity,3842941.8935380075,10000.0,35000.0,11016.630347472965,0.0,538011.8650953211,153717.6757415203,0.30999999999999994,1191311.986996782,1191311.986996782,1191311.986996782
F069,high,10,4,beef,7176252.511060848,12000.0,40000.0,20572.29158926915,0.0,1076437.8766591272,215287.57533182544,0.31000000000000005,2224638.2784288633,2224638.2784288633,2224638.2784288633
F070,high,8,2,forestry,415082.4295808937,15000.0,45000.0,3337.9306855021987,0.0,62262.364437134056,12452.472887426811,0.32000000000000006,132826.377465886,132826.377465886,132826.377465886
F070,high,8,2,biodiversity,986948.8344268802,10000.0,35000.0,7936.6568292963275,0.0,138172.83681976324,39477.95337707521,0.30999999999999994,305954.1386723328,305954.1386723328,305954.1386723328
F070,high,8,2,beef,3074684.663562176,12000.0,40000.0,24725.412485201472,0.0,461202.6995343264,92240.53990686528,0.31000000000000005,953152.2457042746,953152.2457042746,953152.2457042746
F070,high,9,3,forestry,855069.804936641,15000.0,45000.0,3900.2546548217856,0.0,128260.47074049615,25652.09414809923,0.32000000000000006,273622.3375797252,273622.3375797252,273622.3375797252
F070,high,9,3,soil,2137674.5123416027,8000.0,25000.0,9750.636637054466,0.0,342027.92197465646,42753.49024683206,0.32999999999999996,705432.5890727288,705432.5890727288,705432.5890727288
F070,high,9,3,biodiversity,2463424.290729493,10000.0,35000.0,11236.488531402058,0.0,344879.40070212906,98536.97162917972,0.30999999999999994,763661.5301261427,763661.5301261427,763661.5301261427
F070,high,9,3,beef,5067080.325550465,12000.0,40000.0,23112.62017672169,0.0,760062.0488325697,152012.40976651394,0.31000000000000005,1570794.9009206444,1570794.9009206444,1570794.9009206444
F070,high,10,4,forestry,1321082.8486271105,15000.0,45000.0,3787.1718607518196,0.0,198162.42729406655,39632.48545881331,0.32000000000000006,422746.51156067546,422746.51156067546,422746.51156067546
F070,high,10,4,soil,4403609.495423702,8000.0,25000.0,12623.906202506067,0.0,704577.5192677922,88072.18990847403,0.32999999999999996,1453191.1334898213,1453191.1334898213,1453191.1334898213
F070,high,10,4,biodiversity,3842941.8935380075,10000.0,35000.0,11016.630347472965,0.0,538011.8650953211,153717.6757415203,0.30999999999999994,1191311.986996782,1191311.986996782,1191311.986996782
F070,high,10,4,beef,7176252.511060848,12000.0,40000.0,20572.29158926915,0.0,1076437.8766591272,215287.57533182544,0.31000000000000005,2224638.2784288633,2224638.2784288633,2224638.2784288633
F071,low,9,2,forestry,213767.45123416025,15000.0,45000.0,3485.6533957484085,0.0,32065.117685124038,6413.023537024807,0.32000000000000006,68405.5843949313,68405.5843949313,68405.5843949313
F071,low,9,2,biodiversity,410570.71512158215,10000.0,35000.0,6694.691820930047,0.0,57479.900117021505,16422.828604863287,0.30999999999999994,127276.92168769044,127276.92168769044,127276.92168769044
F071,low,9,2,beef,1583462.6017345204,12000.0,40000.0,25819.654783321545,0.0,237519.39026017804,47503.87805203561,0.31000000000000005,490873.40653770143,490873.40653770143,490873.40653770143
F071,low,10,3,forestry,366967.4579519751,15000.0,45000.0,3686.62336899289,0.0,55045.11869279626,11009.023738559254,0.32000000000000006,117429.58654463205,117429.58654463205,117429.58654463205
F071,low,10,3,soil,733934.9159039502,8000.0,25000.0,7373.24673798578,0.0,117429.58654463204,14678.698318079005,0.32999999999999996,242198.52224830355,242198.52224830355,242198.52224830355
F071,low,10,3,biodiversity,1067483.8593161136,10000.0,35000.0,10724.141491294109,0.0,149447.74030425592,42699.35437264455,0.30999999999999994,330919.99638799514,330919.99638799514,330919.99638799514
F071,low,10,3,beef,2609546.36765849,12000.0,40000.0,26215.98840172722,0.0,391431.95514877344,78286.3910297547,0.31000000000000005,808959.373974132,808959.373974132,808959.373974132
F072,low,9,2,forestry,213767.45123416025,15000.0,45000.0,3485.6533957484085,0.0,32065.117685124038,6413.023537024807,0.32000000000000006,68405.5843949313,68405.5843949313,68405.5843949313
F072,low,9,2,biodiversity,410570.71512158215,10000.0,35000.0,6694.691820930047,0.0,57479.900117021505,16422.828604863287,0.30999999999999994,127276.92168769044,127276.92168769044,127276.92168769044
F072,low,9,2,beef,1583462.6017345204,12000.0,40000.0,25819.654783321545,0.0,237519.39026017804,47503.87805203561,0.31000000000000005,490873.40653770143,490873.40653770143,490873.40653770143
F072,low,10,3,forestry,366967.4579519751,15000.0,45000.0,3686.62336899289,0.0,55045.11869279626,11009.023738559254,0.32000000000000006,117429.58654463205,117429.58654463205,117429.58654463205
F072,low,10,3,soil,733934.9159039502,8000.0,25000.0,7373.24673798578,0.0,117429.58654463204,14678.698318079005,0.32999999999999996,242198.52224830355,242198.52224830355,242198.52224830355
F072,low,10,3,biodiversity,1067483.8593161136,10000.0,35000.0,10724.141491294109,0.0,149447.74030425592,42699.35437264455,0.30999999999999994,330919.99638799514,330919.99638799514,330919.99638799514
F072,low,10,3,beef,2609546.36765849,12000.0,40000.0,26215.98840172722,0.0,391431.95514877344,78286.3910297547,0.31000000000000005,808959.373974132,808959.373974132,808959.373974132
F073,low,9,2,forestry,213767.45123416025,15000.0,45000.0,3485.6533957484085,0.0,32065.117685124038,6413.023537024807,0.32000000000000006,68405.5843949313,68405.5843949313,68405.5843949313
F073,low,9,2,biodiversity,410570.71512158215,10000.0,35000.0,6694.691820930047,0.0,57479.900117021505,16422.828604863287,0.30999999999999994,127276.92168769044,127276.92168769044,127276.92168769044
F073,low,9,2,beef,1583462.6017345204,12000.0,40000.0,25819.654783321545,0.0,237519.39026017804,47503.87805203561,0.31000000000000005,490873.40653770143,490873.40653770143,490873.40653770143
F073,low,10,3,forestry,366967.4579519751,15000.0,45000.0,3686.62336899289,0.0,55045.11869279626,11009.023738559254,0.32000000000000006,117429.58654463205,117429.58654463205,117429.58654463205
F073,low,10,3,soil,733934.9159039502,8000.0,25000.0,7373.24673798578,0.0,117429.58654463204,14678.698318079005,0.32999999999999996,242198.52224830355,242198.52224830355,242198.52224830355
F073,low,10,3,biodiversity,1067483.8593161136,10000.0,35000.0,10724.141491294109,0.0,149447.74030425592,42699.35437264455,0.30999999999999994,330919.99638799514,330919.99638799514,330919.99638799514
F073,low,10,3,beef,2609546.36765849,12000.0,40000.0,26215.98840172722,0.0,391431.95514877344,78286.3910297547,0.31000000000000005,808959.373974132,808959.373974132,808959.373974132
F074,low,9,2,forestry,213767.45123416025,15000.0,45000.0,3485.6533957484085,0.0,32065.117685124038,6413.023537024807,0.32000000000000006,68405.5843949313,68405.5843949313,68405.5843949313
F074,low,9,2,biodiversity,410570.71512158215,10000.0,35000.0,6694.691820930047,0.0,57479.900117021505,16422.828604863287,0.30999999999999994,127276.92168769044,127276.92168769044,127276.92168769044
F074,low,9,2,beef,1583462.6017345204,12000.0,40000.0,25819.654783321545,0.0,237519.39026017804,47503.87805203561,0.31000000000000005,490873.40653770143,490873.40653770143,490873.40653770143
F074,low,10,3,forestry,366967.4579519751,15000.0,45000.0,3686.62336899289,0.0,55045.11869279626,11009.023738559254,0.32000000000000006,117429.58654463205,117429.58654463205,117429.58654463205
F074,low,10,3,soil,733934.9159039502,8000.0,25000.0,7373.24673798578,0.0,117429.58654463204,14678.698318079005,0.32999999999999996,242198.52224830355,242198.52224830355,242198.52224830355
F074,low,10,3,biodiversity,1067483.8593161136,10000.0,35000.0,10724.141491294109,0.0,149447.74030425592,42699.35437264455,0.30999999999999994,330919.99638799514,330919.99638799514,330919.99638799514
F074,low,10,3,beef,2609546.36765849,12000.0,40000.0,26215.98840172722,0.0,391431.95514877344,78286.3910297547,0.31000000000000005,808959.373974132,808959.373974132,808959.373974132
F075,medium,9,2,forestry,285023.26831221365,15000.0,45000.0,3291.1277073961232,0.0,42753.49024683204,8550.698049366409,0.32000000000000006,91207.44585990839,91207.44585990839,91207.44585990839
F075,medium,9,2,biodiversity,615856.0726823732,10000.0,35000.0,7111.212346189581,0.0,86219.85017553226,24634.24290729493,0.30999999999999994,190915.38253153567,190915.38253153567,190915.38253153567
F075,medium,9,2,beef,2216847.6424283287,12000.0,40000.0,25597.659946414296,0.0,332527.1463642493,66505.42927284985,0.31000000000000005,687222.769152782,687222.769152782,687222.769152782
F075,medium,10,3,forestry,587147.9327231603,15000.0,45000.0,3833.852214484383,0.0,88072.18990847403,17614.437981694806,0.32000000000000006,187887.33847141132,187887.33847141132,187887.33847141132
F075,medium,10,3,soil,1467869.8318079005,8000.0,25000.0,9584.630536210956,0.0,234859.17308926408,29357.39663615801,0.32999999999999996,484397.0444966071,484397.0444966071,484397.0444966071
F075,medium,10,3,biodiversity,1707974.1749057819,10000.0,35000.0,11152.420383011213,0.0,239116.3844868095,68318.96699623128,0.30999999999999994,529471.9942207923,529471.9942207923,529471.9942207923
F075,medium,10,3,beef,3588126.255530424,12000.0,40000.0,23429.09686629345,0.0,538218.9383295636,107643.78766591272,0.31000000000000005,1112319.1392144316,1112319.1392144316,1112319.1392144316
F076,medium,9,2,forestry,285023.26831221365,15000.0,45000.0,3291.1277073961232,0.0,42753.49024683204,8550.698049366409,0.32000000000000006,91207.44585990839,91207.44585990839,91207.44585990839
F076,medium,9,2,biodiversity,615856.0726823732,10000.0,35000.0,7111.212346189581,0.0,86219.85017553226,24634.24290729493,0.30999999999999994,190915.38253153567,190915.38253153567,190915.38253153567
F076,medium,9,2,beef,2216847.6424283287,12000.0,40000.0,25597.659946414296,0.0,332527.1463642493,66505.42927284985,0.31000000000000005,687222.769152782,687222.769152782,687222.769152782
F076,medium,10,3,forestry,587147.9327231603,15000.0,45000.0,3833.852214484383,0.0,88072.18990847403,17614.437981694806,0.32000000000000006,187887.33847141132,187887.33847141132,187887.33847141132
F076,medium,10,3,soil,1467869.8318079005,8000.0,25000.0,9584.630536210956,0.0,234859.17308926408,29357.39663615801,0.32999999999999996,484397.0444966071,484397.0444966071,484397.0444966071
F076,medium,10,3,biodiversity,1707974.1749057819,10000.0,35000.0,11152.420383011213,0.0,239116.3844868095,68318.96699623128,0.30999999999999994,529471.9942207923,529471.9942207923,529471.9942207923
F076,medium,10,3,beef,3588126.255530424,12000.0,40000.0,23429.09686629345,0.0,538218.9383295636,107643.78766591272,0.31000000000000005,1112319.1392144316,1112319.1392144316,1112319.1392144316
F077,medium,9,2,forestry,285023.26831221365,15000.0,45000.0,3291.1277073961232,0.0,42753.49024683204,8550.698049366409,0.32000000000000006,91207.44585990839,91207.44585990839,91207.44585990839
F077,medium,9,2,biodiversity,615856.0726823732,10000.0,35000.0,7111.212346189581,0.0,86219.85017553226,24634.24290729493,0.30999999999999994,190915.38253153567,190915.38253153567,190915.38253153567
F077,medium,9,2,beef,2216847.6424283287,12000.0,40000.0,25597.659946414296,0.0,332527.1463642493,66505.42927284985,0.31000000000000005,687222.769152782,687222.769152782,687222.769152782
F077,medium,10,3,forestry,587147.9327231603,15000.0,45000.0,3833.852214484383,0.0,88072.18990847403,17614.437981694806,0.32000000000000006,187887.33847141132,187887.33847141132,187887.33847141132
F077,medium,10,3,soil,1467869.8318079005,8000.0,25000.0,9584.630536210956,0.0,234859.17308926408,29357.39663615801,0.32999999999999996,484397.0444966071,484397.0444966071,484397.0444966071
F077,medium,10,3,biodiversity,1707974.1749057819,10000.0,35000.0,11152.420383011213,0.0,239116.3844868095,68318.96699623128,0.30999999999999994,529471.9942207923,529471.9942207923,529471.9942207923
F077,medium,10,3,beef,3588126.255530424,12000.0,40000.0,23429.09686629345,0.0,538218.9383295636,107643.78766591272,0.31000000000000005,1112319.1392144316,1112319.1392144316,1112319.1392144316
F078,high,9,2,forestry,427534.9024683205,15000.0,45000.0,3330.801390033149,0.0,64130.235370248076,12826.047074049615,0.32000000000000006,136811.1687898626,136811.1687898626,136811.1687898626
F078,high,9,2,biodiversity,1026426.7878039555,10000.0,35000.0,7996.595720832413,0.0,143699.75029255377,41057.07151215822,0.30999999999999994,318192.3042192261,318192.3042192261,318192.3042192261
F078,high,9,2,beef,3166925.203469041,12000.0,40000.0,24672.602889134436,0.0,475038.7805203561,95007.75610407122,0.31000000000000005,981746.8130754029,981746.8130754029,981746.8130754029
F078,high,10,3,forestry,880721.8990847403,15000.0,45000.0,3891.4104418765737,0.0,132108.28486271104,26421.65697254221,0.32000000000000006,281831.00770711695,281831.00770711695,281831.00770711695
F078,high,10,3,soil,2201804.747711851,8000.0,25000.0,9728.526104691435,0.0,352288.7596338961,44036.094954237014,0.32999999999999996,726595.5667449107,726595.5667449107,726595.5667449107
F078,high,10,3,biodiversity,2561961.262358673,10000.0,35000.0,11319.853427496733,0.0,358674.57673021423,102478.45049434692,0.30999999999999994,794207.9913311885,794207.9913311885,794207.9913311885
F078,high,10,3,beef,5219092.73531698,12000.0,40000.0,23060.210025935252,0.0,782863.9102975469,156572.7820595094,0.31000000000000005,1617918.747948264,1617918.747948264,1617918.747948264
F079,high,9,2,forestry,427534.9024683205,15000.0,45000.0,3330.801390033149,0.0,64130.235370248076,12826.047074049615,0.32000000000000006,136811.1687898626,136811.1687898626,136811.1687898626
F079,high,9,2,biodiversity,1026426.7878039555,10000.0,35000.0,7996.595720832413,0.0,143699.75029255377,41057.07151215822,0.30999999999999994,318192.3042192261,318192.3042192261,318192.3042192261
F079,high,9,2,beef,3166925.203469041,12000.0,40000.0,24672.602889134436,0.0,475038.7805203561,95007.75610407122,0.31000000000000005,981746.8130754029,981746.8130754029,981746.8130754029
F079,high,10,3,forestry,880721.8990847403,15000.0,45000.0,3891.4104418765737,0.0,132108.28486271104,26421.65697254221,0.32000000000000006,281831.00770711695,281831.00770711695,281831.00770711695
F079,high,10,3,soil,2201804.747711851,8000.0,25000.0,9728.526104691435,0.0,352288.7596338961,44036.094954237014,0.32999999999999996,726595.5667449107,726595.5667449107,726595.5667449107
F079,high,10,3,biodiversity,2561961.262358673,10000.0,35000.0,11319.853427496733,0.0,358674.57673021423,102478.45049434692,0.30999999999999994,794207.9913311885,794207.9913311885,794207.9913311885
F079,high,10,3,beef,5219092.73531698,12000.0,40000.0,23060.210025935252,0.0,782863.9102975469,156572.7820595094,0.31000000000000005,1617918.747948264,1617918.747948264,1617918.747948264
F080,high,9,2,forestry,427534.9024683205,15000.0,45000.0,3330.801390033149,0.0,64130.235370248076,12826.047074049615,0.32000000000000006,136811.1687898626,136811.1687898626,136811.1687898626
F080,high,9,2,biodiversity,1026426.7878039555,10000.0,35000.0,7996.595720832413,0.0,143699.75029255377,41057.07151215822,0.30999999999999994,318192.3042192261,318192.3042192261,318192.3042192261
F080,high,9,2,beef,3166925.203469041,12000.0,40000.0,24672.602889134436,0.0,475038.7805203561,95007.75610407122,0.31000000000000005,981746.8130754029,981746.8130754029,981746.8130754029
F080,high,10,3,forestry,880721.8990847403,15000.0,45000.0,3891.4104418765737,0.0,132108.28486271104,26421.65697254221,0.32000000000000006,281831.00770711695,281831.00770711695,281831.00770711695
F080,high,10,3,soil,2201804.747711851,8000.0,25000.0,9728.526104691435,0.0,352288.7596338961,44036.094954237014,0.32999999999999996,726595.5667449107,726595.5667449107,726595.5667449107
F080,high,10,3,biodiversity,2561961.262358673,10000.0,35000.0,11319.853427496733,0.0,358674.57673021423,102478.45049434692,0.30999999999999994,794207.9913311885,794207.9913311885,794207.9913311885
F080,high,10,3,beef,5219092.73531698,12000.0,40000.0,23060.210025935252,0.0,782863.9102975469,156572.7820595094,0.31000000000000005,1617918.747948264,1617918.747948264,1617918.747948264
F081,low,10,2,forestry,220180.47477118508,15000.0,45000.0,3479.3714864085932,0.0,33027.07121567776,6605.414243135552,0.32000000000000006,70457.75192677924,70457.75192677924,70457.75192677924
F081,low,10,2,biodiversity,426993.54372644547,10000.0,35000.0,6747.506392046276,0.0,59779.09612170237,17079.74174905782,0.30999999999999994,132367.99855519808,132367.99855519808,132367.99855519808
F081,low,10,2,beef,1630966.4797865562,12000.0,40000.0,25773.122121545133,0.0,244644.9719679834,48928.99439359669,0.31000000000000005,505599.6087338325,505599.6087338325,505599.6087338325
F082,low,10,2,forestry,220180.47477118508,15000.0,45000.0,3479.3714864085932,0.0,33027.07121567776,6605.414243135552,0.32000000000000006,70457.75192677924,70457.75192677924,70457.75192677924
F082,low,10,2,biodiversity,426993.54372644547,10000.0,35000.0,6747.506392046276,0.0,59779.09612170237,17079.74174905782,0.30999999999999994,132367.99855519808,132367.99855519808,132367.99855519808
F082,low,10,2,beef,1630966.4797865562,12000.0,40000.0,25773.122121545133,0.0,244644.9719679834,48928.99439359669,0.31000000000000005,505599.6087338325,505599.6087338325,505599.6087338325
F083,low,10,2,forestry,220180.47477118508,15000.0,45000.0,3479.3714864085932,0.0,33027.07121567776,6605.414243135552,0.32000000000000006,70457.75192677924,70457.75192677924,70457.75192677924
F083,low,10,2,biodiversity,426993.54372644547,10000.0,35000.0,6747.506392046276,0.0,59779.09612170237,17079.74174905782,0.30999999999999994,132367.99855519808,132367.99855519808,132367.99855519808
F083,low,10,2,beef,1630966.4797865562,12000.0,40000.0,25773.122121545133,0.0,244644.9719679834,48928.99439359669,0.31000000000000005,505599.6087338325,505599.6087338325,505599.6087338325
F084,low,10,2,forestry,220180.47477118508,15000.0,45000.0,3479.3714864085932,0.0,33027.07121567776,6605.414243135552,0.32000000000000006,70457.75192677924,70457.75192677924,70457.75192677924
F084,low,10,2,biodiversity,426993.54372644547,10000.0,35000.0,6747.506392046276,0.0,59779.09612170237,17079.74174905782,0.30999999999999994,132367.99855519808,132367.99855519808,132367.99855519808
F084,low,10,2,beef,1630966.4797865562,12000.0,40000.0,25773.122121545133,0.0,244644.9719679834,48928.99439359669,0.31000000000000005,505599.6087338325,505599.6087338325,505599.6087338325
F085,medium,10,2,forestry,293573.9663615801,15000.0,45000.0,3284.8280553405016,0.0,44036.094954237014,8807.218990847403,0.32000000000000006,93943.66923570566,93943.66923570566,93943.66923570566
F085,medium,10,2,biodiversity,640490.3155896682,10000.0,35000.0,7166.509292011155,0.0,89668.64418255356,25619.61262358673,0.30999999999999994,198551.99783279712,198551.99783279712,198551.99783279712
F085,medium,10,2,beef,2283353.071701179,12000.0,40000.0,25548.662652648345,0.0,342502.9607551768,68500.59215103537,0.31000000000000005,707839.4522273656,707839.4522273656,707839.4522273656
F086,medium,10,2,forestry,293573.9663615801,15000.0,45000.0,3284.8280553405016,0.0,44036.094954237014,8807.218990847403,0.32000000000000006,93943.66923570566,93943.66923570566,93943.66923570566
F086,medium,10,2,biodiversity,640490.3155896682,10000.0,35000.0,7166.509292011155,0.0,89668.64418255356,25619.61262358673,0.30999999999999994,198551.99783279712,198551.99783279712,198551.99783279712
F086,medium,10,2,beef,2283353.071701179,12000.0,40000.0,25548.662652648345,0.0,342502.9607551768,68500.59215103537,0.31000000000000005,707839.4522273656,707839.4522273656,707839.4522273656
F087,medium,10,2,forestry,293573.9663615801,15000.0,45000.0,3284.8280553405016,0.0,44036.094954237014,8807.218990847403,0.32000000000000006,93943.66923570566,93943.66923570566,93943.66923570566
F087,medium,10,2,biodiversity,640490.3155896682,10000.0,35000.0,7166.509292011155,0.0,89668.64418255356,25619.61262358673,0.30999999999999994,198551.99783279712,198551.99783279712,198551.99783279712
F087,medium,10,2,beef,2283353.071701179,12000.0,40000.0,25548.662652648345,0.0,342502.9607551768,68500.59215103537,0.31000000000000005,707839.4522273656,707839.4522273656,707839.4522273656
F088,high,10,2,forestry,440360.94954237016,15000.0,45000.0,3323.63371066198,0.0,66054.14243135552,13210.828486271104,0.32000000000000006,140915.50385355848,140915.50385355848,140915.50385355848
F088,high,10,2,biodiversity,1067483.8593161136,10000.0,35000.0,8056.857321471498,0.0,149447.74030425592,42699.35437264455,0.30999999999999994,330919.99638799514,330919.99638799514,330919.99638799514
F088,high,10,2,beef,3261932.9595731124,12000.0,40000.0,24619.50896786652,0.0,489289.9439359668,97857.98878719338,0.31000000000000005,1011199.217467665,1011199.217467665,1011199.217467665
F089,high,10,2,forestry,440360.94954237016,15000.0,45000.0,3323.63371066198,0.0,66054.14243135552,13210.828486271104,0.32000000000000006,140915.50385355848,140915.50385355848,140915.50385355848
F089,high,10,2,biodiversity,1067483.8593161136,10000.0,35000.0,8056.857321471498,0.0,149447.74030425592,42699.35437264455,0.30999999999999994,330919.99638799514,330919.99638799514,330919.99638799514
F089,high,10,2,beef,3261932.9595731124,12000.0,40000.0,24619.50896786652,0.0,489289.9439359668,97857.98878719338,0.31000000000000005,1011199.217467665,1011199.217467665,1011199.217467665
F090,high,10,2,forestry,440360.94954237016,15000.0,45000.0,3323.63371066198,0.0,66054.14243135552,13210.828486271104,0.32000000000000006,140915.50385355848,140915.50385355848,140915.50385355848
F090,high,10,2,biodiversity,1067483.8593161136,10000.0,35000.0,8056.857321471498,0.0,149447.74030425592,42699.35437264455,0.30999999999999994,330919.99638799514,330919.99638799514,330919.99638799514
F090,high,10,2,beef,3261932.9595731124,12000.0,40000.0,24619.50896786652,0.0,489289.9439359668,97857.98878719338,0.31000000000000005,1011199.217467665,1011199.217467665,1011199.217467665
