year,farms_acquired,capital_raised,new_tokens,funding_source
1,10,140000000.0,140000000.0,initial_raise
2,10,140000000.0,134615384.6153846,equity
3,10,134371286.0525,121804089.2131558,mixed
4,10,120011194.07794999,98815331.9526664,mixed
5,10,96517466.294417,70061030.62577225,mixed
6,10,63603681.183559656,39668455.58717734,mixed
7,10,21488107.506273463,11260532.87402651,mixed
8,10,0.0,0.0,treasury
9,10,0.0,0.0,treasury
10,10,0.0,0.0,treasury
